id_persona_cargo,n_titulares,id_afiliado_titular,estado_relacion
149139,1,206257,Titular único
157554,1,802720,Titular único
172634,1,800493,Titular único
196315,1,208593,Titular único
227861,1,795722,Titular único
245147,1,804186,Titular único
250679,1,403825,Titular único
251614,1,795204,Titular único
251763,1,790598,Titular único
251998,1,805057,Titular único
254987,1,797076,Titular único
284023,1,798254,Titular único
295888,1,984295,Titular único
295918,1,112220,Titular único
297349,1,520250,Titular único
297538,1,797213,Titular único
300214,1,795750,Titular único
1501175,1,516910,Titular único
2251635,1,795547,Titular único
10000004,1,524363,Titular único
10000005,1,527569,Titular único
10000008,2,,Múltiples titulares
10000013,1,798612,Titular único
10000014,1,798984,Titular único
10000030,1,523221,Titular único
10000034,2,,Múltiples titulares
10000037,1,522875,Titular único
10000041,1,531677,Titular único
10000044,1,530095,Titular único
10000046,1,521698,Titular único
10000049,1,796067,Titular único
10000063,1,793009,Titular único
10000064,1,792589,Titular único
10000070,1,524727,Titular único
10000071,1,395665,Titular único
10000078,1,797029,Titular único
10000079,3,,Múltiples titulares
10000081,1,750007,Titular único
10000164,1,114806,Titular único
10000173,1,528098,Titular único
10000176,1,193948,Titular único
10000178,1,799912,Titular único
10000180,1,32562,Titular único
10000181,1,800118,Titular único
10000187,2,,Múltiples titulares
10000188,2,,Múltiples titulares
10000191,2,,Múltiples titulares
10000194,1,797313,Titular único
10000198,1,796940,Titular único
10000201,1,523616,Titular único
10000202,1,142738,Titular único
10000204,1,522403,Titular único
10000206,1,801227,Titular único
10000207,3,,Múltiples titulares
10000208,1,793886,Titular único
10000210,1,794843,Titular único
10000211,2,,Múltiples titulares
10000212,1,795750,Titular único
10000316,1,798997,Titular único
10000325,1,519645,Titular único
10000339,1,931529,Titular único
10000341,2,,Múltiples titulares
10000342,1,530381,Titular único
10000343,3,,Múltiples titulares
10000355,1,521027,Titular único
10000357,1,520848,Titular único
10000358,1,527491,Titular único
10000361,2,,Múltiples titulares
10000362,3,,Múltiples titulares
10000365,1,191996,Titular único
10000366,1,517284,Titular único
10000367,2,,Múltiples titulares
10000396,1,793538,Titular único
10000462,1,795228,Titular único
10000470,1,103862,Titular único
10000475,2,,Múltiples titulares
10000477,1,76925,Titular único
10000479,1,524452,Titular único
10000481,2,,Múltiples titulares
10000482,2,,Múltiples titulares
10000486,1,721354,Titular único
10000487,1,194248,Titular único
10000489,1,798796,Titular único
10000492,1,796067,Titular único
10000493,2,,Múltiples titulares
10000494,3,,Múltiples titulares
10000495,1,793255,Titular único
10000496,1,529617,Titular único
10000497,1,528561,Titular único
10000499,2,,Múltiples titulares
10000500,1,523067,Titular único
10000617,1,396679,Titular único
10000620,2,,Múltiples titulares
10000629,1,792395,Titular único
10000632,1,207236,Titular único
10000635,1,796987,Titular único
10000638,1,823911,Titular único
10000648,1,796465,Titular único
10000649,1,58739,Titular único
10000650,1,211914,Titular único
10000651,1,807641,Titular único
10000654,1,525364,Titular único
10000655,1,801239,Titular único
10000660,1,518007,Titular único
10000663,1,521143,Titular único
10000664,1,807364,Titular único
10000665,1,77874,Titular único
10000666,1,162788,Titular único
10000764,1,523675,Titular único
10000766,1,794995,Titular único
10000768,2,,Múltiples titulares
10000769,2,,Múltiples titulares
10000770,1,523172,Titular único
10000771,2,,Múltiples titulares
10000773,3,,Múltiples titulares
10000776,3,,Múltiples titulares
10000777,1,528135,Titular único
10000779,1,527842,Titular único
10000780,1,388888,Titular único
10000782,3,,Múltiples titulares
10000783,2,,Múltiples titulares
10000784,1,395294,Titular único
10001171,1,526361,Titular único
10001175,1,131956,Titular único
10001178,1,176533,Titular único
10001179,1,526240,Titular único
10001187,1,397793,Titular único
10001193,1,525333,Titular único
10001195,1,527574,Titular único
10001197,1,860040,Titular único
10001200,1,798766,Titular único
10001202,1,807922,Titular único
10001204,1,802168,Titular único
10001205,1,30047,Titular único
10001206,2,,Múltiples titulares
10001211,1,798314,Titular único
10001212,1,527579,Titular único
10001213,1,807292,Titular único
10001221,1,531322,Titular único
10001224,1,798390,Titular único
10001226,1,211821,Titular único
10001230,1,934442,Titular único
10001243,1,404335,Titular único
10001244,1,798275,Titular único
10001248,2,,Múltiples titulares
10001251,2,,Múltiples titulares
10001255,1,496098,Titular único
10001259,1,798331,Titular único
10001260,1,799761,Titular único
10001263,1,58864,Titular único
10001272,2,,Múltiples titulares
10001275,1,10123272,Titular único
10001277,1,922769,Titular único
10001280,1,527629,Titular único
10001286,1,801490,Titular único
10001287,1,10323630,Titular único
10001289,1,117959,Titular único
10001290,1,792159,Titular único
10001296,2,,Múltiples titulares
10001297,2,,Múltiples titulares
10001299,1,531324,Titular único
10001302,2,,Múltiples titulares
10001309,2,,Múltiples titulares
10001310,1,527720,Titular único
10001311,1,522260,Titular único
10001312,1,524694,Titular único
10001313,1,802318,Titular único
10001315,1,527589,Titular único
10001318,1,10123197,Titular único
10001319,1,526957,Titular único
10001322,2,,Múltiples titulares
10001324,1,524653,Titular único
10001329,1,804342,Titular único
10001331,1,807267,Titular único
10001333,1,799934,Titular único
10001336,1,10305335,Titular único
10001339,1,10123189,Titular único
10001343,1,528407,Titular único
10001346,1,520303,Titular único
10001348,1,799919,Titular único
10001358,1,397209,Titular único
10001363,1,793350,Titular único
10001366,1,798288,Titular único
10001369,1,910145,Titular único
10001372,3,,Múltiples titulares
10001396,1,796410,Titular único
10001398,1,519387,Titular único
10001400,3,,Múltiples titulares
10001430,1,516907,Titular único
10001431,2,,Múltiples titulares
10001432,1,60245,Titular único
10001433,1,31731,Titular único
10001458,1,520847,Titular único
10001459,1,520573,Titular único
10001460,1,516568,Titular único
10001461,1,518583,Titular único
10001463,1,807450,Titular único
10001483,2,,Múltiples titulares
10001485,1,523366,Titular único
10001487,3,,Múltiples titulares
10001488,1,805027,Titular único
10001489,1,794243,Titular único
10001491,3,,Múltiples titulares
10001492,2,,Múltiples titulares
10001493,2,,Múltiples titulares
10001494,4,,Múltiples titulares
10001495,2,,Múltiples titulares
10001496,4,,Múltiples titulares
10001497,1,795557,Titular único
10001500,1,793676,Titular único
10001501,4,,Múltiples titulares
10001503,1,355149,Titular único
10001507,1,166956,Titular único
10001508,2,,Múltiples titulares
10001550,1,519931,Titular único
10001555,1,520383,Titular único
10001558,2,,Múltiples titulares
10001564,2,,Múltiples titulares
10001566,2,,Múltiples titulares
10001574,1,523659,Titular único
10001578,1,796440,Titular único
10001579,1,744232,Titular único
10001580,3,,Múltiples titulares
10001581,2,,Múltiples titulares
10001583,1,527728,Titular único
10001587,2,,Múltiples titulares
10001589,1,795646,Titular único
10001591,2,,Múltiples titulares
10001595,1,798518,Titular único
10001596,1,796191,Titular único
10001600,1,802729,Titular único
10001601,1,528428,Titular único
10001602,1,396519,Titular único
10001603,1,771857,Titular único
10001606,1,366675,Titular único
10001607,1,799100,Titular único
10001610,1,794816,Titular único
10001611,1,794993,Titular único
10001614,2,,Múltiples titulares
10001615,3,,Múltiples titulares
10001616,1,527901,Titular único
10001619,1,528512,Titular único
10001625,1,798380,Titular único
10001630,2,,Múltiples titulares
10001631,3,,Múltiples titulares
10001632,2,,Múltiples titulares
10001635,1,524786,Titular único
10001637,1,795762,Titular único
10001638,1,780382,Titular único
10001659,1,525136,Titular único
10001779,1,407620,Titular único
10001787,1,793909,Titular único
10001788,1,153480,Titular único
10001791,1,519847,Titular único
10001793,1,521602,Titular único
10001795,1,791585,Titular único
10001798,1,800031,Titular único
10001801,5,,Múltiples titulares
10001802,1,521473,Titular único
10001804,1,519502,Titular único
10001807,2,,Múltiples titulares
10001808,1,519395,Titular único
10001809,2,,Múltiples titulares
10001810,1,795111,Titular único
10001812,2,,Múltiples titulares
10001813,2,,Múltiples titulares
10001814,1,914861,Titular único
10001815,1,530013,Titular único
10001816,1,519129,Titular único
10001817,1,795684,Titular único
10001821,2,,Múltiples titulares
10001822,2,,Múltiples titulares
10001824,1,807699,Titular único
10001825,1,421177,Titular único
10001826,4,,Múltiples titulares
10001827,1,795907,Titular único
10001829,1,521517,Titular único
10001830,2,,Múltiples titulares
10001831,1,803531,Titular único
10001832,1,800904,Titular único
10001833,3,,Múltiples titulares
10001835,1,798672,Titular único
10001837,1,526209,Titular único
10001840,2,,Múltiples titulares
10001841,5,,Múltiples titulares
10001842,2,,Múltiples titulares
10001843,3,,Múltiples titulares
10001846,4,,Múltiples titulares
10001848,3,,Múltiples titulares
10001849,1,794620,Titular único
10001850,2,,Múltiples titulares
10001852,1,113497,Titular único
10001853,2,,Múltiples titulares
10001855,1,794202,Titular único
10001856,1,280832,Titular único
10001858,1,523369,Titular único
10001859,1,912871,Titular único
10001860,1,800820,Titular único
10001861,1,524159,Titular único
10001920,1,782959,Titular único
10002061,1,439278,Titular único
10002078,1,721996,Titular único
10002131,2,,Múltiples titulares
10002132,2,,Múltiples titulares
10002133,1,801221,Titular único
10002136,1,798086,Titular único
10002141,1,529570,Titular único
10002143,1,798034,Titular único
10002150,1,735455,Titular único
10002155,1,206270,Titular único
10002168,1,799134,Titular único
10002173,1,796339,Titular único
10002183,1,805428,Titular único
10002187,2,,Múltiples titulares
10002194,1,801751,Titular único
10002195,1,800650,Titular único
10002197,1,523320,Titular único
10002198,3,,Múltiples titulares
10002206,1,523769,Titular único
10002212,1,797067,Titular único
10002231,1,794921,Titular único
10002232,1,796346,Titular único
10002236,2,,Múltiples titulares
10002237,1,799707,Titular único
10002239,1,530913,Titular único
10002244,1,799043,Titular único
10002246,1,804903,Titular único
10002247,1,794106,Titular único
10002257,1,519452,Titular único
10002262,1,551507,Titular único
10002265,1,793803,Titular único
10002268,2,,Múltiples titulares
10002269,1,523219,Titular único
10002270,1,417696,Titular único
10002273,1,804151,Titular único
10002275,1,375106,Titular único
10002276,1,521090,Titular único
10002278,1,528811,Titular único
10002280,1,527528,Titular único
10002360,1,121906,Titular único
10002362,1,800204,Titular único
10002363,3,,Múltiples titulares
10002365,1,801795,Titular único
10002378,1,804712,Titular único
10002385,1,59345,Titular único
10002394,1,530292,Titular único
10002397,1,520716,Titular único
10002400,2,,Múltiples titulares
10002401,1,526234,Titular único
10002404,1,793464,Titular único
10002411,1,795221,Titular único
10002415,2,,Múltiples titulares
10002416,1,111870,Titular único
10002417,2,,Múltiples titulares
10002418,1,519150,Titular único
10002423,2,,Múltiples titulares
10002485,1,805136,Titular único
10002487,1,795836,Titular único
10002488,1,194459,Titular único
10002494,1,525335,Titular único
10002498,1,527496,Titular único
10002511,1,797519,Titular único
10002513,1,166496,Titular único
10002515,1,114113,Titular único
10002516,1,517755,Titular único
10002520,2,,Múltiples titulares
10002522,2,,Múltiples titulares
10002523,1,527084,Titular único
10002524,1,517525,Titular único
10002530,1,798043,Titular único
10002531,1,795581,Titular único
10002533,1,57846,Titular único
10002536,1,523964,Titular único
10002537,1,523764,Titular único
10002538,1,799113,Titular único
10002539,1,398021,Titular único
10002542,1,59717,Titular único
10002544,1,519344,Titular único
10002547,1,522948,Titular único
10002549,1,797705,Titular único
10002552,5,,Múltiples titulares
10002554,1,802786,Titular único
10002556,3,,Múltiples titulares
10002557,2,,Múltiples titulares
10002559,1,522152,Titular único
10002560,1,113651,Titular único
10002561,1,521104,Titular único
10002562,1,522201,Titular único
10002564,2,,Múltiples titulares
10002565,1,10135775,Titular único
10002567,1,522627,Titular único
10002568,1,519540,Titular único
10002569,2,,Múltiples titulares
10002571,1,527100,Titular único
10002572,2,,Múltiples titulares
10002575,1,30788,Titular único
10002576,2,,Múltiples titulares
10002577,1,797661,Titular único
10002580,1,796083,Titular único
10002581,1,521688,Titular único
10002644,1,520343,Titular único
10002684,1,523556,Titular único
10002686,1,108833,Titular único
10002695,1,796117,Titular único
10002696,1,524995,Titular único
10002697,1,267750,Titular único
10002699,1,792341,Titular único
10002703,1,525569,Titular único
10002704,1,519833,Titular único
10002705,2,,Múltiples titulares
10002706,1,517853,Titular único
10002707,1,794251,Titular único
10002709,1,797540,Titular único
10002710,2,,Múltiples titulares
10002713,1,528410,Titular único
10002714,3,,Múltiples titulares
10002715,1,798575,Titular único
10002716,1,796146,Titular único
10002717,2,,Múltiples titulares
10002719,2,,Múltiples titulares
10002720,1,800189,Titular único
10002721,1,522128,Titular único
10002722,1,58859,Titular único
10002723,1,742700,Titular único
10002724,3,,Múltiples titulares
10002726,3,,Múltiples titulares
10002727,3,,Múltiples titulares
10002729,2,,Múltiples titulares
10002731,1,240411,Titular único
10002732,1,521823,Titular único
10002734,1,796838,Titular único
10002735,1,161130,Titular único
10002736,2,,Múltiples titulares
10002737,1,524941,Titular único
10002738,2,,Múltiples titulares
10002739,2,,Múltiples titulares
10002740,1,799886,Titular único
10002741,1,795684,Titular único
10002743,1,802259,Titular único
10002744,1,801874,Titular único
10002745,3,,Múltiples titulares
10002747,3,,Múltiples titulares
10002834,2,,Múltiples titulares
10002835,1,395312,Titular único
10002840,1,518330,Titular único
10002842,1,518580,Titular único
10002843,3,,Múltiples titulares
10002844,3,,Múltiples titulares
10002846,2,,Múltiples titulares
10002847,1,355224,Titular único
10002848,1,521576,Titular único
10002851,1,799944,Titular único
10002852,3,,Múltiples titulares
10002853,2,,Múltiples titulares
10002854,1,528871,Titular único
10002855,1,792633,Titular único
10002856,2,,Múltiples titulares
10002858,2,,Múltiples titulares
10002859,1,797884,Titular único
10002860,2,,Múltiples titulares
10002861,2,,Múltiples titulares
10002862,2,,Múltiples titulares
10002863,3,,Múltiples titulares
10002865,1,522299,Titular único
10002866,3,,Múltiples titulares
10002867,2,,Múltiples titulares
10002868,3,,Múltiples titulares
10002870,1,793846,Titular único
10002871,1,524216,Titular único
10002873,2,,Múltiples titulares
10002874,2,,Múltiples titulares
10002875,2,,Múltiples titulares
10002876,1,794545,Titular único
10002877,2,,Múltiples titulares
10002880,2,,Múltiples titulares
10002881,1,531602,Titular único
10002882,1,800191,Titular único
10002883,2,,Múltiples titulares
10002884,2,,Múltiples titulares
10002886,1,355175,Titular único
10002888,1,210875,Titular único
10002891,2,,Múltiples titulares
10003197,1,790557,Titular único
10003198,2,,Múltiples titulares
10003208,3,,Múltiples titulares
10003210,1,795531,Titular único
10003227,1,798469,Titular único
10003228,1,791251,Titular único
10003234,1,931516,Titular único
10003239,1,800151,Titular único
10003240,1,194561,Titular único
10003242,1,840711,Titular único
10003246,1,791354,Titular único
10003248,1,523245,Titular único
10003252,1,517486,Titular único
10003254,1,206599,Titular único
10003257,1,801381,Titular único
10003258,2,,Múltiples titulares
10003260,1,397641,Titular único
10003267,2,,Múltiples titulares
10003268,1,529816,Titular único
10003271,1,930624,Titular único
10003272,2,,Múltiples titulares
10003278,1,525303,Titular único
10003279,1,524859,Titular único
10003280,1,787342,Titular único
10003281,1,551528,Titular único
10003283,1,206862,Titular único
10003286,2,,Múltiples titulares
10003295,1,527640,Titular único
10003298,1,136180,Titular único
10003299,1,933918,Titular único
10003302,1,523234,Titular único
10003304,1,529818,Titular único
10003307,2,,Múltiples titulares
10003308,1,397553,Titular único
10003309,1,59916,Titular único
10003326,1,395302,Titular único
10003345,1,793208,Titular único
10003346,2,,Múltiples titulares
10003348,1,796029,Titular único
10003352,1,10323766,Titular único
10003353,2,,Múltiples titulares
10003357,1,796883,Titular único
10003360,1,804703,Titular único
10003362,1,797989,Titular único
10003365,1,793996,Titular único
10003366,1,797097,Titular único
10003367,1,525552,Titular único
10003369,1,521490,Titular único
10003370,2,,Múltiples titulares
10003372,1,669953,Titular único
10003376,1,521722,Titular único
10003381,2,,Múltiples titulares
10003384,1,797812,Titular único
10003387,1,516603,Titular único
10003394,1,795020,Titular único
10003470,1,795954,Titular único
10003491,1,524405,Titular único
10003493,2,,Múltiples titulares
10003495,1,797154,Titular único
10003497,1,397504,Titular único
10003501,2,,Múltiples titulares
10003502,2,,Múltiples titulares
10003504,2,,Múltiples titulares
10003505,1,802621,Titular único
10003506,2,,Múltiples titulares
10003507,1,791295,Titular único
10003511,1,114109,Titular único
10003512,1,193896,Titular único
10003514,1,524406,Titular único
10003516,2,,Múltiples titulares
10003520,3,,Múltiples titulares
10003521,1,101749,Titular único
10003525,1,193460,Titular único
10003527,2,,Múltiples titulares
10003529,2,,Múltiples titulares
10003530,1,795994,Titular único
10003533,1,10342842,Titular único
10003534,1,799401,Titular único
10003535,2,,Múltiples titulares
10003536,1,10101713,Titular único
10003538,1,803628,Titular único
10003541,1,795918,Titular único
10003543,1,800654,Titular único
10003544,1,807637,Titular único
10003546,1,528360,Titular único
10003620,1,796425,Titular único
10003623,1,796858,Titular único
10003635,1,518893,Titular único
10003636,1,522501,Titular único
10003637,1,41367,Titular único
10003642,1,10153979,Titular único
10003643,4,,Múltiples titulares
10003644,2,,Múltiples titulares
10003645,2,,Múltiples titulares
10003647,5,,Múltiples titulares
10003648,1,799205,Titular único
10003649,1,523327,Titular único
10003650,2,,Múltiples titulares
10003651,2,,Múltiples titulares
10003652,1,797950,Titular único
10003653,2,,Múltiples titulares
10003654,1,793880,Titular único
10003657,2,,Múltiples titulares
10003658,2,,Múltiples titulares
10003659,1,528800,Titular único
10003661,1,407741,Titular único
10003664,1,516396,Titular único
10003717,1,193423,Titular único
10003721,1,794289,Titular único
10003722,3,,Múltiples titulares
10003724,3,,Múltiples titulares
10003725,1,397774,Titular único
10003726,2,,Múltiples titulares
10003727,1,804070,Titular único
10003728,2,,Múltiples titulares
10003729,3,,Múltiples titulares
10003730,1,516883,Titular único
10003753,1,802357,Titular único
10003761,1,524891,Titular único
10003763,1,108832,Titular único
10003778,1,790501,Titular único
10003779,1,799681,Titular único
10003781,1,395459,Titular único
10003783,1,42865,Titular único
10003784,2,,Múltiples titulares
10003785,1,799160,Titular único
10003787,1,521131,Titular único
10003793,3,,Múltiples titulares
10003794,1,527942,Titular único
10003796,1,522678,Titular único
10003798,2,,Múltiples titulares
10003800,1,790498,Titular único
10003802,1,378988,Titular único
10003805,1,793125,Titular único
10003806,1,530509,Titular único
10003809,1,790513,Titular único
10003810,2,,Múltiples titulares
10003812,2,,Múltiples titulares
10003813,1,466700,Titular único
10003815,1,527569,Titular único
10003816,1,122363,Titular único
10003817,2,,Múltiples titulares
10003819,1,792749,Titular único
10003820,1,910167,Titular único
10003821,1,794809,Titular único
10003822,2,,Múltiples titulares
10003824,1,523558,Titular único
10003829,1,521875,Titular único
10003831,1,527050,Titular único
10003835,1,519834,Titular único
10003839,1,207745,Titular único
10003841,1,796234,Titular único
10003843,1,795553,Titular único
10003844,1,42076,Titular único
10003845,1,529189,Titular único
10003904,1,3084,Titular único
10004020,1,787485,Titular único
10004069,1,92623,Titular único
10004096,1,716396,Titular único
10004099,1,716976,Titular único
10004101,1,432208,Titular único
10004103,1,428951,Titular único
10004107,1,432204,Titular único
10004111,1,792478,Titular único
10004129,1,716251,Titular único
10004174,1,793225,Titular único
10004347,1,530329,Titular único
10004518,1,529878,Titular único
10004543,2,,Múltiples titulares
10004544,1,397453,Titular único
10004545,1,50467,Titular único
10004549,1,87111,Titular único
10004552,1,793628,Titular único
10004555,1,721323,Titular único
10004556,1,110507,Titular único
10004558,1,796062,Titular único
10004561,1,795539,Titular único
10004562,3,,Múltiples titulares
10004564,1,793872,Titular único
10004580,1,647414,Titular único
10004581,1,800076,Titular único
10004584,1,523581,Titular único
10004585,1,529883,Titular único
10004586,1,259909,Titular único
10004587,2,,Múltiples titulares
10004595,1,530623,Titular único
10004596,2,,Múltiples titulares
10004598,2,,Múltiples titulares
10004602,1,10207155,Titular único
10004606,2,,Múltiples titulares
10004608,1,522536,Titular único
10004616,1,397810,Titular único
10004618,2,,Múltiples titulares
10004619,1,395480,Titular único
10004620,1,798706,Titular único
10004621,1,193465,Titular único
10004627,2,,Múltiples titulares
10004630,1,139543,Titular único
10004631,1,799552,Titular único
10004632,1,29846,Titular único
10004633,1,222388,Titular único
10004645,1,526994,Titular único
10004648,2,,Múltiples titulares
10004649,1,529675,Titular único
10004657,1,798250,Titular único
10004658,1,40991,Titular único
10004670,1,113883,Titular único
10004673,1,527530,Titular único
10004686,2,,Múltiples titulares
10004688,1,395318,Titular único
10004691,2,,Múltiples titulares
10004692,1,194183,Titular único
10004694,1,10265512,Titular único
10004696,1,518349,Titular único
10004697,1,796137,Titular único
10004698,1,807220,Titular único
10004699,1,516132,Titular único
10004703,1,396935,Titular único
10004704,2,,Múltiples titulares
10004705,2,,Múltiples titulares
10004712,1,523721,Titular único
10004715,2,,Múltiples titulares
10004717,2,,Múltiples titulares
10004719,1,798569,Titular único
10004721,1,518730,Titular único
10004722,1,265595,Titular único
10004723,1,529086,Titular único
10004725,1,796006,Titular único
10004726,2,,Múltiples titulares
10004727,2,,Múltiples titulares
10004734,1,934492,Titular único
10004737,1,525578,Titular único
10004738,1,519812,Titular único
10004739,1,352202,Titular único
10004741,1,527920,Titular único
10004743,1,112327,Titular único
10004745,2,,Múltiples titulares
10004747,3,,Múltiples titulares
10004921,2,,Múltiples titulares
10004924,2,,Múltiples titulares
10004926,2,,Múltiples titulares
10004927,2,,Múltiples titulares
10004928,1,796046,Titular único
10004929,1,801236,Titular único
10004930,2,,Múltiples titulares
10004931,1,113234,Titular único
10004934,2,,Múltiples titulares
10004936,1,396361,Titular único
10004938,2,,Múltiples titulares
10004940,1,524450,Titular único
10004943,2,,Múltiples titulares
10004944,1,522845,Titular único
10004945,2,,Múltiples titulares
10004947,2,,Múltiples titulares
10004948,2,,Múltiples titulares
10005021,1,84054,Titular único
10005022,2,,Múltiples titulares
10005023,4,,Múltiples titulares
10005026,2,,Múltiples titulares
10005028,2,,Múltiples titulares
10005029,2,,Múltiples titulares
10005030,4,,Múltiples titulares
10005031,1,794969,Titular único
10005032,3,,Múltiples titulares
10005036,1,798373,Titular único
10005046,1,791217,Titular único
10005047,1,794319,Titular único
10005049,1,523024,Titular único
10005054,3,,Múltiples titulares
10005055,1,794457,Titular único
10005056,3,,Múltiples titulares
10005058,1,527385,Titular único
10005059,1,520977,Titular único
10005060,1,795571,Titular único
10005061,1,519603,Titular único
10005063,1,794697,Titular único
10005064,2,,Múltiples titulares
10005065,1,521876,Titular único
10005067,1,795361,Titular único
10005068,1,525373,Titular único
10005088,1,793866,Titular único
10005120,1,111870,Titular único
10005128,1,529814,Titular único
10005140,1,396987,Titular único
10005142,1,397593,Titular único
10005143,1,59138,Titular único
10005144,1,524469,Titular único
10005149,1,793992,Titular único
10005153,1,805026,Titular único
10005154,1,791366,Titular único
10005155,1,59468,Titular único
10005157,1,396540,Titular único
10005158,1,419290,Titular único
10005159,2,,Múltiples titulares
10005161,1,524706,Titular único
10005163,1,174462,Titular único
10005165,1,517668,Titular único
10005167,1,527830,Titular único
10005170,1,523274,Titular único
10005171,1,527144,Titular único
10005175,2,,Múltiples titulares
10005179,1,115106,Titular único
10005181,2,,Múltiples titulares
10005184,1,530319,Titular único
10005185,1,791281,Titular único
10005186,2,,Múltiples titulares
10005188,1,112206,Titular único
10005191,1,526633,Titular único
10005192,1,524807,Titular único
10005193,1,529840,Titular único
10005195,1,397607,Titular único
10005198,1,139251,Titular único
10005199,1,797374,Titular único
10005201,1,390196,Titular único
10005202,2,,Múltiples titulares
10005204,1,521880,Titular único
10005211,1,791340,Titular único
10005213,1,396991,Titular único
10005214,1,791346,Titular único
10005215,1,797336,Titular único
10005218,1,800615,Titular único
10005220,1,523088,Titular único
10005227,2,,Múltiples titulares
10005229,2,,Múltiples titulares
10005339,1,925139,Titular único
10005357,1,219803,Titular único
10005487,1,716963,Titular único
10005566,1,716740,Titular único
10005678,1,10354158,Titular único
10005692,1,10160072,Titular único
10005715,1,524174,Titular único
10005719,1,528482,Titular único
10005723,1,528641,Titular único
10005724,1,528621,Titular único
10005738,1,523494,Titular único
10005743,2,,Múltiples titulares
10005746,2,,Múltiples titulares
10005748,2,,Múltiples titulares
10005749,1,10207354,Titular único
10005753,2,,Múltiples titulares
10005754,1,860429,Titular único
10005764,1,524578,Titular único
10005773,1,528246,Titular único
10005777,1,194412,Titular único
10005782,1,525318,Titular único
10005787,2,,Múltiples titulares
10005788,1,521112,Titular único
10005789,2,,Múltiples titulares
10005791,1,194334,Titular único
10005793,2,,Múltiples titulares
10005796,3,,Múltiples titulares
10005798,1,521316,Titular único
10005799,1,520086,Titular único
10005806,1,794303,Titular único
10005871,1,529356,Titular único
10005876,1,528071,Titular único
10005878,1,799136,Titular único
10005883,1,521992,Titular único
10005884,1,517054,Titular único
10005885,1,527668,Titular único
10005888,1,396444,Titular único
10005889,1,193200,Titular único
10005892,1,718500,Titular único
10005894,3,,Múltiples titulares
10005896,1,794504,Titular único
10005897,2,,Múltiples titulares
10005899,1,527098,Titular único
10005900,1,750338,Titular único
10005901,2,,Múltiples titulares
10005903,1,793220,Titular único
10005905,1,303433,Titular único
10005908,1,799095,Titular único
10005909,3,,Múltiples titulares
10005910,1,529581,Titular único
10005911,1,793562,Titular único
10005912,2,,Múltiples titulares
10005913,2,,Múltiples titulares
10005916,2,,Múltiples titulares
10005917,1,796444,Titular único
10005920,1,528347,Titular único
10005921,1,804204,Titular único
10005923,1,192904,Titular único
10005924,2,,Múltiples titulares
10005925,1,10324119,Titular único
10005926,1,799890,Titular único
10005928,1,798435,Titular único
10005929,1,799136,Titular único
10005930,3,,Múltiples titulares
10005931,1,194875,Titular único
10005933,1,794465,Titular único
10005934,1,531325,Titular único
10005936,2,,Múltiples titulares
10005937,2,,Múltiples titulares
10005940,1,193950,Titular único
10005941,1,657823,Titular único
10005942,2,,Múltiples titulares
10005945,1,798083,Titular único
10005946,3,,Múltiples titulares
10005947,2,,Múltiples titulares
10005948,1,529799,Titular único
10005949,2,,Múltiples titulares
10005950,2,,Múltiples titulares
10005952,2,,Múltiples titulares
10005954,2,,Múltiples titulares
10005955,1,527922,Titular único
10005956,2,,Múltiples titulares
10005961,2,,Múltiples titulares
10005962,2,,Múltiples titulares
10005964,2,,Múltiples titulares
10005965,1,72236,Titular único
10005966,2,,Múltiples titulares
10006020,1,932038,Titular único
10006023,1,796355,Titular único
10006029,2,,Múltiples titulares
10006030,1,794228,Titular único
10006033,3,,Múltiples titulares
10006036,1,525298,Titular único
10006037,2,,Múltiples titulares
10006038,1,647258,Titular único
10006040,1,796898,Titular único
10006041,2,,Múltiples titulares
10006043,1,521000,Titular único
10006046,2,,Múltiples titulares
10006047,1,731337,Titular único
10006093,1,528425,Titular único
10006100,1,519880,Titular único
10006116,1,326951,Titular único
10006117,1,519570,Titular único
10006118,2,,Múltiples titulares
10006119,1,397890,Titular único
10006120,5,,Múltiples titulares
10006121,1,518782,Titular único
10006122,1,436278,Titular único
10006123,5,,Múltiples titulares
10006125,2,,Múltiples titulares
10006126,3,,Múltiples titulares
10006127,4,,Múltiples titulares
10006128,5,,Múltiples titulares
10006129,2,,Múltiples titulares
10006130,1,194793,Titular único
10006131,2,,Múltiples titulares
10006132,2,,Múltiples titulares
10006153,1,519037,Titular único
10006164,2,,Múltiples titulares
10006168,1,528841,Titular único
10006171,1,520588,Titular único
10006179,1,520642,Titular único
10006187,2,,Múltiples titulares
10006193,3,,Múltiples titulares
10006195,2,,Múltiples titulares
10006197,2,,Múltiples titulares
10006198,2,,Múltiples titulares
10006200,1,742832,Titular único
10006203,1,175478,Titular único
10006207,3,,Múltiples titulares
10006208,1,529536,Titular único
10006211,1,10135811,Titular único
10006213,1,798224,Titular único
10006216,1,809026,Titular único
10006219,2,,Múltiples titulares
10006220,1,326888,Titular único
10006225,1,528896,Titular único
10006228,1,403946,Titular único
10006229,3,,Múltiples titulares
10006233,2,,Múltiples titulares
10006234,1,529575,Titular único
10006237,1,795805,Titular único
10006238,4,,Múltiples titulares
10006241,1,798999,Titular único
10006250,1,523837,Titular único
10006253,1,523470,Titular único
10006254,1,518452,Titular único
10006257,1,522252,Titular único
10006258,2,,Múltiples titulares
10006259,1,521699,Titular único
10006262,1,10596949,Titular único
10006267,1,791847,Titular único
10006268,1,798650,Titular único
10006269,1,524487,Titular único
10006270,1,527337,Titular único
10006271,2,,Múltiples titulares
10006275,2,,Múltiples titulares
10006277,1,527318,Titular único
10006380,1,455278,Titular único
10006452,1,303388,Titular único
10006460,1,522035,Titular único
10006599,1,439186,Titular único
10006852,1,528346,Titular único
10006853,1,799680,Titular único
10006862,1,522314,Titular único
10006863,1,796913,Titular único
10006864,1,529325,Titular único
10006867,1,796932,Titular único
10006868,1,682499,Titular único
10006869,1,530773,Titular único
10006875,1,804280,Titular único
10006877,1,530731,Titular único
10006879,3,,Múltiples titulares
10006881,1,521101,Titular único
10006885,1,139566,Titular único
10006888,3,,Múltiples titulares
10006889,2,,Múltiples titulares
10006890,1,530730,Titular único
10006894,2,,Múltiples titulares
10006912,1,798194,Titular único
10006914,1,797286,Titular único
10006915,1,520098,Titular único
10006918,1,933960,Titular único
10006922,1,194556,Titular único
10006924,2,,Múltiples titulares
10006930,1,521562,Titular único
10006934,1,523816,Titular único
10006935,1,531305,Titular único
10006937,2,,Múltiples titulares
10006938,1,522902,Titular único
10006945,1,524289,Titular único
10006952,1,798179,Titular único
10006953,1,914352,Titular único
10006955,1,798180,Titular único
10006969,1,105435,Titular único
10006971,2,,Múltiples titulares
10006972,2,,Múltiples titulares
10006973,2,,Múltiples titulares
10006975,1,303292,Titular único
10006977,2,,Múltiples titulares
10006978,2,,Múltiples titulares
10006979,1,792091,Titular único
10006980,3,,Múltiples titulares
10006983,2,,Múltiples titulares
10006985,3,,Múltiples titulares
10006986,2,,Múltiples titulares
10006988,1,794170,Titular único
10006989,2,,Múltiples titulares
10006990,3,,Múltiples titulares
10006991,1,10262509,Titular único
10007056,1,511581,Titular único
10007063,1,523284,Titular único
10007065,2,,Múltiples titulares
10007066,1,60039,Titular único
10007067,1,790633,Titular único
10007068,1,519739,Titular único
10007070,1,797459,Titular único
10007071,1,798948,Titular único
10007072,3,,Múltiples titulares
10007073,1,529136,Titular único
10007075,3,,Múltiples titulares
10007078,1,44233,Titular único
10007079,2,,Múltiples titulares
10007080,3,,Múltiples titulares
10007081,2,,Múltiples titulares
10007083,4,,Múltiples titulares
10007084,2,,Múltiples titulares
10007085,2,,Múltiples titulares
10007086,2,,Múltiples titulares
10007087,1,521756,Titular único
10007088,1,794034,Titular único
10007089,1,193657,Titular único
10007091,3,,Múltiples titulares
10007129,1,799759,Titular único
10007136,1,794998,Titular único
10007138,1,803543,Titular único
10007140,1,463696,Titular único
10007142,1,527059,Titular único
10007177,2,,Múltiples titulares
10007180,1,794208,Titular único
10007182,1,521177,Titular único
10007183,1,520584,Titular único
10007184,2,,Múltiples titulares
10007185,1,797114,Titular único
10007186,1,524882,Titular único
10007188,2,,Múltiples titulares
10007189,4,,Múltiples titulares
10007190,1,800980,Titular único
10007191,2,,Múltiples titulares
10007193,1,522853,Titular único
10007194,3,,Múltiples titulares
10007196,2,,Múltiples titulares
10007197,2,,Múltiples titulares
10007199,1,525615,Titular único
10007209,1,530061,Titular único
10007225,1,525289,Titular único
10007229,2,,Múltiples titulares
10007237,1,860426,Titular único
10007240,1,303982,Titular único
10007256,1,798624,Titular único
10007258,2,,Múltiples titulares
10007259,1,194432,Titular único
10007260,1,194630,Titular único
10007261,1,522960,Titular único
10007263,1,634697,Titular único
10007268,1,60302,Titular único
10007270,3,,Múltiples titulares
10007273,1,522340,Titular único
10007283,2,,Múltiples titulares
10007286,1,10323601,Titular único
10007287,1,791250,Titular único
10007288,1,60177,Titular único
10007291,2,,Múltiples titulares
10007293,2,,Múltiples titulares
10007295,1,794831,Titular único
10007297,2,,Múltiples titulares
10007298,1,798482,Titular único
10007307,1,921888,Titular único
10007308,2,,Múltiples titulares
10007314,1,521323,Titular único
10007316,1,913621,Titular único
10007320,1,73118,Titular único
10007321,1,531332,Titular único
10007323,1,528723,Titular único
10007324,2,,Múltiples titulares
10007325,2,,Múltiples titulares
10007334,2,,Múltiples titulares
10007336,1,54619,Titular único
10007338,1,524382,Titular único
10007339,1,340025,Titular único
10007349,1,525226,Titular único
10007475,1,798238,Titular único
10007562,1,438661,Titular único
10007652,1,523285,Titular único
10007743,1,32367,Titular único
10007750,1,519439,Titular único
10007763,1,204840,Titular único
10007764,3,,Múltiples titulares
10007765,1,527317,Titular único
10007767,1,805047,Titular único
10007770,1,526242,Titular único
10007772,1,530444,Titular único
10007774,1,796003,Titular único
10007777,1,530436,Titular único
10007807,1,922766,Titular único
10007811,1,525471,Titular único
10007814,1,528587,Titular único
10007816,1,42906,Titular único
10007819,1,795381,Titular único
10007826,1,431463,Titular único
10007830,1,799206,Titular único
10007834,1,797097,Titular único
10007837,1,528772,Titular único
10007839,1,797480,Titular único
10007845,2,,Múltiples titulares
10007848,1,792067,Titular único
10007850,1,860563,Titular único
10007852,1,99227,Titular único
10007854,1,796201,Titular único
10007858,2,,Múltiples titulares
10007859,1,800706,Titular único
10007864,1,804358,Titular único
10007872,1,796694,Titular único
10007879,1,807518,Titular único
10007883,1,794583,Titular único
10007892,2,,Múltiples titulares
10007893,2,,Múltiples titulares
10007894,1,518415,Titular único
10007899,1,799963,Titular único
10007902,2,,Múltiples titulares
10007904,1,795628,Titular único
10007905,1,518340,Titular único
10007906,2,,Múltiples titulares
10007912,1,795361,Titular único
10007917,1,793782,Titular único
10007918,2,,Múltiples titulares
10007924,1,101729,Titular único
10007925,1,523787,Titular único
10007928,1,113170,Titular único
10007935,3,,Múltiples titulares
10007936,1,522241,Titular único
10007938,1,354590,Titular único
10007940,4,,Múltiples titulares
10007941,1,792811,Titular único
10007942,2,,Múltiples titulares
10007943,2,,Múltiples titulares
10007944,4,,Múltiples titulares
10007945,3,,Múltiples titulares
10007946,1,521214,Titular único
10007947,4,,Múltiples titulares
10007948,4,,Múltiples titulares
10007949,2,,Múltiples titulares
10007950,3,,Múltiples titulares
10007951,2,,Múltiples titulares
10007952,5,,Múltiples titulares
10007953,3,,Múltiples titulares
10007954,4,,Múltiples titulares
10007955,2,,Múltiples titulares
10007956,1,519996,Titular único
10007957,5,,Múltiples titulares
10007958,2,,Múltiples titulares
10007959,3,,Múltiples titulares
10007960,3,,Múltiples titulares
10007961,4,,Múltiples titulares
10007962,2,,Múltiples titulares
10007963,1,428996,Titular único
10007964,2,,Múltiples titulares
10007965,4,,Múltiples titulares
10007966,3,,Múltiples titulares
10008011,1,798120,Titular único
10008015,1,528305,Titular único
10008021,1,798788,Titular único
10008022,2,,Múltiples titulares
10008030,1,792063,Titular único
10008052,1,796989,Titular único
10008065,1,522089,Titular único
10008081,1,804895,Titular único
10008083,2,,Múltiples titulares
10008084,2,,Múltiples titulares
10008085,1,530984,Titular único
10008087,1,101775,Titular único
10008088,2,,Múltiples titulares
10008089,1,961906,Titular único
10008093,2,,Múltiples titulares
10008094,1,137243,Titular único
10008095,2,,Múltiples titulares
10008097,1,327978,Titular único
10008099,1,793918,Titular único
10008100,1,527691,Titular único
10008101,1,795669,Titular único
10008102,1,794124,Titular único
10008103,1,931523,Titular único
10008105,1,194862,Titular único
10008107,1,796549,Titular único
10008108,3,,Múltiples titulares
10008109,1,793351,Titular único
10008308,1,517880,Titular único
10008309,1,523065,Titular único
10008313,1,792902,Titular único
10008318,1,523809,Titular único
10008327,1,796093,Titular único
10008329,1,497929,Titular único
10008330,1,911048,Titular único
10008331,2,,Múltiples titulares
10008335,1,912722,Titular único
10008336,2,,Múltiples titulares
10008337,2,,Múltiples titulares
10008338,1,802293,Titular único
10008340,1,521063,Titular único
10008343,1,68925,Titular único
10008344,1,790631,Titular único
10008345,2,,Múltiples titulares
10008348,1,980733,Titular único
10008350,2,,Múltiples titulares
10008352,2,,Múltiples titulares
10008353,1,792318,Titular único
10008354,1,804203,Titular único
10008355,1,10606480,Titular único
10008356,1,881434,Titular único
10008357,2,,Múltiples titulares
10008358,1,520158,Titular único
10008363,2,,Múltiples titulares
10008364,1,802643,Titular único
10008365,2,,Múltiples titulares
10008368,2,,Múltiples titulares
10008369,1,520690,Titular único
10008504,1,521145,Titular único
10008507,1,193683,Titular único
10008510,1,792404,Titular único
10008513,2,,Múltiples titulares
10008514,1,10799,Titular único
10008516,2,,Múltiples titulares
10008517,1,520863,Titular único
10008518,1,522585,Titular único
10008519,1,520519,Titular único
10008520,2,,Múltiples titulares
10008522,3,,Múltiples titulares
10008536,1,669899,Titular único
10008542,1,525157,Titular único
10008543,1,528813,Titular único
10008546,1,519943,Titular único
10008548,1,792519,Titular único
10008553,1,797412,Titular único
10008557,1,528530,Titular único
10008560,1,797449,Titular único
10008563,2,,Múltiples titulares
10008565,1,932041,Titular único
10008566,3,,Múltiples titulares
10008568,2,,Múltiples titulares
10008569,1,529573,Titular único
10008570,1,525243,Titular único
10008572,1,10244645,Titular único
10008573,1,801546,Titular único
10008576,1,796329,Titular único
10008578,1,799888,Titular único
10008580,1,523685,Titular único
10008584,1,528345,Titular único
10008585,2,,Múltiples titulares
10008587,2,,Múltiples titulares
10008589,1,522025,Titular único
10008590,1,31900,Titular único
10008596,1,521597,Titular único
10008599,1,530379,Titular único
10008600,1,529734,Titular único
10008602,1,528239,Titular único
10008603,1,801260,Titular único
10008606,1,800479,Titular único
10008607,1,797709,Titular único
10008609,4,,Múltiples titulares
10008611,3,,Múltiples titulares
10008613,1,396461,Titular único
10008619,1,930854,Titular único
10008620,2,,Múltiples titulares
10008627,2,,Múltiples titulares
10008689,1,961906,Titular único
10009000,1,920314,Titular único
10009140,1,434915,Titular único
10009144,1,434915,Titular único
10009169,1,523189,Titular único
10009292,1,522614,Titular único
10009295,1,524413,Titular único
10009297,1,108832,Titular único
10009300,1,165127,Titular único
10009302,1,523711,Titular único
10009305,1,194101,Titular único
10009306,1,799224,Titular único
10009310,1,173550,Titular único
10009325,1,516002,Titular único
10009327,1,524425,Titular único
10009347,1,521290,Titular único
10009352,1,802113,Titular único
10009359,1,193495,Titular único
10009363,2,,Múltiples titulares
10009367,1,516888,Titular único
10009373,1,396403,Titular único
10009382,1,797317,Titular único
10009384,1,794900,Titular único
10009385,1,10136129,Titular único
10009387,1,524684,Titular único
10009389,2,,Múltiples titulares
10009390,2,,Múltiples titulares
10009399,1,60245,Titular único
10009400,3,,Múltiples titulares
10009403,3,,Múltiples titulares
10009404,4,,Múltiples titulares
10009406,1,519394,Titular único
10009407,1,798052,Titular único
10009408,1,520349,Titular único
10009409,1,396578,Titular único
10009410,3,,Múltiples titulares
10009411,1,382598,Titular único
10009414,1,517777,Titular único
10009415,2,,Múltiples titulares
10009416,1,792619,Titular único
10009417,4,,Múltiples titulares
10009418,1,798383,Titular único
10009419,1,799673,Titular único
10009420,3,,Múltiples titulares
10009421,2,,Múltiples titulares
10009422,1,162236,Titular único
10009427,1,803756,Titular único
10009433,1,792363,Titular único
10009435,2,,Múltiples titulares
10009437,2,,Múltiples titulares
10009438,2,,Múltiples titulares
10009439,3,,Múltiples titulares
10009440,3,,Múltiples titulares
10009444,1,518176,Titular único
10009446,2,,Múltiples titulares
10009447,2,,Múltiples titulares
10009448,2,,Múltiples titulares
10009507,1,40471,Titular único
10009508,1,792568,Titular único
10009513,1,526916,Titular único
10009514,1,30647,Titular único
10009515,3,,Múltiples titulares
10009518,2,,Múltiples titulares
10009519,2,,Múltiples titulares
10009520,2,,Múltiples titulares
10009524,1,804077,Titular único
10009526,1,528977,Titular único
10009529,1,456924,Titular único
10009530,2,,Múltiples titulares
10009531,1,530620,Titular único
10009532,1,31828,Titular único
10009536,1,523657,Titular único
10009537,2,,Múltiples titulares
10009538,1,355087,Titular único
10009539,1,524340,Titular único
10009540,1,396824,Titular único
10009542,1,793973,Titular único
10009543,1,303329,Titular único
10009620,1,798706,Titular único
10009695,1,527382,Titular único
10009696,1,525293,Titular único
10009704,1,518475,Titular único
10009707,2,,Múltiples titulares
10009712,1,531211,Titular único
10009718,1,797403,Titular único
10009719,2,,Múltiples titulares
10009720,1,796604,Titular único
10009721,2,,Múltiples titulares
10009722,2,,Múltiples titulares
10009724,1,58661,Titular único
10009731,1,525000,Titular único
10009733,1,525071,Titular único
10009734,2,,Múltiples titulares
10009740,1,10040050,Titular único
10009741,2,,Múltiples titulares
10009747,1,790554,Titular único
10009749,1,802404,Titular único
10009834,1,121413,Titular único
10009841,1,522076,Titular único
10009848,1,528981,Titular único
10009849,1,527176,Titular único
10009851,1,796079,Titular único
10009862,1,281154,Titular único
10009868,1,720732,Titular único
10009871,1,528962,Titular único
10009881,1,174459,Titular único
10009885,1,797069,Titular único
10009887,1,528823,Titular único
10009888,1,792720,Titular único
10009894,1,521485,Titular único
10009895,1,798371,Titular único
10009907,2,,Múltiples titulares
10009910,1,797666,Titular único
10009912,1,802563,Titular único
10009919,1,528318,Titular único
10009929,1,525235,Titular único
10009931,1,807265,Titular único
10010040,1,34438,Titular único
10010043,1,521486,Titular único
10010045,1,431530,Titular único
10010113,1,986349,Titular único
10010145,1,716643,Titular único
10010424,1,520098,Titular único
10010436,1,527723,Titular único
10010444,1,264932,Titular único
10010448,1,796180,Titular único
10010449,1,521735,Titular único
10010450,1,522615,Titular único
10010451,1,796935,Titular único
10010453,1,527747,Titular único
10010458,1,807334,Titular único
10010465,1,518245,Titular único
10010474,3,,Múltiples titulares
10010476,1,808270,Titular único
10010478,1,529767,Titular único
10010480,1,800012,Titular único
10010481,1,527758,Titular único
10010483,2,,Múltiples titulares
10010484,1,529767,Titular único
10010487,1,808273,Titular único
10010490,1,797167,Titular único
10010492,2,,Múltiples titulares
10010493,1,800031,Titular único
10010496,1,523500,Titular único
10010502,1,523029,Titular único
10010503,1,794201,Titular único
10010505,2,,Múltiples titulares
10010506,1,808302,Titular único
10010508,1,803103,Titular único
10010513,1,657984,Titular único
10010514,2,,Múltiples titulares
10010520,1,303517,Titular único
10010525,1,523042,Titular único
10010527,1,807321,Titular único
10010536,1,807351,Titular único
10010539,1,525035,Titular único
10010543,3,,Múltiples titulares
10010544,2,,Múltiples titulares
10010568,1,721337,Titular único
10010573,1,798213,Titular único
10010581,1,521247,Titular único
10010582,1,524573,Titular único
10010587,1,525271,Titular único
10010594,1,793875,Titular único
10010595,1,797988,Titular único
10010599,1,526647,Titular único
10010607,1,527407,Titular único
10010609,1,522319,Titular único
10010617,1,796585,Titular único
10010626,1,519381,Titular único
10010632,1,524570,Titular único
10010648,5,,Múltiples titulares
10010652,2,,Múltiples titulares
10010654,2,,Múltiples titulares
10010659,1,529782,Titular único
10010663,1,794930,Titular único
10010665,4,,Múltiples titulares
10010666,1,531013,Titular único
10010667,1,524702,Titular único
10010668,2,,Múltiples titulares
10010669,1,802040,Titular único
10010670,3,,Múltiples titulares
10010671,1,799529,Titular único
10010676,1,521763,Titular único
10010680,1,111865,Titular único
10010712,1,804213,Titular único
10010773,2,,Múltiples titulares
10010775,1,528219,Titular único
10010777,1,521713,Titular único
10010778,1,797779,Titular único
10010780,1,633450,Titular único
10010781,1,522341,Titular único
10010782,3,,Múltiples titulares
10010829,1,113414,Titular único
10010835,1,525845,Titular único
10010837,1,523531,Titular único
10010838,1,519321,Titular único
10010839,1,529057,Titular único
10010840,2,,Múltiples titulares
10010841,3,,Múltiples titulares
10010843,1,799467,Titular único
10010865,1,396850,Titular único
10010868,1,517762,Titular único
10010886,1,516917,Titular único
10010892,1,522609,Titular único
10010894,1,525877,Titular único
10010895,1,657287,Titular único
10010899,1,521826,Titular único
10010900,1,791349,Titular único
10010901,2,,Múltiples titulares
10010907,1,524841,Titular único
10010909,2,,Múltiples titulares
10010910,3,,Múltiples titulares
10010914,3,,Múltiples titulares
10010917,2,,Múltiples titulares
10010918,3,,Múltiples titulares
10010919,1,529277,Titular único
10010922,3,,Múltiples titulares
10010923,3,,Múltiples titulares
10010925,1,797967,Titular único
10010926,2,,Múltiples titulares
10010928,2,,Múltiples titulares
10010930,1,524274,Titular único
10010931,3,,Múltiples titulares
10010932,2,,Múltiples titulares
10010933,2,,Múltiples titulares
10010934,1,528033,Titular único
10010936,3,,Múltiples titulares
10010937,3,,Múltiples titulares
10010938,1,113480,Titular único
10010939,2,,Múltiples titulares
10010942,2,,Múltiples titulares
10010946,2,,Múltiples titulares
10010947,2,,Múltiples titulares
10010948,2,,Múltiples titulares
10010949,2,,Múltiples titulares
10010950,1,914705,Titular único
10010951,2,,Múltiples titulares
10010952,2,,Múltiples titulares
10010953,1,193691,Titular único
10010954,3,,Múltiples titulares
10010957,1,790482,Titular único
10010959,1,790436,Titular único
10010961,1,326131,Titular único
10010962,1,527975,Titular único
10010963,2,,Múltiples titulares
10010965,1,530612,Titular único
10010966,1,112303,Titular único
10010968,1,523576,Titular único
10010969,2,,Múltiples titulares
10010970,1,286853,Titular único
10010971,3,,Múltiples titulares
10010976,1,800113,Titular único
10010979,1,798746,Titular único
10010980,1,522972,Titular único
10010985,1,519587,Titular único
10010987,2,,Múltiples titulares
10010988,1,530639,Titular único
10010989,1,528064,Titular único
10011119,1,790407,Titular único
10011149,2,,Múltiples titulares
10011150,2,,Múltiples titulares
10011151,1,799157,Titular único
10011156,1,802270,Titular único
10011158,1,522567,Titular único
10011163,1,523412,Titular único
10011164,2,,Múltiples titulares
10011165,2,,Múltiples titulares
10011166,1,796515,Titular único
10011167,1,101069,Titular único
10011172,1,530610,Titular único
10011178,1,530672,Titular único
10011179,2,,Múltiples titulares
10011180,1,523462,Titular único
10011181,1,139230,Titular único
10011184,2,,Múltiples titulares
10011187,1,790592,Titular único
10011189,3,,Múltiples titulares
10011191,3,,Múltiples titulares
10011193,1,798876,Titular único
10011195,1,530707,Titular único
10011417,1,522505,Titular único
10011671,1,793687,Titular único
10011672,2,,Múltiples titulares
10011673,1,29885,Titular único
10011674,4,,Múltiples titulares
10011675,3,,Múltiples titulares
10011676,2,,Múltiples titulares
10011677,2,,Múltiples titulares
10011680,2,,Múltiples titulares
10011682,1,805282,Titular único
10011685,2,,Múltiples titulares
10011688,1,518676,Titular único
10011689,1,914218,Titular único
10011690,1,303287,Titular único
10011692,2,,Múltiples titulares
10011701,1,396292,Titular único
10011712,1,796109,Titular único
10011715,2,,Múltiples titulares
10011729,2,,Múltiples titulares
10011732,1,794663,Titular único
10011733,1,524384,Titular único
10011734,1,68805,Titular único
10011736,1,397087,Titular único
10011738,1,520997,Titular único
10011739,1,287977,Titular único
10011740,1,797961,Titular único
10011745,3,,Múltiples titulares
10011747,1,795724,Titular único
10011749,2,,Múltiples titulares
10011750,1,529383,Titular único
10011754,1,531646,Titular único
10011755,1,795605,Titular único
10011759,2,,Múltiples titulares
10011763,1,522237,Titular único
10011764,2,,Múltiples titulares
10011765,1,793192,Titular único
10011766,1,516292,Titular único
10011774,1,523598,Titular único
10011837,1,250995,Titular único
10011841,1,795671,Titular único
10011844,1,795064,Titular único
10011847,1,798109,Titular único
10011848,2,,Múltiples titulares
10011849,1,794501,Titular único
10011850,2,,Múltiples titulares
10011856,4,,Múltiples titulares
10011859,1,520657,Titular único
10011860,1,531031,Titular único
10011866,2,,Múltiples titulares
10011868,1,527974,Titular único
10011870,2,,Múltiples titulares
10011872,2,,Múltiples titulares
10011877,3,,Múltiples titulares
10011878,2,,Múltiples titulares
10011879,1,657953,Titular único
10011881,1,529371,Titular único
10011883,1,528782,Titular único
10011885,1,435342,Titular único
10011887,1,798700,Titular único
10011888,2,,Múltiples titulares
10011890,1,520515,Titular único
10011891,3,,Múltiples titulares
10011915,2,,Múltiples titulares
10011916,1,56684,Titular único
10011917,2,,Múltiples titulares
10011918,4,,Múltiples titulares
10011919,1,522662,Titular único
10011920,2,,Múltiples titulares
10011921,2,,Múltiples titulares
10011922,3,,Múltiples titulares
10011923,4,,Múltiples titulares
10011924,1,517767,Titular único
10011925,1,369976,Titular único
10011927,3,,Múltiples titulares
10011928,6,,Múltiples titulares
10011929,1,520095,Titular único
10011930,1,523151,Titular único
10011931,2,,Múltiples titulares
10011932,1,524162,Titular único
10011933,3,,Múltiples titulares
10011935,3,,Múltiples titulares
10011964,1,792925,Titular único
10011967,1,520813,Titular único
10011983,1,72504,Titular único
10011990,1,528008,Titular único
10011994,2,,Múltiples titulares
10011995,1,798596,Titular único
10011998,1,524912,Titular único
10012002,1,797220,Titular único
10012004,1,293490,Titular único
10012007,1,522220,Titular único
10012009,2,,Múltiples titulares
10012011,1,524272,Titular único
10012012,3,,Múltiples titulares
10012014,1,523369,Titular único
10012015,1,529847,Titular único
10012017,1,57739,Titular único
10012018,1,798574,Titular único
10012020,1,800313,Titular único
10012025,2,,Múltiples titulares
10012026,1,807630,Titular único
10012027,3,,Múltiples titulares
10012028,2,,Múltiples titulares
10012029,1,796586,Titular único
10012030,1,397496,Titular único
10012033,1,799576,Titular único
10012034,2,,Múltiples titulares
10012036,1,530504,Titular único
10012037,1,112555,Titular único
10012042,2,,Múltiples titulares
10012043,2,,Múltiples titulares
10012044,2,,Múltiples titulares
10012045,1,525425,Titular único
10012047,1,795029,Titular único
10012048,3,,Múltiples titulares
10012055,1,523100,Titular único
10012057,1,796609,Titular único
10012070,1,521800,Titular único
10012156,1,799435,Titular único
10012158,2,,Múltiples titulares
10012164,1,527003,Titular único
10012168,2,,Múltiples titulares
10012169,2,,Múltiples titulares
10012170,1,800937,Titular único
10012171,2,,Múltiples titulares
10012173,1,519752,Titular único
10012175,3,,Múltiples titulares
10012177,1,771889,Titular único
10012178,1,397869,Titular único
10012186,1,528643,Titular único
10012189,1,395694,Titular único
10012192,1,526917,Titular único
10012193,2,,Múltiples titulares
10012194,1,529653,Titular único
10012195,3,,Múltiples titulares
10012197,2,,Múltiples titulares
10012198,2,,Múltiples titulares
10012199,2,,Múltiples titulares
10012200,1,523859,Titular único
10012201,1,521633,Titular único
10012204,1,914555,Titular único
10012205,1,394449,Titular único
10012304,1,802549,Titular único
10012350,1,667485,Titular único
10012501,1,793642,Titular único
10012556,1,528781,Titular único
10012698,1,523714,Titular único
10012703,1,798951,Titular único
10012707,1,527409,Titular único
10012717,1,527340,Titular único
10012718,1,47527,Titular único
10012719,1,795195,Titular único
10012725,1,524354,Titular único
10012732,1,397969,Titular único
10012734,1,102354,Titular único
10012736,1,172879,Titular único
10012746,1,832191,Titular único
10012750,1,797703,Titular único
10012752,2,,Múltiples titulares
10012757,1,522953,Titular único
10012760,1,524300,Titular único
10012766,1,798181,Titular único
10012772,1,795444,Titular único
10012780,1,832312,Titular único
10012784,1,395354,Titular único
10012791,1,162798,Titular único
10012802,1,800100,Titular único
10012807,1,31430,Titular único
10012819,1,790578,Titular único
10012832,1,524150,Titular único
10012833,1,521250,Titular único
10012835,1,794298,Titular único
10012836,2,,Múltiples titulares
10012839,3,,Múltiples titulares
10012844,1,800629,Titular único
10012846,2,,Múltiples titulares
10012848,1,799386,Titular único
10012852,2,,Múltiples titulares
10012856,2,,Múltiples titulares
10012857,1,801099,Titular único
10012858,1,854593,Titular único
10012862,2,,Múltiples titulares
10012863,1,527556,Titular único
10012864,2,,Múltiples titulares
10012865,1,520123,Titular único
10012872,2,,Múltiples titulares
10012873,1,521890,Titular único
10012875,1,796603,Titular único
10012879,1,792942,Titular único
10012890,2,,Múltiples titulares
10012891,2,,Múltiples titulares
10012892,1,521625,Titular único
10012894,1,794300,Titular único
10012895,1,797571,Titular único
10012941,1,519821,Titular único
10012958,1,524435,Titular único
10012960,1,520179,Titular único
10012962,3,,Múltiples titulares
10012964,1,520456,Titular único
10012967,1,523105,Titular único
10012968,1,802381,Titular único
10012969,1,524367,Titular único
10012970,1,805056,Titular único
10012972,1,40994,Titular único
10012973,2,,Múltiples titulares
10012974,2,,Múltiples titulares
10012975,2,,Múltiples titulares
10012976,4,,Múltiples titulares
10012978,2,,Múltiples titulares
10012980,2,,Múltiples titulares
10012982,1,796415,Titular único
10012984,1,524963,Titular único
10012986,1,797336,Titular único
10012987,2,,Múltiples titulares
10012990,1,524781,Titular único
10012992,1,527965,Titular único
10012993,2,,Múltiples titulares
10012994,2,,Múltiples titulares
10012997,3,,Múltiples titulares
10012998,1,525302,Titular único
10012999,1,396539,Titular único
10013000,2,,Múltiples titulares
10013001,1,529020,Titular único
10013002,2,,Múltiples titulares
10013003,4,,Múltiples titulares
10013005,2,,Múltiples titulares
10013006,2,,Múltiples titulares
10013007,2,,Múltiples titulares
10013008,3,,Múltiples titulares
10013009,1,525136,Titular único
10013010,1,396971,Titular único
10013011,1,522654,Titular único
10013012,4,,Múltiples titulares
10013013,1,193851,Titular único
10013014,1,194777,Titular único
10013090,1,793860,Titular único
10013093,1,795047,Titular único
10013094,3,,Múltiples titulares
10013095,1,794174,Titular único
10013098,1,525802,Titular único
10013100,3,,Múltiples titulares
10013101,1,523539,Titular único
10013102,1,795591,Titular único
10013103,3,,Múltiples titulares
10013104,1,519951,Titular único
10013105,3,,Múltiples titulares
10013106,2,,Múltiples titulares
10013107,2,,Múltiples titulares
10013126,1,796946,Titular único
10013148,1,807286,Titular único
10013149,1,794294,Titular único
10013153,2,,Múltiples titulares
10013154,4,,Múltiples titulares
10013155,1,72236,Titular único
10013157,3,,Múltiples titulares
10013158,2,,Múltiples titulares
10013159,1,793705,Titular único
10013160,1,795029,Titular único
10013162,1,799854,Titular único
10013163,1,525307,Titular único
10013165,2,,Múltiples titulares
10013166,1,521443,Titular único
10013167,1,520327,Titular único
10013168,1,796050,Titular único
10013169,1,521747,Titular único
10013170,1,795710,Titular único
10013173,1,521990,Titular único
10013174,2,,Múltiples titulares
10013177,1,771889,Titular único
10013247,1,150505,Titular único
10013263,1,804425,Titular único
10013264,1,790013,Titular único
10013266,1,521140,Titular único
10013267,1,10337003,Titular único
10013269,1,803954,Titular único
10013271,1,208435,Titular único
10013277,1,525896,Titular único
10013279,1,529356,Titular único
10013280,1,793289,Titular único
10013284,1,113223,Titular único
10013287,1,523703,Titular único
10013288,1,797115,Titular único
10013289,1,797911,Titular único
10013290,1,804363,Titular único
10013292,1,529022,Titular único
10013293,1,528557,Titular único
10013295,2,,Múltiples titulares
10013297,1,527835,Titular único
10013299,1,795477,Titular único
10013300,2,,Múltiples titulares
10013301,2,,Múltiples titulares
10013303,1,791250,Titular único
10013307,1,132699,Titular único
10013310,2,,Múltiples titulares
10013312,3,,Múltiples titulares
10013314,1,114460,Titular único
10013316,1,796424,Titular único
10013321,1,523374,Titular único
10013355,1,519901,Titular único
10013399,1,159063,Titular único
10013400,1,521920,Titular único
10013412,1,800052,Titular único
10013415,1,393078,Titular único
10013422,1,794814,Titular único
10013432,2,,Múltiples titulares
10013433,1,524383,Titular único
10013437,1,193944,Titular único
10013440,2,,Múltiples titulares
10013442,1,31096,Titular único
10013444,1,792775,Titular único
10013452,1,795664,Titular único
10013455,1,524572,Titular único
10013457,2,,Múltiples titulares
10013462,1,288800,Titular único
10013464,1,806557,Titular único
10013468,1,10135851,Titular único
10013469,2,,Múltiples titulares
10013480,2,,Múltiples titulares
10013484,1,527507,Titular único
10013485,1,934189,Titular único
10013486,1,796213,Titular único
10013487,2,,Múltiples titulares
10013489,1,288800,Titular único
10013491,3,,Múltiples titulares
10013494,1,264526,Titular único
10013497,1,521938,Titular único
10013608,1,717516,Titular único
10013667,1,303178,Titular único
10013671,1,804159,Titular único
10013672,1,437233,Titular único
10013673,1,162260,Titular único
10013676,1,985411,Titular único
10013687,1,716740,Titular único
10013701,1,721461,Titular único
10014444,1,714819,Titular único
10014666,1,799682,Titular único
10015067,1,217929,Titular único
10015342,1,392825,Titular único
10015346,1,925107,Titular único
10015779,1,437583,Titular único
10016383,1,436891,Titular único
10017388,1,711753,Titular único
10017734,1,325619,Titular único
10017791,1,793335,Titular único
10017814,1,721988,Titular único
10018181,1,457570,Titular único
10018190,1,224606,Titular único
10018201,1,722343,Titular único
10018203,1,854621,Titular único
10018206,1,722575,Titular único
10018238,1,721625,Titular único
10018338,1,457666,Titular único
10018462,1,81155,Titular único
10018474,1,321959,Titular único
10018522,1,328818,Titular único
10018686,1,328487,Titular único
10018702,1,86410,Titular único
10018710,1,721640,Titular único
10018715,1,390499,Titular único
10018969,1,517507,Titular único
10018998,1,302952,Titular único
10019007,1,137168,Titular único
10019340,1,86441,Titular único
10019374,1,457607,Titular único
10019409,1,645887,Titular único
10019420,1,794018,Titular único
10019629,1,795681,Titular único
10019742,1,327899,Titular único
10019966,1,925086,Titular único
10020289,1,722280,Titular único
10020296,1,87112,Titular único
10020736,2,,Múltiples titulares
10021022,1,735907,Titular único
10021338,1,519578,Titular único
10021365,1,87954,Titular único
10021535,1,107729,Titular único
10021587,1,327107,Titular único
10021615,1,85090,Titular único
10021912,1,167498,Titular único
10021944,1,455264,Titular único
10022085,1,518983,Titular único
10022112,1,854463,Titular único
10022121,1,552238,Titular único
10022278,1,720478,Titular único
10022347,1,720459,Titular único
10022455,1,455594,Titular único
10022480,1,796405,Titular único
10022700,1,71805,Titular único
10022708,2,,Múltiples titulares
10023143,1,10527900,Titular único
10023145,1,236242,Titular único
10023185,1,92376,Titular único
10023192,1,854421,Titular único
10023241,1,453723,Titular único
10023291,1,860854,Titular único
10023374,1,743393,Titular único
10023673,1,71760,Titular único
10023712,1,90212,Titular único
10023780,1,197680,Titular único
10023873,1,39850,Titular único
10023957,1,800570,Titular único
10024161,1,41337,Titular único
10024207,1,11063936,Titular único
10024409,1,735489,Titular único
10024580,1,798441,Titular único
10024582,1,797337,Titular único
10024925,1,787452,Titular único
10024980,1,90212,Titular único
10024984,1,333542,Titular único
10024995,1,330847,Titular único
10025007,1,333109,Titular único
10025129,1,10055128,Titular único
10025273,1,234938,Titular único
10025456,1,302350,Titular único
10025468,1,243350,Titular único
10025505,1,237706,Titular único
10025555,1,744232,Titular único
10025652,1,805427,Titular único
10025665,1,116851,Titular único
10025759,1,303550,Titular único
10025761,1,246454,Titular único
10025770,1,751453,Titular único
10025803,1,247157,Titular único
10025813,2,,Múltiples titulares
10025817,1,101806,Titular único
10025908,1,102793,Titular único
10025912,1,102678,Titular único
10026040,1,528073,Titular único
10026048,1,334354,Titular único
10026334,1,243328,Titular único
10026342,1,521504,Titular único
10026352,1,750946,Titular único
10026532,1,795600,Titular único
10026561,1,797235,Titular único
10026827,1,242132,Titular único
10026910,1,246511,Titular único
10027174,1,750350,Titular único
10027183,1,248297,Titular único
10027210,1,211356,Titular único
10027274,1,520077,Titular único
10027313,1,803751,Titular único
10027318,1,159901,Titular único
10027322,1,247386,Titular único
10027330,2,,Múltiples titulares
10027523,1,910024,Titular único
10028002,1,248739,Titular único
10028479,1,780357,Titular único
10028496,1,252213,Titular único
10028573,1,159578,Titular único
10029368,1,101863,Titular único
10029420,1,303112,Titular único
10029723,1,345713,Titular único
10030085,1,509095,Titular único
10030448,1,109964,Titular único
10030505,1,787114,Titular único
10030613,1,509708,Titular único
10030647,1,306683,Titular único
10030649,1,260083,Titular único
10030662,1,306624,Titular único
10031271,1,509811,Titular único
10031731,1,366767,Titular único
10031774,1,509960,Titular único
10031874,1,142358,Titular único
10032358,1,791086,Titular único
10032362,1,495962,Titular único
10032372,1,496980,Titular único
10032400,1,841032,Titular único
10032444,1,454792,Titular único
10032578,1,796431,Titular único
10032594,1,71521,Titular único
10032660,1,854399,Titular único
10032675,1,125032,Titular único
10032940,1,524355,Titular único
10033172,1,151712,Titular único
10033327,1,267678,Titular único
10033599,1,260668,Titular único
10033621,1,10672804,Titular único
10033808,1,497237,Titular único
10033978,1,509099,Titular único
10034315,1,509099,Titular único
10034504,1,77147,Titular único
10034749,1,791633,Titular único
10034817,1,517622,Titular único
10034864,1,523087,Titular único
10034887,1,30565,Titular único
10034891,1,206459,Titular único
10034948,2,,Múltiples titulares
10034961,1,931805,Titular único
10034962,1,209052,Titular único
10035022,1,126020,Titular único
10035055,1,397556,Titular único
10035101,1,30593,Titular único
10035108,1,211142,Titular único
10035110,2,,Múltiples titulares
10035111,1,397066,Titular único
10035112,1,114333,Titular único
10035169,1,529809,Titular único
10035174,1,805002,Titular único
10035178,1,248709,Titular único
10035261,1,398193,Titular único
10035271,1,526658,Titular único
10035274,1,526665,Titular único
10035276,2,,Múltiples titulares
10035305,1,396431,Titular único
10035331,1,114320,Titular único
10035335,1,32339,Titular único
10035336,1,741854,Titular único
10035344,1,204857,Titular único
10035354,1,803213,Titular único
10035355,2,,Múltiples titulares
10035410,1,113813,Titular único
10035551,1,794927,Titular único
10035553,1,395690,Titular único
10035558,1,802487,Titular único
10035559,2,,Múltiples titulares
10035566,1,142547,Titular único
10035571,1,395781,Titular único
10035590,1,208877,Titular único
10035666,1,524828,Titular único
10035668,1,114397,Titular único
10035675,1,524895,Titular único
10035682,1,395793,Titular único
10035686,1,113239,Titular único
10035687,1,112211,Titular único
10035688,1,112223,Titular único
10036163,1,796656,Titular único
10036243,1,31099,Titular único
10036301,1,113054,Titular único
10036308,1,204619,Titular único
10036339,2,,Múltiples titulares
10036347,1,112249,Titular único
10036349,1,395806,Titular único
10036353,2,,Múltiples titulares
10036355,1,87111,Titular único
10036404,2,,Múltiples titulares
10036421,1,31859,Titular único
10036422,1,524332,Titular único
10036507,1,353788,Titular único
10036512,1,50933,Titular único
10036590,1,115212,Titular único
10036606,1,92896,Titular único
10036607,1,351992,Titular único
10036609,2,,Múltiples titulares
10036637,2,,Múltiples titulares
10036730,1,10726396,Titular único
10036845,1,398128,Titular único
10036884,1,114404,Titular único
10036897,1,353541,Titular único
10036901,1,397446,Titular único
10036905,1,521542,Titular único
10036910,1,797098,Titular único
10036912,1,803517,Titular único
10037039,1,526611,Titular único
10037044,1,205767,Titular único
10037064,1,114510,Titular único
10037092,1,523135,Titular único
10037113,1,801448,Titular único
10037119,1,10736707,Titular único
10037153,1,73827,Titular único
10037159,1,73818,Titular único
10037269,1,520751,Titular único
10037336,1,787683,Titular único
10037382,1,790652,Titular único
10037417,1,791889,Titular único
10037465,1,205877,Titular único
10037499,1,792159,Titular único
10037520,1,193868,Titular único
10037523,1,10709162,Titular único
10037651,1,528438,Titular único
10037654,1,792232,Titular único
10037662,1,523621,Titular único
10037765,1,205877,Titular único
10037768,1,794835,Titular único
10037774,1,10749580,Titular único
10038019,1,121372,Titular único
10038041,1,49439,Titular único
10038074,1,184956,Titular único
10038085,1,721713,Titular único
10038114,1,133607,Titular único
10038139,1,518542,Titular único
10038142,2,,Múltiples titulares
10038163,1,551910,Titular único
10038200,1,798023,Titular único
10038220,1,803574,Titular único
10038226,1,31696,Titular único
10038248,1,112017,Titular único
10038250,2,,Múltiples titulares
10038251,1,354262,Titular único
10038257,1,804320,Titular único
10038258,2,,Múltiples titulares
10038376,1,398188,Titular único
10038427,1,524417,Titular único
10038446,1,185914,Titular único
10038451,1,985431,Titular único
10038788,1,398086,Titular único
10038824,1,354105,Titular único
10038826,1,805010,Titular único
10038827,1,354240,Titular único
10038939,1,122544,Titular único
10038941,2,,Múltiples titulares
10038948,1,798807,Titular único
10039036,1,122581,Titular único
10039076,1,4224,Titular único
10039083,2,,Múltiples titulares
10039084,1,209110,Titular único
10039086,1,205770,Titular único
10039235,1,798755,Titular único
10039291,1,118133,Titular único
10039322,1,118010,Titular único
10039507,1,76926,Titular único
10039511,1,360692,Titular único
10039512,1,797949,Titular único
10039523,1,551721,Titular único
10039653,1,550656,Titular único
10040060,1,31921,Titular único
10040062,1,29685,Titular único
10040066,1,804912,Titular único
10040338,1,122630,Titular único
10040340,1,831827,Titular único
10040346,1,264602,Titular único
10040355,2,,Múltiples titulares
10040656,1,528521,Titular único
10040747,1,798366,Titular único
10040947,1,390205,Titular único
10040948,1,390227,Titular único
10041473,1,551135,Titular único
10041482,1,122078,Titular único
10041490,1,122087,Titular único
10042152,1,370853,Titular único
10042352,1,790035,Titular único
10042481,1,160545,Titular único
10042698,1,522264,Titular único
10042718,1,364545,Titular único
10042744,1,572714,Titular único
10042764,1,796133,Titular único
10042765,1,195941,Titular único
10042781,1,195935,Titular único
10043028,1,527981,Titular único
10043250,1,365774,Titular único
10043355,1,269270,Titular único
10043666,1,266718,Titular único
10043760,1,390575,Titular único
10044623,1,800567,Titular único
10044735,2,,Múltiples titulares
10044749,1,790425,Titular único
10045053,1,366421,Titular único
10045194,1,167833,Titular único
10046205,1,596881,Titular único
10046850,1,421613,Titular único
10046856,1,794960,Titular único
10047175,1,59066,Titular único
10047178,1,185929,Titular único
10047187,1,76022,Titular único
10047354,1,872450,Titular único
10047563,1,303585,Titular único
10047566,1,793667,Titular único
10047676,1,251736,Titular único
10047745,1,750653,Titular único
10047996,1,184005,Titular único
10048270,2,,Múltiples titulares
10048712,1,113165,Titular único
10048778,1,603678,Titular único
10049154,1,802314,Titular único
10049161,1,419604,Titular único
10049170,1,419317,Titular único
10049172,1,420867,Titular único
10049549,1,45767,Titular único
10049614,1,795367,Titular único
10049958,1,10932129,Titular único
10050291,1,102891,Titular único
10050323,1,791258,Titular único
10050836,1,10071893,Titular único
10050916,1,293282,Titular único
10050925,1,73095,Titular único
10051086,1,914729,Titular único
10051342,1,528440,Titular único
10051343,1,245864,Titular único
10051507,1,912691,Titular único
10051620,1,797990,Titular único
10051962,1,139576,Titular único
10052055,1,194301,Titular único
10052056,1,282059,Titular único
10052104,1,163663,Titular único
10052221,1,914487,Titular único
10052302,1,377265,Titular único
10052397,1,914341,Titular único
10052578,1,912430,Titular único
10052587,1,795298,Titular único
10052590,1,377297,Titular único
10052603,1,530899,Titular único
10052609,2,,Múltiples titulares
10052799,1,137408,Titular único
10052811,1,633674,Titular único
10052901,1,527124,Titular único
10052940,1,282162,Titular único
10053316,1,914431,Titular único
10053356,1,792957,Titular único
10053415,1,375583,Titular único
10053547,1,234338,Titular único
10053629,1,743280,Titular único
10053632,1,632536,Titular único
10053973,1,10996820,Titular único
10054186,1,920310,Titular único
10054418,1,793935,Titular único
10054519,1,522875,Titular único
10054857,1,634354,Titular único
10054863,1,645001,Titular único
10055728,1,38399,Titular único
10055739,1,925552,Titular único
10055761,1,925332,Titular único
10055845,2,,Múltiples titulares
10056595,1,645737,Titular único
10056619,1,11022284,Titular único
10056838,1,157263,Titular único
10056913,1,933734,Titular único
10056962,1,139925,Titular único
10057011,1,657164,Titular único
10057017,2,,Múltiples titulares
10057114,1,932911,Titular único
10057137,1,263310,Titular único
10057146,1,931339,Titular único
10057154,1,983873,Titular único
10057160,2,,Múltiples titulares
10057168,1,373257,Titular único
10057174,1,302394,Titular único
10057177,1,657622,Titular único
10057185,1,59384,Titular único
10057275,1,934453,Titular único
10057286,1,657914,Titular único
10057412,1,933472,Titular único
10057543,1,383642,Titular único
10057770,1,31515,Titular único
10057774,1,382850,Titular único
10057834,1,944248,Titular único
10057846,1,165893,Titular único
10058228,1,59350,Titular único
10058241,1,212449,Titular único
10058309,1,943025,Titular único
10058313,1,313234,Titular único
10058330,1,670212,Titular único
10058490,1,655018,Titular único
10058526,1,658307,Titular único
10058532,1,934489,Titular único
10058533,1,382035,Titular único
10058563,3,,Múltiples titulares
10058711,1,346172,Titular único
10058910,1,167342,Titular único
10058953,1,670052,Titular único
10059105,1,933609,Titular único
10059107,2,,Múltiples titulares
10059114,1,934062,Titular único
10059122,1,933636,Titular único
10059125,1,657859,Titular único
10059438,1,162247,Titular único
10059446,1,129069,Titular único
10059586,1,113199,Titular único
10059675,1,523760,Titular único
10059758,1,11305869,Titular único
10059814,1,385524,Titular único
10060028,1,657371,Titular único
10060031,1,655553,Titular único
10060166,1,944266,Titular único
10060171,1,942863,Titular único
10060172,1,944757,Titular único
10060201,1,286988,Titular único
10060261,1,934370,Titular único
10060282,1,142563,Titular único
10060290,1,381970,Titular único
10060294,1,381968,Titular único
10060312,1,58880,Titular único
10060327,1,655874,Titular único
10060350,1,794669,Titular único
10060938,1,528425,Titular único
10061188,1,657749,Titular único
10061197,1,657156,Titular único
10061210,1,657609,Titular único
10061245,1,655006,Titular único
10061271,1,58262,Titular único
10061280,1,656315,Titular único
10061289,1,381427,Titular único
10061485,1,657953,Titular único
10061491,1,795930,Titular único
10061492,1,59721,Titular único
10062063,1,943192,Titular único
10062085,1,314881,Titular único
10062355,1,32127,Titular único
10062587,1,168642,Titular único
10062919,1,161126,Titular único
10063214,1,162274,Titular único
10063256,1,944666,Titular único
10063421,1,527364,Titular único
10063727,1,530725,Titular único
10064079,1,682516,Titular único
10064289,1,65262,Titular único
10064329,1,521587,Titular único
10064559,1,682973,Titular único
10064578,1,914704,Titular único
10064925,1,163696,Titular único
10065028,1,176532,Titular único
10065091,1,400752,Titular único
10065112,1,407817,Titular único
10065188,1,406913,Titular único
10065238,1,520545,Titular único
10065270,1,406257,Titular único
10065351,2,,Múltiples titulares
10065550,1,41532,Titular único
10065944,1,289359,Titular único
10066123,1,794044,Titular único
10066564,1,211839,Titular único
10066894,1,210879,Titular único
10066895,1,173576,Titular único
10066901,1,860083,Titular único
10066915,1,860083,Titular único
10067011,1,412425,Titular único
10067158,1,515835,Titular único
10067175,1,352643,Titular único
10067456,1,854423,Titular único
10067739,1,529943,Titular único
10067949,1,404046,Titular único
10068210,1,791238,Titular único
10068251,1,401880,Titular único
10068252,1,722818,Titular único
10068254,1,407812,Titular único
10068463,1,690216,Titular único
10068559,1,173346,Titular único
10068603,1,860657,Titular único
10068691,1,404293,Titular único
10068738,1,944563,Titular único
10068762,1,174163,Titular único
10068770,1,860414,Titular único
10068889,1,840706,Titular único
10069583,2,,Múltiples titulares
10069584,2,,Múltiples titulares
10069588,1,791549,Titular único
10069687,1,355130,Titular único
10069689,1,804259,Titular único
10069698,1,522492,Titular único
10069700,1,518961,Titular único
10069819,1,796900,Titular único
10069925,1,801732,Titular único
10070022,1,526460,Titular único
10070051,1,403794,Titular único
10070056,1,794857,Titular único
10070062,1,793045,Titular único
10070153,1,397856,Titular único
10070168,1,518710,Titular único
10070173,1,518903,Titular único
10070408,1,522684,Titular único
10070727,1,10706057,Titular único
10070769,1,260369,Titular único
10070865,1,209279,Titular único
10070960,1,304015,Titular único
10071015,1,518826,Titular único
10071029,1,523638,Titular único
10071031,1,527073,Titular único
10071032,2,,Múltiples titulares
10071034,2,,Múltiples titulares
10071035,1,528478,Titular único
10071037,1,795634,Titular único
10071038,1,524758,Titular único
10071050,1,801162,Titular único
10071052,1,799677,Titular único
10071062,1,874326,Titular único
10071063,1,934440,Titular único
10071064,1,73791,Titular único
10071067,1,527319,Titular único
10071068,1,529581,Titular único
10071069,2,,Múltiples titulares
10071072,1,802587,Titular único
10071074,1,529329,Titular único
10071114,1,437575,Titular único
10071199,1,228056,Titular único
10071231,1,795159,Titular único
10071246,1,86460,Titular único
10071365,1,453736,Titular único
10071402,1,804060,Titular único
10071432,1,130786,Titular único
10071494,1,943296,Titular único
10071513,1,144726,Titular único
10071563,1,792074,Titular único
10071577,2,,Múltiples titulares
10071579,1,792193,Titular único
10071582,1,524968,Titular único
10071583,1,10265652,Titular único
10071584,1,794478,Titular único
10071585,1,235223,Titular único
10071591,1,31555,Titular único
10071593,1,803562,Titular único
10071616,1,792775,Titular único
10071661,1,934788,Titular único
10071839,1,787149,Titular único
10071854,1,526019,Titular único
10071857,1,30793,Titular único
10071920,1,251643,Titular único
10071946,1,362886,Titular único
10072039,2,,Múltiples titulares
10072274,1,750896,Titular único
10072277,1,398130,Titular único
10072283,1,241339,Titular único
10072330,1,796235,Titular único
10072443,1,521455,Titular único
10072444,1,42388,Titular único
10072493,2,,Múltiples titulares
10072566,1,735743,Titular único
10072702,1,519467,Titular único
10072843,1,830400,Titular único
10072875,1,396470,Titular único
10072973,1,798179,Titular único
10073068,1,742425,Titular único
10073116,1,31885,Titular único
10073150,1,457658,Titular único
10073222,1,790064,Titular único
10073271,1,10323976,Titular único
10073273,1,795691,Titular único
10073277,1,794743,Titular único
10073284,1,799106,Titular único
10073290,1,300248,Titular único
10073318,1,154593,Titular único
10073338,1,10736823,Titular único
10073339,1,797407,Titular único
10073399,1,437866,Titular único
10073457,1,363829,Titular único
10073497,1,121940,Titular único
10073513,1,520292,Titular único
10073516,1,802295,Titular único
10073518,1,801251,Titular único
10073520,1,521252,Titular único
10073545,1,798560,Titular único
10073654,1,430148,Titular único
10073691,1,363823,Titular único
10073705,1,209895,Titular único
10073706,1,75488,Titular único
10073752,1,436447,Titular único
10073791,1,803733,Titular único
10073808,1,797639,Titular único
10073809,1,27606,Titular único
10073836,1,397446,Titular único
10073844,1,529557,Titular único
10073849,1,800618,Titular único
10073861,1,420174,Titular único
10073871,1,29484,Titular único
10073894,1,245804,Titular único
10073895,1,881597,Titular único
10073896,1,520710,Titular único
10073904,1,527865,Titular único
10073927,3,,Múltiples titulares
10073928,1,518988,Titular único
10073930,1,720150,Titular único
10073936,1,282538,Titular único
10073943,1,177045,Titular único
10073957,1,397669,Titular único
10073983,1,466606,Titular único
10074001,1,101857,Titular único
10074011,1,796662,Titular único
10074012,1,795355,Titular único
10074016,4,,Múltiples titulares
10074017,2,,Múltiples titulares
10074030,1,797574,Titular único
10074040,1,799072,Titular único
10074041,1,796681,Titular único
10074054,2,,Múltiples titulares
10074066,1,438587,Titular único
10074080,1,517121,Titular único
10074144,1,910446,Titular único
10074205,1,354209,Titular único
10074224,1,41338,Titular único
10074235,1,520846,Titular único
10074236,1,521747,Titular único
10074241,1,804082,Titular único
10074242,1,803834,Titular único
10074282,1,289555,Titular único
10074288,1,799846,Titular único
10074290,1,796967,Titular único
10074309,1,395828,Titular único
10074352,1,32202,Titular único
10074372,1,795411,Titular único
10074381,2,,Múltiples titulares
10074382,3,,Múltiples titulares
10074388,1,363829,Titular único
10074395,1,800621,Titular único
10074502,1,282161,Titular único
10074520,1,64661,Titular único
10074634,1,802316,Titular único
10074679,1,73064,Titular único
10074707,1,799896,Titular único
10074728,1,528368,Titular único
10074729,1,111850,Titular único
10074730,1,525403,Titular único
10074732,3,,Múltiples titulares
10074733,1,522085,Titular único
10074734,1,206676,Titular único
10074750,1,122630,Titular único
10074758,1,793873,Titular único
10074759,4,,Múltiples titulares
10074760,5,,Múltiples titulares
10074762,3,,Múltiples titulares
10074763,1,804152,Titular único
10074776,1,634385,Titular único
10074920,1,931229,Titular único
10074923,1,931301,Titular único
10074961,1,522142,Titular único
10074970,1,791078,Titular único
10074971,1,933449,Titular único
10074972,1,523913,Titular único
10075035,1,71216,Titular único
10075096,1,799637,Titular único
10075131,1,795282,Titular único
10075216,1,731294,Titular único
10075239,1,750028,Titular único
10075287,1,80490,Titular único
10075297,1,516107,Titular único
10075298,1,390476,Titular único
10075299,1,519729,Titular único
10075300,5,,Múltiples titulares
10075301,1,793400,Titular único
10075302,4,,Múltiples titulares
10075349,3,,Múltiples titulares
10075350,1,355234,Titular único
10075383,1,192921,Titular único
10075439,1,156189,Titular único
10075558,1,524700,Titular único
10075567,1,783020,Titular único
10075577,1,914308,Titular único
10075578,2,,Múltiples titulares
10075579,3,,Múltiples titulares
10075580,1,76840,Titular único
10075582,1,194984,Titular único
10075583,1,516710,Titular único
10075614,1,50310,Titular único
10075666,1,392890,Titular único
10075692,1,353780,Titular único
10075869,1,122366,Titular único
10075883,1,454587,Titular único
10075892,1,526618,Titular único
10076000,1,412115,Titular único
10076010,1,286495,Titular único
10076028,1,167441,Titular único
10076038,3,,Múltiples titulares
10076039,1,522081,Titular único
10076040,4,,Múltiples titulares
10076041,3,,Múltiples titulares
10076042,1,792953,Titular único
10076048,1,107552,Titular único
10076058,1,156795,Titular único
10076224,1,431558,Titular único
10076276,1,790626,Titular único
10076353,1,523964,Titular único
10076367,1,780327,Titular único
10076455,1,796151,Titular único
10076456,1,527739,Titular único
10076457,1,796261,Titular único
10076458,1,797121,Titular único
10076476,1,520593,Titular único
10076481,1,523692,Titular único
10076483,1,176481,Titular único
10076521,1,795215,Titular único
10076522,1,373711,Titular único
10076576,1,396703,Titular único
10076578,1,796630,Titular único
10076579,1,396793,Titular único
10076580,1,528220,Titular único
10076585,1,395724,Titular único
10076621,1,805021,Titular único
10076771,1,210584,Titular único
10076773,1,382876,Titular único
10076788,1,634374,Titular único
10076790,1,797181,Titular único
10076828,1,509203,Titular único
10076841,1,655877,Titular único
10076890,1,803952,Titular único
10076946,1,793354,Titular único
10076948,1,524160,Titular único
10076954,1,172874,Titular único
10076960,1,122630,Titular único
10076963,1,520374,Titular único
10076988,2,,Múltiples titulares
10077018,2,,Múltiples titulares
10077019,1,527733,Titular único
10077020,1,10123322,Titular único
10077023,1,355262,Titular único
10077031,1,804925,Titular único
10077033,1,526965,Titular único
10077034,1,657327,Titular único
10077051,1,395654,Titular único
10077052,1,932063,Titular único
10077053,1,395746,Titular único
10077054,1,112218,Titular único
10077076,1,797671,Titular único
10077078,1,524227,Titular único
10077089,1,798315,Titular único
10077181,1,528264,Titular único
10077185,1,800518,Titular único
10077193,1,795840,Titular único
10077272,1,800699,Titular único
10077273,1,522803,Titular único
10077277,1,397623,Titular único
10077326,1,519599,Titular único
10077353,1,375437,Titular único
10077527,1,75446,Titular único
10077531,1,797972,Titular único
10077617,1,112001,Titular único
10077700,1,912427,Titular único
10077704,1,203823,Titular único
10077823,1,797176,Titular único
10077827,1,113814,Titular único
10077886,1,354119,Titular único
10077941,1,417376,Titular único
10077950,1,783020,Titular único
10078082,1,159287,Titular único
10078119,1,657527,Titular único
10078121,2,,Múltiples titulares
10078122,5,,Múltiples titulares
10078123,2,,Múltiples titulares
10078124,1,397863,Titular único
10078182,1,658297,Titular único
10078183,1,523758,Titular único
10078197,1,114454,Titular único
10078198,1,114454,Titular único
10078199,1,355330,Titular único
10078231,1,799157,Titular único
10078241,2,,Múltiples titulares
10078279,1,315286,Titular único
10078319,1,807402,Titular único
10078329,1,71442,Titular único
10078467,1,395552,Titular único
10078591,1,113873,Titular único
10078597,1,114441,Titular único
10078630,1,373720,Titular único
10078638,1,860414,Titular único
10078661,1,207002,Titular único
10078664,1,10101624,Titular único
10079092,1,109018,Titular único
10079123,1,803825,Titular único
10079143,1,319764,Titular único
10079614,1,10473803,Titular único
10079628,1,227390,Titular único
10079704,1,455338,Titular único
10079709,1,912952,Titular único
10079758,1,455398,Titular único
10079776,1,400369,Titular único
10079794,1,731853,Titular único
10087893,1,796677,Titular único
10089355,1,520864,Titular único
10093655,1,10323631,Titular único
10100007,1,522773,Titular único
10100010,1,519595,Titular único
10100012,1,792716,Titular único
10100021,1,529898,Titular único
10100022,1,793560,Titular único
10100023,1,522298,Titular único
10100026,2,,Múltiples titulares
10100029,1,519059,Titular único
10100035,1,743699,Titular único
10100036,1,173455,Titular único
10100039,1,521608,Titular único
10100047,2,,Múltiples titulares
10100048,1,519021,Titular único
10100049,3,,Múltiples titulares
10100050,1,248705,Titular único
10100052,1,520086,Titular único
10100053,1,523105,Titular único
10100054,1,528659,Titular único
10100055,1,520738,Titular único
10100059,1,796343,Titular único
10100062,1,241569,Titular único
10100064,1,193658,Titular único
10100067,1,31829,Titular único
10100071,1,31188,Titular único
10100074,1,528489,Titular único
10100076,1,804919,Titular único
10100079,1,519400,Titular único
10100083,2,,Múltiples titulares
10100084,1,524722,Titular único
10100086,1,31829,Titular único
10100087,1,523084,Titular único
10100088,1,188562,Titular único
10100091,1,522421,Titular único
10100092,1,42665,Titular único
10100093,1,523741,Titular único
10100098,1,522672,Titular único
10100101,2,,Múltiples titulares
10100102,1,521971,Titular único
10100111,1,520881,Titular único
10100112,1,804206,Titular único
10100117,1,527084,Titular único
10100126,1,730217,Titular único
10100140,1,523118,Titular único
10100141,1,913618,Titular único
10100145,2,,Múltiples titulares
10100154,2,,Múltiples titulares
10100158,1,520471,Titular único
10100164,1,396586,Titular único
10100168,1,523853,Titular único
10100192,1,144150,Titular único
10100198,1,407741,Titular único
10100201,1,801474,Titular único
10100202,1,528342,Titular único
10100204,1,56583,Titular único
10100206,1,793691,Titular único
10100207,1,162858,Titular único
10100238,1,519784,Titular único
10100244,1,523581,Titular único
10100245,1,527278,Titular único
10100249,1,521516,Titular único
10100253,1,23610,Titular único
10100267,1,520784,Titular único
10100268,1,521689,Titular único
10100279,1,795139,Titular único
10100283,1,114302,Titular único
10100284,1,327852,Titular único
10100305,1,517225,Titular único
10100306,1,395327,Titular único
10100312,1,156721,Titular único
10100314,1,527492,Titular único
10100318,1,528010,Titular único
10100329,1,797931,Titular único
10100338,1,797126,Titular único
10100352,1,192488,Titular único
10100354,1,519736,Titular único
10100358,1,800009,Titular único
10100362,2,,Múltiples titulares
10100365,2,,Múltiples titulares
10100367,1,521704,Titular único
10100377,1,794811,Titular único
10100379,2,,Múltiples titulares
10100389,1,517873,Titular único
10100394,1,520844,Titular único
10100398,2,,Múltiples titulares
10100401,1,942965,Titular único
10100426,1,791349,Titular único
10100431,1,67714,Titular único
10100436,1,521093,Titular único
10100439,2,,Múltiples titulares
10100441,1,521281,Titular único
10100447,1,798491,Titular único
10100450,1,523955,Titular único
10100454,1,176329,Titular único
10100458,1,925393,Titular único
10100466,1,519425,Titular único
10100473,1,527889,Titular único
10100485,1,804218,Titular único
10100516,1,221597,Titular único
10100521,1,792633,Titular único
10100525,1,113895,Titular único
10100539,1,796695,Titular único
10100567,1,397926,Titular único
10100581,1,522245,Titular único
10100585,1,520555,Titular único
10100588,1,804153,Titular único
10100630,1,518513,Titular único
10100637,1,796645,Titular único
10100649,1,525290,Titular único
10100651,1,72190,Titular único
10100704,1,523753,Titular único
10100717,1,881772,Titular único
10100727,1,97298,Titular único
10100752,1,528349,Titular único
10100759,1,193555,Titular único
10100760,1,48156,Titular único
10100767,1,524469,Titular único
10100790,1,551555,Titular único
10100791,1,517264,Titular único
10100802,1,603189,Titular único
10100830,1,328916,Titular único
10100835,2,,Múltiples titulares
10100840,1,669042,Titular único
10100858,1,795066,Titular único
10100859,1,798730,Titular único
10100860,1,518175,Titular único
10100861,1,50843,Titular único
10100881,1,525390,Titular único
10100906,1,523694,Titular único
10100930,1,118010,Titular único
10100938,1,799561,Titular único
10100964,1,122076,Titular único
10100967,1,657032,Titular único
10100979,1,397869,Titular único
10100981,1,795208,Titular único
10101000,1,127967,Titular único
10101010,1,65318,Titular único
10101053,1,327019,Titular único
10101056,2,,Múltiples titulares
10101057,1,48319,Titular único
10101085,1,793290,Titular único
10101087,1,794236,Titular único
10101098,3,,Múltiples titulares
10101099,1,910702,Titular único
10101104,1,806549,Titular único
10101111,1,522871,Titular único
10101138,1,194590,Titular único
10101142,2,,Múltiples titulares
10101144,1,798580,Titular único
10101159,1,528681,Titular único
10101170,1,194512,Titular único
10101172,1,176398,Titular único
10101176,1,238576,Titular único
10101181,1,525266,Titular único
10101183,1,793289,Titular único
10101196,1,795898,Titular único
10101216,1,194123,Titular único
10101217,1,332087,Titular único
10101225,1,520844,Titular único
10101231,1,793626,Titular único
10101242,1,520748,Titular único
10101250,2,,Múltiples titulares
10101258,1,397567,Titular único
10101263,2,,Múltiples titulares
10101264,1,455427,Titular único
10101277,1,790592,Titular único
10101309,1,95278,Titular único
10101315,1,73073,Titular único
10101323,1,794045,Titular único
10101333,1,518468,Titular único
10101339,1,31576,Titular único
10101352,1,300811,Titular único
10101357,1,193101,Titular único
10101361,1,523332,Titular único
10101438,1,523517,Titular único
10101463,1,91408,Titular único
10101505,1,113476,Titular único
10101512,1,59721,Titular único
10101524,1,193302,Titular único
10101532,2,,Múltiples titulares
10101547,1,131688,Titular único
10101558,1,148371,Titular único
10101565,1,354876,Titular único
10101570,1,796491,Titular único
10101603,1,931265,Titular único
10101646,1,530095,Titular único
10101663,1,10101687,Titular único
10101677,1,807612,Titular único
10101687,1,528814,Titular único
10101695,1,81116,Titular único
10101700,1,10190192,Titular único
10101703,1,10101609,Titular único
10101705,1,531238,Titular único
10101715,1,808167,Titular único
10101723,1,530474,Titular único
10101729,1,139246,Titular único
10101743,1,963622,Titular único
10101748,1,204852,Titular único
10101814,1,525473,Titular único
10101841,2,,Múltiples titulares
10101843,1,528044,Titular único
10101847,1,802324,Titular único
10101851,2,,Múltiples titulares
10101862,1,10493171,Titular único
10101867,1,881682,Titular único
10101896,1,530121,Titular único
10101899,1,117070,Titular único
10101908,1,140136,Titular único
10101923,1,10265540,Titular único
10101929,1,523108,Titular único
10101961,1,531182,Titular único
10101986,1,798326,Titular único
10102008,2,,Múltiples titulares
10102032,1,10238698,Titular único
10102035,1,10102155,Titular único
10102039,1,10101923,Titular único
10102044,1,248538,Titular único
10102081,2,,Múltiples titulares
10102098,1,807222,Titular único
10102105,1,802160,Titular único
10102124,2,,Múltiples titulares
10102132,1,10135956,Titular único
10102137,2,,Múltiples titulares
10102139,1,10160219,Titular único
10102146,1,194707,Titular único
10102191,1,10101893,Titular único
10102196,1,10245813,Titular único
10102207,1,10495631,Titular único
10102213,1,10265540,Titular único
10102221,1,10102232,Titular único
10102231,1,10190353,Titular único
10102232,1,10323710,Titular único
10102240,1,10239535,Titular único
10102253,1,10244983,Titular único
10102258,1,797259,Titular único
10102264,2,,Múltiples titulares
10102293,1,10136133,Titular único
10102314,1,10102320,Titular único
10102328,2,,Múltiples titulares
10102342,1,10337361,Titular único
10102380,1,801397,Titular único
10102660,1,854581,Titular único
10102949,1,529349,Titular único
10104700,1,655011,Titular único
10104871,1,113165,Titular único
10106171,1,521744,Titular único
10107263,1,10239274,Titular único
10107601,1,799116,Titular único
10107603,2,,Múltiples titulares
10107605,1,114511,Titular único
10107606,2,,Múltiples titulares
10107607,3,,Múltiples titulares
10107609,1,807489,Titular único
10107610,4,,Múltiples titulares
10107611,3,,Múltiples titulares
10107612,1,10731304,Titular único
10107613,2,,Múltiples titulares
10107614,2,,Múltiples titulares
10107616,1,10336971,Titular único
10107617,1,805458,Titular único
10107618,1,800378,Titular único
10107619,1,551711,Titular único
10107621,3,,Múltiples titulares
10107622,3,,Múltiples titulares
10107623,6,,Múltiples titulares
10107624,2,,Múltiples titulares
10107625,1,10190515,Titular único
10107626,3,,Múltiples titulares
10107627,1,10141789,Titular único
10107628,1,10154358,Titular único
10107630,1,800969,Titular único
10108403,1,807671,Titular único
10108404,5,,Múltiples titulares
10108405,3,,Múltiples titulares
10108406,2,,Múltiples titulares
10108407,2,,Múltiples titulares
10108408,1,701933,Titular único
10108410,3,,Múltiples titulares
10108412,3,,Múltiples titulares
10108413,2,,Múltiples titulares
10108415,1,10135899,Titular único
10108416,2,,Múltiples titulares
10108417,2,,Múltiples titulares
10108418,2,,Múltiples titulares
10108419,1,10101895,Titular único
10108421,2,,Múltiples titulares
10108422,4,,Múltiples titulares
10108423,2,,Múltiples titulares
10108424,1,801671,Titular único
10108425,3,,Múltiples titulares
10108426,5,,Múltiples titulares
10108427,1,10223640,Titular único
10108428,1,10160241,Titular único
10108429,1,800121,Titular único
10108430,4,,Múltiples titulares
10108431,1,10154188,Titular único
10108432,2,,Múltiples titulares
10108433,1,10238860,Titular único
10108434,1,10323969,Titular único
10108435,2,,Múltiples titulares
10108436,3,,Múltiples titulares
10108437,2,,Múltiples titulares
10108438,5,,Múltiples titulares
10108439,1,523135,Titular único
10108440,4,,Múltiples titulares
10108441,1,61352,Titular único
10108442,5,,Múltiples titulares
10108443,3,,Múltiples titulares
10108444,4,,Múltiples titulares
10108445,3,,Múltiples titulares
10108446,2,,Múltiples titulares
10108447,2,,Múltiples titulares
10108448,6,,Múltiples titulares
10108449,3,,Múltiples titulares
10108450,3,,Múltiples titulares
10108451,2,,Múltiples titulares
10108452,2,,Múltiples titulares
10108453,3,,Múltiples titulares
10108454,2,,Múltiples titulares
10108455,3,,Múltiples titulares
10108457,3,,Múltiples titulares
10108458,1,61352,Titular único
10108459,2,,Múltiples titulares
10108460,1,10184101,Titular único
10108629,1,10824737,Titular único
10109262,1,802441,Titular único
10109503,1,10101852,Titular único
10109574,1,10154319,Titular único
10109602,1,801964,Titular único
10109603,1,875116,Titular único
10109604,1,793483,Titular único
10109605,2,,Múltiples titulares
10109606,2,,Múltiples titulares
10109607,5,,Múltiples titulares
10109608,2,,Múltiples titulares
10109609,2,,Múltiples titulares
10109610,1,795831,Titular único
10109611,3,,Múltiples titulares
10109612,4,,Múltiples titulares
10109613,2,,Múltiples titulares
10109615,1,525588,Titular único
10109616,1,802588,Titular único
10109617,2,,Múltiples titulares
10109618,2,,Múltiples titulares
10109619,3,,Múltiples titulares
10109621,2,,Múltiples titulares
10109622,1,523681,Titular único
10109623,1,517128,Titular único
10109624,1,10184278,Titular único
10109625,2,,Múltiples titulares
10109627,4,,Múltiples titulares
10109628,1,794667,Titular único
10109629,2,,Múltiples titulares
10109631,2,,Múltiples titulares
10109633,1,529673,Titular único
10109634,1,657568,Titular único
10109635,3,,Múltiples titulares
10109636,1,10229533,Titular único
10109637,6,,Múltiples titulares
10109639,3,,Múltiples titulares
10109640,1,800138,Titular único
10109641,2,,Múltiples titulares
10109643,3,,Múltiples titulares
10109645,3,,Múltiples titulares
10109646,4,,Múltiples titulares
10109647,2,,Múltiples titulares
10109648,3,,Múltiples titulares
10109649,2,,Múltiples titulares
10109650,1,10207404,Titular único
10109651,4,,Múltiples titulares
10109652,1,800767,Titular único
10109654,5,,Múltiples titulares
10109656,5,,Múltiples titulares
10109657,3,,Múltiples titulares
10109659,5,,Múltiples titulares
10109660,2,,Múltiples titulares
10109661,4,,Múltiples titulares
10109662,1,10154140,Titular único
10109663,2,,Múltiples titulares
10109664,2,,Múltiples titulares
10109665,2,,Múltiples titulares
10109666,4,,Múltiples titulares
10109667,3,,Múltiples titulares
10109669,1,396903,Titular único
10109670,4,,Múltiples titulares
10109671,2,,Múltiples titulares
10109672,1,10323994,Titular único
10109673,4,,Múltiples titulares
10109674,5,,Múltiples titulares
10109676,4,,Múltiples titulares
10109677,3,,Múltiples titulares
10109678,2,,Múltiples titulares
10109679,2,,Múltiples titulares
10109680,3,,Múltiples titulares
10109681,3,,Múltiples titulares
10109682,1,115246,Titular único
10109683,2,,Múltiples titulares
10109684,1,10244896,Titular único
10109850,1,10207404,Titular único
10109992,1,114450,Titular único
10110051,1,796599,Titular único
10110119,1,797305,Titular único
10110800,1,522362,Titular único
10110801,1,797346,Titular único
10110802,1,791454,Titular único
10110804,1,523067,Titular único
10110805,3,,Múltiples titulares
10110806,1,860441,Titular único
10110807,4,,Múltiples titulares
10110808,4,,Múltiples titulares
10110810,1,795696,Titular único
10110811,1,801821,Titular único
10110814,1,525310,Titular único
10110815,2,,Múltiples titulares
10110816,1,807642,Titular único
10110817,4,,Múltiples titulares
10110818,1,226633,Titular único
10110820,3,,Múltiples titulares
10110821,1,327449,Titular único
10110823,1,801303,Titular único
10110824,3,,Múltiples titulares
10110825,1,807754,Titular único
10110826,2,,Múltiples titulares
10110827,2,,Múltiples titulares
10110828,2,,Múltiples titulares
10110830,2,,Múltiples titulares
10110831,3,,Múltiples titulares
10110833,1,800111,Titular único
10110834,1,523325,Titular único
10110835,2,,Múltiples titulares
10110836,3,,Múltiples titulares
10110838,5,,Múltiples titulares
10110839,2,,Múltiples titulares
10110841,1,800080,Titular único
10110842,1,531557,Titular único
10110843,3,,Múltiples titulares
10110844,3,,Múltiples titulares
10110845,1,523401,Titular único
10110846,3,,Múltiples titulares
10110847,1,10323933,Titular único
10110848,1,731334,Titular único
10110849,1,520105,Titular único
10110850,4,,Múltiples titulares
10110851,3,,Múltiples titulares
10110852,1,807557,Titular único
10110853,1,808178,Titular único
10110854,2,,Múltiples titulares
10110855,2,,Múltiples titulares
10110856,3,,Múltiples titulares
10110859,1,113483,Titular único
10110860,3,,Múltiples titulares
10110861,3,,Múltiples titulares
10110862,1,264422,Titular único
10110864,1,531141,Titular único
10110865,2,,Múltiples titulares
10110866,2,,Múltiples titulares
10110867,1,528593,Titular único
10110868,1,796382,Titular único
10110870,1,805131,Titular único
10110871,2,,Múltiples titulares
10110872,1,527499,Titular único
10110873,1,796422,Titular único
10110874,1,527704,Titular único
10110877,3,,Múltiples titulares
10110878,3,,Múltiples titulares
10110879,2,,Múltiples titulares
10110880,3,,Múltiples titulares
10110881,1,522105,Titular único
10110882,2,,Múltiples titulares
10110883,3,,Múltiples titulares
10110884,4,,Múltiples titulares
10110885,2,,Múltiples titulares
10110886,2,,Múltiples titulares
10110887,1,125228,Titular único
10110890,2,,Múltiples titulares
10110891,3,,Múltiples titulares
10110892,1,800925,Titular único
10110894,2,,Múltiples titulares
10110896,5,,Múltiples titulares
10110898,2,,Múltiples titulares
10110899,3,,Múltiples titulares
10110900,3,,Múltiples titulares
10110901,2,,Múltiples titulares
10110902,1,796534,Titular único
10110903,2,,Múltiples titulares
10110904,3,,Múltiples titulares
10110905,2,,Múltiples titulares
10110906,1,799218,Titular único
10110907,2,,Múltiples titulares
10110908,4,,Múltiples titulares
10110909,3,,Múltiples titulares
10110910,1,530136,Titular único
10110913,5,,Múltiples titulares
10110914,4,,Múltiples titulares
10110915,4,,Múltiples titulares
10110919,1,933900,Titular único
10110921,1,743267,Titular único
10110922,2,,Múltiples titulares
10110923,4,,Múltiples titulares
10110924,1,73342,Titular único
10110925,4,,Múltiples titulares
10110928,1,524716,Titular único
10110929,1,796576,Titular único
10110930,1,525250,Titular único
10110932,8,,Múltiples titulares
10110934,5,,Múltiples titulares
10110935,3,,Múltiples titulares
10110936,1,524192,Titular único
10110937,3,,Múltiples titulares
10110938,4,,Múltiples titulares
10110940,3,,Múltiples titulares
10110941,4,,Múltiples titulares
10110942,3,,Múltiples titulares
10110943,4,,Múltiples titulares
10110945,2,,Múltiples titulares
10110946,4,,Múltiples titulares
10110947,1,524430,Titular único
10110948,4,,Múltiples titulares
10110949,2,,Múltiples titulares
10110950,2,,Múltiples titulares
10110951,1,10238916,Titular único
10110952,1,795279,Titular único
10110954,1,799045,Titular único
10110955,1,531309,Titular único
10110957,1,529604,Titular único
10110958,2,,Múltiples titulares
10110959,1,524168,Titular único
10110960,2,,Múltiples titulares
10110961,2,,Múltiples titulares
10110962,2,,Múltiples titulares
10110963,2,,Múltiples titulares
10110964,3,,Múltiples titulares
10110967,1,58269,Titular único
10110968,2,,Múltiples titulares
10110969,1,113470,Titular único
10110970,1,527614,Titular único
10110972,3,,Múltiples titulares
10110973,2,,Múltiples titulares
10110974,1,10142034,Titular único
10110975,2,,Múltiples titulares
10110976,2,,Múltiples titulares
10110977,4,,Múltiples titulares
10110978,2,,Múltiples titulares
10110979,1,658165,Titular único
10110981,1,520717,Titular único
10110982,1,524094,Titular único
10110983,3,,Múltiples titulares
10110985,3,,Múltiples titulares
10110986,1,66676,Titular único
10110987,1,525328,Titular único
10110989,1,522950,Titular único
10110991,1,797107,Titular único
10110992,2,,Múltiples titulares
10110994,2,,Múltiples titulares
10110995,1,10305902,Titular único
10110996,1,10265546,Titular único
10110997,3,,Múltiples titulares
10110998,2,,Múltiples titulares
10111000,2,,Múltiples titulares
10111001,1,572909,Titular único
10111002,1,797328,Titular único
10111003,3,,Múltiples titulares
10111004,1,528536,Titular único
10111005,4,,Múltiples titulares
10111006,3,,Múltiples titulares
10111007,2,,Múltiples titulares
10111010,3,,Múltiples titulares
10111011,1,73187,Titular único
10111014,1,852015,Titular único
10111015,3,,Múltiples titulares
10111016,2,,Múltiples titulares
10111017,2,,Múltiples titulares
10111019,2,,Múltiples titulares
10111020,2,,Múltiples titulares
10111021,6,,Múltiples titulares
10111022,3,,Múltiples titulares
10111023,3,,Múltiples titulares
10111025,1,522663,Titular único
10111027,2,,Múltiples titulares
10111028,4,,Múltiples titulares
10111029,2,,Múltiples titulares
10111030,3,,Múltiples titulares
10111031,2,,Múltiples titulares
10111032,1,528984,Titular único
10111033,2,,Múltiples titulares
10111034,3,,Múltiples titulares
10111035,3,,Múltiples titulares
10111036,1,522253,Titular único
10111037,2,,Múltiples titulares
10111038,2,,Múltiples titulares
10111039,1,525380,Titular único
10111040,4,,Múltiples titulares
10111041,2,,Múltiples titulares
10111042,2,,Múltiples titulares
10111043,3,,Múltiples titulares
10111044,4,,Múltiples titulares
10111045,1,796639,Titular único
10111046,3,,Múltiples titulares
10111047,3,,Múltiples titulares
10111048,4,,Múltiples titulares
10111049,1,531061,Titular único
10111050,3,,Múltiples titulares
10111051,1,10324029,Titular único
10111052,4,,Múltiples titulares
10111054,3,,Múltiples titulares
10111055,5,,Múltiples titulares
10111056,2,,Múltiples titulares
10111057,2,,Múltiples titulares
10111058,1,797534,Titular único
10111059,6,,Múltiples titulares
10111060,2,,Múltiples titulares
10111061,3,,Múltiples titulares
10111062,6,,Múltiples titulares
10111063,3,,Múltiples titulares
10111064,1,531009,Titular único
10111065,3,,Múltiples titulares
10111066,1,800393,Titular único
10111067,1,10305447,Titular único
10111068,3,,Múltiples titulares
10111069,3,,Múltiples titulares
10111070,7,,Múltiples titulares
10111071,2,,Múltiples titulares
10111072,6,,Múltiples titulares
10111073,2,,Múltiples titulares
10111074,1,11281069,Titular único
10111075,4,,Múltiples titulares
10111076,2,,Múltiples titulares
10111077,7,,Múltiples titulares
10111078,4,,Múltiples titulares
10111080,1,10223377,Titular único
10111081,3,,Múltiples titulares
10111083,2,,Múltiples titulares
10111084,1,797080,Titular único
10111093,1,525250,Titular único
10112000,2,,Múltiples titulares
10112002,1,134701,Titular único
10112006,1,531663,Titular único
10112009,1,795704,Titular único
10112010,2,,Múltiples titulares
10112011,1,10323588,Titular único
10112012,3,,Múltiples titulares
10112014,1,404443,Titular único
10112015,1,524401,Titular único
10112016,1,518344,Titular único
10112017,1,808118,Titular único
10112020,1,795469,Titular único
10112021,1,803720,Titular único
10112025,1,10142092,Titular único
10112027,1,634378,Titular único
10112028,2,,Múltiples titulares
10112029,2,,Múltiples titulares
10112030,1,10709592,Titular único
10112032,1,247309,Titular único
10112033,1,10136365,Titular único
10112034,1,803668,Titular único
10112035,2,,Múltiples titulares
10112036,2,,Múltiples titulares
10112037,1,10223252,Titular único
10112038,4,,Múltiples titulares
10112039,1,800897,Titular único
10112040,1,657533,Titular único
10112041,2,,Múltiples titulares
10112042,5,,Múltiples titulares
10112043,4,,Múltiples titulares
10112044,4,,Múltiples titulares
10112045,3,,Múltiples titulares
10112046,7,,Múltiples titulares
10112047,2,,Múltiples titulares
10112048,1,527787,Titular único
10112049,4,,Múltiples titulares
10112050,1,10223637,Titular único
10112051,2,,Múltiples titulares
10112052,5,,Múltiples titulares
10112053,2,,Múltiples titulares
10112054,2,,Múltiples titulares
10112055,2,,Múltiples titulares
10112056,4,,Múltiples titulares
10112057,2,,Múltiples titulares
10112058,3,,Múltiples titulares
10112059,3,,Múltiples titulares
10112060,2,,Múltiples titulares
10112061,4,,Múltiples titulares
10112062,3,,Múltiples titulares
10112063,4,,Múltiples titulares
10112064,4,,Múltiples titulares
10112065,3,,Múltiples titulares
10112066,3,,Múltiples titulares
10112067,2,,Múltiples titulares
10112068,3,,Múltiples titulares
10112069,1,11368793,Titular único
10112070,4,,Múltiples titulares
10112072,1,807269,Titular único
10112074,2,,Múltiples titulares
10112076,1,524967,Titular único
10112077,3,,Múltiples titulares
10112079,5,,Múltiples titulares
10112081,1,523138,Titular único
10112083,3,,Múltiples titulares
10112084,3,,Múltiples titulares
10112085,4,,Múltiples titulares
10112086,4,,Múltiples titulares
10112087,4,,Múltiples titulares
10112088,2,,Múltiples titulares
10112090,3,,Múltiples titulares
10112091,4,,Múltiples titulares
10112092,2,,Múltiples titulares
10112093,2,,Múltiples titulares
10112094,2,,Múltiples titulares
10112095,5,,Múltiples titulares
10112097,4,,Múltiples titulares
10112098,3,,Múltiples titulares
10112101,4,,Múltiples titulares
10112102,1,10184386,Titular único
10112103,2,,Múltiples titulares
10112104,1,10229317,Titular único
10112105,1,529665,Titular único
10112106,1,530082,Titular único
10112107,3,,Múltiples titulares
10112109,3,,Múltiples titulares
10112110,5,,Múltiples titulares
10112111,1,10306114,Titular único
10112112,2,,Múltiples titulares
10112113,4,,Múltiples titulares
10112115,1,802538,Titular único
10112116,1,529966,Titular único
10112117,4,,Múltiples titulares
10112118,4,,Múltiples titulares
10112119,4,,Múltiples titulares
10112120,1,127455,Titular único
10112121,2,,Múltiples titulares
10112122,1,30071,Titular único
10112123,4,,Múltiples titulares
10112124,2,,Múltiples titulares
10112125,6,,Múltiples titulares
10112126,4,,Múltiples titulares
10112127,2,,Múltiples titulares
10112128,2,,Múltiples titulares
10112129,1,530737,Titular único
10112130,2,,Múltiples titulares
10112131,4,,Múltiples titulares
10112134,1,528060,Titular único
10112135,1,522830,Titular único
10112136,2,,Múltiples titulares
10112137,5,,Múltiples titulares
10112138,4,,Múltiples titulares
10112139,4,,Múltiples titulares
10112141,1,527906,Titular único
10112142,1,524964,Titular único
10112143,3,,Múltiples titulares
10112145,2,,Múltiples titulares
10112146,5,,Múltiples titulares
10112147,1,10154339,Titular único
10112148,3,,Múltiples titulares
10112149,2,,Múltiples titulares
10112150,7,,Múltiples titulares
10112151,1,10184073,Titular único
10112152,2,,Múltiples titulares
10112153,4,,Múltiples titulares
10112154,3,,Múltiples titulares
10112156,2,,Múltiples titulares
10112157,1,10305685,Titular único
10112158,1,735601,Titular único
10112159,6,,Múltiples titulares
10112160,1,528406,Titular único
10112161,3,,Múltiples titulares
10112162,1,10238799,Titular único
10112163,3,,Múltiples titulares
10112165,3,,Múltiples titulares
10112166,3,,Múltiples titulares
10112167,2,,Múltiples titulares
10112168,4,,Múltiples titulares
10112169,3,,Múltiples titulares
10112170,5,,Múltiples titulares
10112171,2,,Múltiples titulares
10112172,3,,Múltiples titulares
10112173,2,,Múltiples titulares
10112174,1,10245285,Titular único
10112175,5,,Múltiples titulares
10112176,3,,Múltiples titulares
10112177,1,10311219,Titular único
10112178,2,,Múltiples titulares
10112179,2,,Múltiples titulares
10112180,4,,Múltiples titulares
10112181,4,,Múltiples titulares
10112183,1,527935,Titular único
10112184,3,,Múltiples titulares
10112185,3,,Múltiples titulares
10112186,4,,Múltiples titulares
10112187,4,,Múltiples titulares
10112188,4,,Múltiples titulares
10112189,1,10245259,Titular único
10112190,3,,Múltiples titulares
10112191,5,,Múltiples titulares
10112193,2,,Múltiples titulares
10112194,2,,Múltiples titulares
10112195,1,10223649,Titular único
10112196,2,,Múltiples titulares
10112197,2,,Múltiples titulares
10112198,2,,Múltiples titulares
10112199,5,,Múltiples titulares
10112200,3,,Múltiples titulares
10112201,3,,Múltiples titulares
10112202,1,455549,Titular único
10112204,1,10305982,Titular único
10112205,4,,Múltiples titulares
10112206,2,,Múltiples titulares
10112207,1,11167818,Titular único
10112208,1,525042,Titular único
10112209,4,,Múltiples titulares
10112210,4,,Múltiples titulares
10112212,1,800936,Titular único
10112213,6,,Múltiples titulares
10112214,6,,Múltiples titulares
10112215,5,,Múltiples titulares
10112216,3,,Múltiples titulares
10112217,8,,Múltiples titulares
10112218,3,,Múltiples titulares
10112219,3,,Múltiples titulares
10112220,2,,Múltiples titulares
10112221,2,,Múltiples titulares
10112223,2,,Múltiples titulares
10112224,2,,Múltiples titulares
10112225,1,11104567,Titular único
10112226,1,520942,Titular único
10112227,1,797031,Titular único
10112228,4,,Múltiples titulares
10112229,3,,Múltiples titulares
10112230,3,,Múltiples titulares
10112231,2,,Múltiples titulares
10112232,3,,Múltiples titulares
10112233,1,10223608,Titular único
10112234,5,,Múltiples titulares
10112235,1,800592,Titular único
10112236,1,10207749,Titular único
10112237,2,,Múltiples titulares
10112238,6,,Múltiples titulares
10112239,2,,Múltiples titulares
10112240,4,,Múltiples titulares
10112241,2,,Múltiples titulares
10112242,2,,Múltiples titulares
10112243,3,,Múltiples titulares
10112245,1,10229440,Titular único
10112246,4,,Múltiples titulares
10112247,2,,Múltiples titulares
10112248,4,,Múltiples titulares
10112249,1,527523,Titular único
10112250,6,,Múltiples titulares
10112251,2,,Múltiples titulares
10112252,1,10229886,Titular único
10112254,2,,Múltiples titulares
10112256,4,,Múltiples titulares
10112257,2,,Múltiples titulares
10112258,5,,Múltiples titulares
10112259,2,,Múltiples titulares
10112260,2,,Múltiples titulares
10112261,1,71767,Titular único
10112262,1,10223478,Titular único
10112263,4,,Múltiples titulares
10112264,1,520132,Titular único
10112265,2,,Múltiples titulares
10112266,2,,Múltiples titulares
10112267,2,,Múltiples titulares
10112268,1,525212,Titular único
10112269,3,,Múltiples titulares
10112270,2,,Múltiples titulares
10112271,8,,Múltiples titulares
10112272,3,,Múltiples titulares
10112273,3,,Múltiples titulares
10112274,4,,Múltiples titulares
10112276,2,,Múltiples titulares
10112277,2,,Múltiples titulares
10112278,7,,Múltiples titulares
10112279,3,,Múltiples titulares
10112280,2,,Múltiples titulares
10112281,2,,Múltiples titulares
10112282,2,,Múltiples titulares
10112283,1,10184489,Titular único
10112284,3,,Múltiples titulares
10112285,5,,Múltiples titulares
10112286,1,528371,Titular único
10112288,1,530490,Titular único
10112289,3,,Múltiples titulares
10112290,5,,Múltiples titulares
10112291,2,,Múltiples titulares
10112292,1,10709256,Titular único
10112293,4,,Múltiples titulares
10112294,5,,Múltiples titulares
10112295,4,,Múltiples titulares
10112296,2,,Múltiples titulares
10112297,2,,Múltiples titulares
10112298,6,,Múltiples titulares
10112299,3,,Múltiples titulares
10112300,2,,Múltiples titulares
10112301,1,10262839,Titular único
10112303,4,,Múltiples titulares
10112304,3,,Múltiples titulares
10112305,2,,Múltiples titulares
10112306,5,,Múltiples titulares
10112307,3,,Múltiples titulares
10112308,4,,Múltiples titulares
10112309,2,,Múltiples titulares
10112310,2,,Múltiples titulares
10112311,2,,Múltiples titulares
10112312,2,,Múltiples titulares
10112313,2,,Múltiples titulares
10112314,1,797779,Titular único
10112315,2,,Múltiples titulares
10112316,1,10733213,Titular único
10112317,6,,Múltiples titulares
10112318,5,,Múltiples titulares
10112321,5,,Múltiples titulares
10112322,7,,Múltiples titulares
10112323,1,10123558,Titular único
10112324,3,,Múltiples titulares
10112325,7,,Múltiples titulares
10112326,3,,Múltiples titulares
10112327,3,,Múltiples titulares
10112328,4,,Múltiples titulares
10112329,4,,Múltiples titulares
10112332,1,209896,Titular único
10112333,5,,Múltiples titulares
10112334,1,10337195,Titular único
10112335,2,,Múltiples titulares
10112336,1,802077,Titular único
10112338,3,,Múltiples titulares
10112339,2,,Múltiples titulares
10112340,3,,Múltiples titulares
10112341,6,,Múltiples titulares
10112342,1,10537752,Titular único
10112343,4,,Múltiples titulares
10112344,8,,Múltiples titulares
10112345,1,10733238,Titular único
10112346,3,,Múltiples titulares
10112347,3,,Múltiples titulares
10112348,3,,Múltiples titulares
10112349,5,,Múltiples titulares
10112351,2,,Múltiples titulares
10112352,2,,Múltiples titulares
10112353,2,,Múltiples titulares
10112354,2,,Múltiples titulares
10112356,3,,Múltiples titulares
10112357,4,,Múltiples titulares
10112358,5,,Múltiples titulares
10112359,1,10262669,Titular único
10112360,2,,Múltiples titulares
10112361,3,,Múltiples titulares
10112362,2,,Múltiples titulares
10112364,1,10324264,Titular único
10112365,4,,Múltiples titulares
10112366,2,,Múltiples titulares
10112368,2,,Múltiples titulares
10112369,3,,Múltiples titulares
10112370,6,,Múltiples titulares
10112371,2,,Múltiples titulares
10112372,4,,Múltiples titulares
10112373,1,10229433,Titular único
10112374,3,,Múltiples titulares
10112375,3,,Múltiples titulares
10112376,1,530118,Titular único
10112379,2,,Múltiples titulares
10112380,2,,Múltiples titulares
10112382,3,,Múltiples titulares
10112383,1,530134,Titular único
10112384,4,,Múltiples titulares
10112385,1,10230005,Titular único
10112386,1,10224267,Titular único
10112387,1,800542,Titular único
10112388,1,529350,Titular único
10112390,4,,Múltiples titulares
10112391,2,,Múltiples titulares
10112393,2,,Múltiples titulares
10112395,1,791834,Titular único
10112396,1,798554,Titular único
10112398,1,529383,Titular único
10112399,2,,Múltiples titulares
10112400,2,,Múltiples titulares
10112401,1,795441,Titular único
10112402,3,,Múltiples titulares
10112403,1,10245565,Titular único
10112404,1,42400,Titular único
10112405,2,,Múltiples titulares
10112406,1,10323788,Titular único
10112407,1,10223304,Titular único
10112409,1,10262837,Titular único
10112410,2,,Múltiples titulares
10112411,4,,Múltiples titulares
10112412,2,,Múltiples titulares
10112414,4,,Múltiples titulares
10112415,1,10262507,Titular único
10112416,1,11306734,Titular único
10112417,1,634385,Titular único
10112419,4,,Múltiples titulares
10112420,2,,Múltiples titulares
10112421,2,,Múltiples titulares
10112422,2,,Múltiples titulares
10112424,1,10999626,Titular único
10112427,1,10324112,Titular único
10112501,1,10154363,Titular único
10112518,1,10041636,Titular único
10112632,1,10262859,Titular único
10112659,1,10736976,Titular único
10113200,2,,Múltiples titulares
10113201,1,524705,Titular único
10113203,2,,Múltiples titulares
10113204,1,531069,Titular único
10113205,2,,Múltiples titulares
10113206,1,635072,Titular único
10113207,1,527908,Titular único
10113208,3,,Múltiples titulares
10113209,3,,Múltiples titulares
10113210,1,519837,Titular único
10113211,2,,Múltiples titulares
10113212,3,,Múltiples titulares
10113213,3,,Múltiples titulares
10113214,1,396241,Titular único
10113216,4,,Múltiples titulares
10113217,2,,Múltiples titulares
10113219,1,530514,Titular único
10113220,3,,Múltiples titulares
10113221,3,,Múltiples titulares
10113222,2,,Múltiples titulares
10113223,3,,Múltiples titulares
10113224,2,,Múltiples titulares
10113225,1,355274,Titular único
10113226,4,,Múltiples titulares
10113228,3,,Múltiples titulares
10113229,2,,Múltiples titulares
10113230,2,,Múltiples titulares
10113233,3,,Múltiples titulares
10113235,2,,Múltiples titulares
10113236,2,,Múltiples titulares
10113237,3,,Múltiples titulares
10113238,4,,Múltiples titulares
10113239,1,795387,Titular único
10113240,2,,Múltiples titulares
10113244,1,527622,Titular único
10113245,1,522560,Titular único
10113246,2,,Múltiples titulares
10113247,5,,Múltiples titulares
10113248,4,,Múltiples titulares
10113249,4,,Múltiples titulares
10113250,1,10190383,Titular único
10113251,2,,Múltiples titulares
10113252,1,521075,Titular único
10113253,5,,Múltiples titulares
10113254,3,,Múltiples titulares
10113255,2,,Múltiples titulares
10113256,1,233251,Titular único
10113258,1,657481,Titular único
10113259,1,801270,Titular único
10113260,3,,Múltiples titulares
10113261,5,,Múltiples titulares
10113262,2,,Múltiples titulares
10113263,3,,Múltiples titulares
10113264,3,,Múltiples titulares
10113265,4,,Múltiples titulares
10113266,3,,Múltiples titulares
10113267,1,529592,Titular único
10113268,6,,Múltiples titulares
10113269,4,,Múltiples titulares
10113270,2,,Múltiples titulares
10113271,3,,Múltiples titulares
10113272,3,,Múltiples titulares
10113273,5,,Múltiples titulares
10113274,2,,Múltiples titulares
10113275,5,,Múltiples titulares
10113276,7,,Múltiples titulares
10113277,2,,Múltiples titulares
10113279,1,10142404,Titular único
10113280,4,,Múltiples titulares
10113281,3,,Múltiples titulares
10113282,1,10154195,Titular único
10113283,3,,Múltiples titulares
10113284,3,,Múltiples titulares
10113285,3,,Múltiples titulares
10113287,3,,Múltiples titulares
10113288,1,10324205,Titular único
10113290,3,,Múltiples titulares
10113292,1,808811,Titular único
10113950,1,351972,Titular único
10113951,1,712113,Titular único
10113981,1,942867,Titular único
10114024,1,438732,Titular único
10114077,1,10735269,Titular único
10114086,1,10617576,Titular único
10114099,1,10172217,Titular único
10115135,1,519785,Titular único
10115140,2,,Múltiples titulares
10115176,1,10678655,Titular único
10115180,1,11284708,Titular único
10115181,1,154906,Titular único
10115916,1,10813926,Titular único
10117844,1,10136467,Titular único
10118285,1,793039,Titular único
10120002,1,42510,Titular único
10121398,1,530536,Titular único
10123013,1,809216,Titular único
10123160,1,527625,Titular único
10123165,1,799954,Titular único
10123166,1,523034,Titular único
10123169,1,807403,Titular único
10123170,1,530035,Titular único
10123172,1,174125,Titular único
10123176,1,10184054,Titular único
10123180,1,524678,Titular único
10123184,1,10123227,Titular único
10123189,1,527009,Titular único
10123193,2,,Múltiples titulares
10123194,2,,Múltiples titulares
10123202,1,527588,Titular único
10123203,1,798298,Titular único
10123220,1,527848,Titular único
10123228,1,79972,Titular único
10123232,1,657857,Titular único
10123235,1,796055,Titular único
10123238,1,527725,Titular único
10123242,2,,Múltiples titulares
10123246,1,860710,Titular único
10123248,2,,Múltiples titulares
10123251,2,,Múltiples titulares
10123257,1,529582,Titular único
10123266,1,528490,Titular único
10123272,1,10305534,Titular único
10123273,1,802711,Titular único
10123280,1,46873,Titular único
10123285,1,538911,Titular único
10123286,1,527531,Titular único
10123292,1,798282,Titular único
10123302,1,934182,Titular único
10123307,3,,Múltiples titulares
10123308,1,528006,Titular único
10123309,1,792159,Titular único
10123310,1,31721,Titular único
10123312,1,30634,Titular único
10123324,2,,Múltiples titulares
10123325,1,42372,Titular único
10123328,1,790643,Titular único
10123336,2,,Múltiples titulares
10123341,1,798319,Titular único
10123347,1,527579,Titular único
10123349,1,527621,Titular único
10123354,1,531336,Titular único
10123355,2,,Múltiples titulares
10123357,2,,Múltiples titulares
10123361,4,,Múltiples titulares
10123364,1,523477,Titular único
10123371,1,801590,Titular único
10123375,1,525068,Titular único
10123384,1,521183,Titular único
10123403,3,,Múltiples titulares
10123405,1,524683,Titular único
10123410,1,524685,Titular único
10123415,2,,Múltiples titulares
10123417,1,10223224,Titular único
10123421,1,801698,Titular único
10123429,3,,Múltiples titulares
10123439,1,531314,Titular único
10123443,1,398136,Titular único
10123445,1,795936,Titular único
10123446,1,925379,Titular único
10123449,1,10123313,Titular único
10123457,1,801440,Titular único
10123462,1,802315,Titular único
10123463,1,529306,Titular único
10123471,1,520673,Titular único
10123472,1,529621,Titular único
10123473,1,407761,Titular único
10123475,1,524660,Titular único
10123478,1,799947,Titular único
10123480,1,524676,Titular único
10123481,1,524667,Titular único
10123486,1,798311,Titular único
10123503,1,524637,Titular único
10123505,1,10057278,Titular único
10123508,1,531542,Titular único
10123516,1,10123550,Titular único
10123517,1,10123332,Titular único
10123522,1,527556,Titular único
10123524,1,531359,Titular único
10123533,1,721986,Titular único
10123537,1,799986,Titular único
10123538,2,,Múltiples titulares
10123541,1,527617,Titular único
10123556,1,531235,Titular único
10123561,2,,Múltiples titulares
10123571,1,799065,Titular único
10123572,2,,Múltiples titulares
10123575,1,10123574,Titular único
10123579,2,,Múltiples titulares
10123587,1,798779,Titular único
10123588,1,800078,Titular único
10123589,1,526610,Titular único
10123597,1,527585,Titular único
10123602,1,808134,Titular único
10123604,1,524693,Titular único
10123610,2,,Múltiples titulares
10123613,1,156467,Titular único
10123615,1,932996,Titular único
10123622,1,124968,Titular único
10123624,1,10305679,Titular único
10123631,3,,Múltiples titulares
10123635,1,527581,Titular único
10123639,1,10123637,Titular único
10123642,1,531337,Titular único
10123644,1,10123253,Titular único
10123645,2,,Múltiples titulares
10123650,2,,Múltiples titulares
10123657,1,10305933,Titular único
10123662,1,801402,Titular único
10123663,1,10324038,Titular único
10123674,1,524682,Titular único
10123679,1,931245,Titular único
10123680,2,,Múltiples titulares
10123681,1,10305399,Titular único
10123685,1,10123637,Titular único
10123688,1,10306595,Titular único
10123689,1,10123192,Titular único
10123690,1,799648,Titular único
10123694,2,,Múltiples titulares
10123696,1,793526,Titular único
10123697,1,10262611,Titular único
10123704,1,529290,Titular único
10123705,1,530377,Titular único
10123706,1,528312,Titular único
10123707,1,10123338,Titular único
10123708,1,10123491,Titular único
10123713,1,287192,Titular único
10123714,1,10123686,Titular único
10123720,2,,Múltiples titulares
10123721,1,396523,Titular único
10123724,1,800025,Titular único
10123727,1,10306161,Titular único
10123730,1,10305736,Titular único
10123731,1,808225,Titular único
10123742,1,807633,Titular único
10123744,2,,Múltiples titulares
10123750,2,,Múltiples titulares
10123751,1,527531,Titular único
10123752,1,10123683,Titular único
10123753,2,,Múltiples titulares
10123754,1,525043,Titular único
10123756,1,807330,Titular único
10123757,1,441525,Titular único
10123758,1,807292,Titular único
10123759,1,10123632,Titular único
10123761,1,523077,Titular único
10123762,1,10736774,Titular único
10123764,2,,Múltiples titulares
10123766,1,59965,Titular único
10123767,2,,Múltiples titulares
10123771,1,524632,Titular único
10123772,1,797503,Titular único
10123773,1,10123235,Titular único
10123776,1,10747136,Titular único
10123778,1,10305392,Titular único
10123782,1,527567,Titular único
10123784,1,802315,Titular único
10123786,2,,Múltiples titulares
10123790,2,,Múltiples titulares
10123791,1,658280,Titular único
10123798,3,,Múltiples titulares
10123799,1,122472,Titular único
10123805,1,10123787,Titular único
10123806,2,,Múltiples titulares
10123811,1,522657,Titular único
10123813,3,,Múltiples titulares
10123814,1,375351,Titular único
10123816,1,801391,Titular único
10123824,1,35329,Titular único
10123827,2,,Múltiples titulares
10123828,1,10102017,Titular único
10123830,1,830558,Titular único
10123832,1,10223339,Titular único
10123834,1,10306065,Titular único
10123837,1,11252904,Titular único
10123838,1,10123677,Titular único
10123842,1,10262656,Titular único
10123849,1,527425,Titular único
10123850,1,10245082,Titular único
10123854,1,369531,Titular único
10123859,1,527590,Titular único
10123861,2,,Múltiples titulares
10123862,1,809195,Titular único
10123869,1,529577,Titular único
10123872,1,10123523,Titular único
10123873,1,10736737,Titular único
10123875,1,91935,Titular único
10123883,1,10337405,Titular único
10123884,1,10184397,Titular único
10123889,1,10123399,Titular único
10123892,1,10244732,Titular único
10123893,1,734306,Titular único
10123896,1,10123973,Titular único
10123900,1,10123302,Titular único
10123904,2,,Múltiples titulares
10123907,1,10035303,Titular único
10123909,3,,Múltiples titulares
10123916,1,10124252,Titular único
10123918,1,122019,Titular único
10123919,1,10123485,Titular único
10123925,1,10123742,Titular único
10123929,1,10123799,Titular único
10123930,1,10123369,Titular único
10123934,2,,Múltiples titulares
10123935,1,10324027,Titular único
10123940,2,,Múltiples titulares
10123945,1,10537746,Titular único
10123950,1,798309,Titular único
10123952,1,527571,Titular único
10123956,1,10123469,Titular único
10123957,3,,Múltiples titulares
10123959,3,,Múltiples titulares
10123960,1,10123467,Titular único
10123962,1,527116,Titular único
10123968,2,,Múltiples titulares
10123971,1,11028146,Titular único
10123973,1,10124239,Titular único
10123975,1,10305998,Titular único
10123977,2,,Múltiples titulares
10123984,1,35329,Titular único
10123989,1,798271,Titular único
10123991,1,528795,Titular único
10123993,2,,Múltiples titulares
10123999,1,807346,Titular único
10124000,1,10124050,Titular único
10124005,1,10123854,Titular único
10124006,2,,Múltiples titulares
10124016,1,10123346,Titular único
10124018,1,10123279,Titular único
10124020,1,10306050,Titular único
10124022,1,10123791,Titular único
10124025,1,781121,Titular único
10124026,1,387951,Titular único
10124030,2,,Múltiples titulares
10124042,1,809199,Titular único
10124047,1,10123600,Titular único
10124054,1,10123426,Titular único
10124055,2,,Múltiples titulares
10124056,4,,Múltiples titulares
10124060,1,10305481,Titular único
10124061,1,41340,Titular único
10124066,2,,Múltiples titulares
10124067,1,10999618,Titular único
10124068,1,10135909,Titular único
10124072,1,10123623,Titular único
10124074,2,,Múltiples titulares
10124075,1,10124266,Titular único
10124081,1,800354,Titular único
10124083,1,10223373,Titular único
10124084,1,10123955,Titular único
10124087,1,10124155,Titular único
10124089,2,,Múltiples titulares
10124098,2,,Múltiples titulares
10124101,1,10736807,Titular único
10124102,1,522765,Titular único
10124103,1,10306757,Titular único
10124110,1,10124082,Titular único
10124113,1,10306329,Titular único
10124114,1,528451,Titular único
10124118,1,528602,Titular único
10124119,1,10124131,Titular único
10124120,1,11104613,Titular único
10124121,2,,Múltiples titulares
10124122,1,10124031,Titular único
10124129,1,11056791,Titular único
10124132,1,10124182,Titular único
10124134,1,10323884,Titular único
10124138,2,,Múltiples titulares
10124139,2,,Múltiples titulares
10124140,1,10124252,Titular único
10124145,1,10123706,Titular único
10124152,1,531333,Titular único
10124160,1,10223510,Titular único
10124163,2,,Múltiples titulares
10124176,1,10001353,Titular único
10124179,1,10123700,Titular único
10124181,1,10123822,Titular único
10124182,1,529731,Titular único
10124184,1,10124167,Titular único
10124185,2,,Múltiples titulares
10124186,1,11231803,Titular único
10124190,1,300829,Titular único
10124200,1,10123910,Titular único
10124205,1,801652,Titular único
10124212,1,10123728,Titular único
10124214,2,,Múltiples titulares
10124215,2,,Múltiples titulares
10124217,2,,Múltiples titulares
10124218,1,10123745,Titular único
10124220,1,10123353,Titular único
10124221,1,934117,Titular único
10124222,1,10124101,Titular único
10124225,1,10223829,Titular único
10124226,2,,Múltiples titulares
10124227,1,10123867,Titular único
10124228,1,524686,Titular único
10124229,2,,Múltiples titulares
10124231,3,,Múltiples titulares
10124233,1,10101775,Titular único
10124237,1,10245017,Titular único
10124241,1,509325,Titular único
10124242,2,,Múltiples titulares
10124244,2,,Múltiples titulares
10124247,2,,Múltiples titulares
10124249,1,10124120,Titular único
10124250,3,,Múltiples titulares
10124256,2,,Múltiples titulares
10124259,2,,Múltiples titulares
10124262,1,10124211,Titular único
10124263,2,,Múltiples titulares
10124265,2,,Múltiples titulares
10124267,1,10123606,Titular único
10124271,1,10124028,Titular único
10124272,1,799225,Titular único
10124273,1,10876172,Titular único
10124274,1,854903,Titular único
10124282,1,10123818,Titular único
10124293,1,10737006,Titular único
10124297,1,802241,Titular único
10124309,2,,Múltiples titulares
10124319,1,10123205,Titular único
10124320,1,802001,Titular único
10124325,1,10705856,Titular único
10124328,1,10123395,Titular único
10124330,1,10124277,Titular único
10124336,1,790956,Titular único
10124340,1,10337609,Titular único
10124341,1,10124130,Titular único
10124342,1,10160788,Titular único
10124344,1,10262724,Titular único
10124348,1,10124055,Titular único
10124350,1,10123591,Titular único
10124355,1,10123634,Titular único
10124360,1,10067696,Titular único
10124368,1,521131,Titular único
10124370,1,10904744,Titular único
10124372,1,10756734,Titular único
10124375,1,801550,Titular único
10124376,1,801550,Titular único
10124378,1,10245297,Titular único
10124387,1,10123234,Titular único
10124390,2,,Múltiples titulares
10124401,1,10245308,Titular único
10124411,1,911357,Titular único
10124426,1,10245618,Titular único
10124441,1,10124431,Titular único
10124444,1,530729,Titular único
10124463,1,10306299,Titular único
10124467,2,,Múltiples titulares
10124469,1,10323828,Titular único
10124470,1,10229995,Titular único
10124475,1,77315,Titular único
10124478,1,10123764,Titular único
10124481,1,10123658,Titular único
10124482,1,10160338,Titular único
10124488,1,809205,Titular único
10124489,1,531349,Titular único
10124696,1,527585,Titular único
10124709,1,531362,Titular único
10125149,1,10184815,Titular único
10126024,1,523962,Titular único
10127147,1,10136840,Titular único
10128092,1,925420,Titular único
10129161,1,524589,Titular único
10129162,1,796114,Titular único
10129163,1,796879,Titular único
10129164,1,521709,Titular único
10129165,3,,Múltiples titulares
10129166,1,807358,Titular único
10129167,1,799018,Titular único
10129169,1,529015,Titular único
10129172,2,,Múltiples titulares
10129176,1,529624,Titular único
10129178,1,10265605,Titular único
10129179,1,793159,Titular único
10129180,1,530835,Titular único
10129182,1,10323884,Titular único
10129186,1,800527,Titular único
10129188,2,,Múltiples titulares
10129189,1,527774,Titular único
10129192,2,,Múltiples titulares
10129193,1,529508,Titular único
10129196,3,,Múltiples titulares
10129197,2,,Múltiples titulares
10129199,2,,Múltiples titulares
10129201,2,,Múltiples titulares
10129202,1,10136307,Titular único
10129203,5,,Múltiples titulares
10129205,1,10141937,Titular único
10129206,3,,Múltiples titulares
10129207,1,799775,Titular único
10129208,1,531152,Titular único
10129210,3,,Múltiples titulares
10129212,1,10244970,Titular único
10129213,1,366423,Titular único
10129214,1,11230856,Titular único
10129215,1,799990,Titular único
10129216,1,10244866,Titular único
10129218,1,11212007,Titular único
10129219,1,801443,Titular único
10129221,3,,Múltiples titulares
10129223,1,10244811,Titular único
10129224,1,528969,Titular único
10129225,4,,Múltiples titulares
10129227,1,10230050,Titular único
10129228,2,,Múltiples titulares
10129231,1,10305579,Titular único
10129232,3,,Múltiples titulares
10129465,1,377262,Titular único
10129762,1,800333,Titular único
10129763,3,,Múltiples titulares
10129764,1,795013,Titular único
10129765,2,,Múltiples titulares
10129767,5,,Múltiples titulares
10129769,1,10135964,Titular único
10129770,3,,Múltiples titulares
10129771,5,,Múltiples titulares
10130061,1,522583,Titular único
10130063,1,520710,Titular único
10130064,1,742820,Titular único
10130065,1,794861,Titular único
10130066,1,10190186,Titular único
10130068,2,,Múltiples titulares
10130069,5,,Múltiples titulares
10130070,4,,Múltiples titulares
10130071,4,,Múltiples titulares
10130072,5,,Múltiples titulares
10130073,2,,Múltiples titulares
10130074,2,,Múltiples titulares
10130075,2,,Múltiples titulares
10130076,1,797006,Titular único
10130077,5,,Múltiples titulares
10130078,7,,Múltiples titulares
10130079,6,,Múltiples titulares
10130080,7,,Múltiples titulares
10130081,2,,Múltiples titulares
10130082,3,,Múltiples titulares
10130083,3,,Múltiples titulares
10130084,4,,Múltiples titulares
10130085,3,,Múltiples titulares
10130086,2,,Múltiples titulares
10130087,4,,Múltiples titulares
10130088,3,,Múltiples titulares
10130089,7,,Múltiples titulares
10130090,5,,Múltiples titulares
10130091,6,,Múltiples titulares
10130092,1,797407,Titular único
10130093,2,,Múltiples titulares
10130094,1,531614,Titular único
10130095,3,,Múltiples titulares
10130096,3,,Múltiples titulares
10130097,4,,Múltiples titulares
10130098,4,,Múltiples titulares
10130099,6,,Múltiples titulares
10130100,7,,Múltiples titulares
10130101,3,,Múltiples titulares
10130102,2,,Múltiples titulares
10130103,3,,Múltiples titulares
10130104,2,,Múltiples titulares
10130105,3,,Múltiples titulares
10130106,3,,Múltiples titulares
10130107,5,,Múltiples titulares
10130108,8,,Múltiples titulares
10130109,3,,Múltiples titulares
10130110,6,,Múltiples titulares
10130111,6,,Múltiples titulares
10130112,6,,Múltiples titulares
10130113,2,,Múltiples titulares
10130114,1,528633,Titular único
10130115,2,,Múltiples titulares
10130116,2,,Múltiples titulares
10130117,3,,Múltiples titulares
10130118,6,,Múltiples titulares
10130119,6,,Múltiples titulares
10130120,1,798590,Titular único
10130121,12,,Múltiples titulares
10130122,1,795908,Titular único
10130123,2,,Múltiples titulares
10130124,2,,Múltiples titulares
10130125,3,,Múltiples titulares
10130126,4,,Múltiples titulares
10130127,5,,Múltiples titulares
10130128,5,,Múltiples titulares
10130129,5,,Múltiples titulares
10130130,6,,Múltiples titulares
10130131,3,,Múltiples titulares
10130132,1,10207129,Titular único
10130133,6,,Múltiples titulares
10130134,3,,Múltiples titulares
10130135,5,,Múltiples titulares
10130136,3,,Múltiples titulares
10130137,7,,Múltiples titulares
10130138,4,,Múltiples titulares
10130139,3,,Múltiples titulares
10130140,5,,Múltiples titulares
10130141,4,,Múltiples titulares
10130142,3,,Múltiples titulares
10130143,4,,Múltiples titulares
10130144,3,,Múltiples titulares
10130145,3,,Múltiples titulares
10130146,8,,Múltiples titulares
10130147,6,,Múltiples titulares
10130148,4,,Múltiples titulares
10130149,4,,Múltiples titulares
10130150,4,,Múltiples titulares
10130151,5,,Múltiples titulares
10130152,5,,Múltiples titulares
10130153,6,,Múltiples titulares
10130154,7,,Múltiples titulares
10130155,6,,Múltiples titulares
10130156,6,,Múltiples titulares
10130157,7,,Múltiples titulares
10130158,4,,Múltiples titulares
10130159,4,,Múltiples titulares
10130160,8,,Múltiples titulares
10130161,6,,Múltiples titulares
10130162,7,,Múltiples titulares
10130163,3,,Múltiples titulares
10130164,14,,Múltiples titulares
10130165,6,,Múltiples titulares
10130166,7,,Múltiples titulares
10130167,6,,Múltiples titulares
10130168,3,,Múltiples titulares
10130169,6,,Múltiples titulares
10130170,7,,Múltiples titulares
10130171,2,,Múltiples titulares
10130172,10,,Múltiples titulares
10130173,4,,Múltiples titulares
10130174,5,,Múltiples titulares
10130175,5,,Múltiples titulares
10130176,2,,Múltiples titulares
10130177,4,,Múltiples titulares
10130178,4,,Múltiples titulares
10130179,7,,Múltiples titulares
10130180,5,,Múltiples titulares
10130181,4,,Múltiples titulares
10130182,3,,Múltiples titulares
10130183,3,,Múltiples titulares
10130184,3,,Múltiples titulares
10130185,1,525072,Titular único
10130186,1,798031,Titular único
10130187,2,,Múltiples titulares
10130188,6,,Múltiples titulares
10130189,3,,Múltiples titulares
10130190,3,,Múltiples titulares
10130191,4,,Múltiples titulares
10130192,10,,Múltiples titulares
10130193,3,,Múltiples titulares
10130194,6,,Múltiples titulares
10130195,11,,Múltiples titulares
10130196,2,,Múltiples titulares
10130197,2,,Múltiples titulares
10130198,10,,Múltiples titulares
10130199,7,,Múltiples titulares
10130200,6,,Múltiples titulares
10130201,7,,Múltiples titulares
10130202,5,,Múltiples titulares
10130203,9,,Múltiples titulares
10130204,4,,Múltiples titulares
10130205,6,,Múltiples titulares
10130206,7,,Múltiples titulares
10130207,6,,Múltiples titulares
10130208,6,,Múltiples titulares
10130209,7,,Múltiples titulares
10130210,3,,Múltiples titulares
10130211,1,112034,Titular único
10130212,5,,Múltiples titulares
10130213,5,,Múltiples titulares
10130214,7,,Múltiples titulares
10130215,3,,Múltiples titulares
10130216,5,,Múltiples titulares
10130217,3,,Múltiples titulares
10130218,3,,Múltiples titulares
10130219,5,,Múltiples titulares
10130220,5,,Múltiples titulares
10130221,6,,Múltiples titulares
10130222,4,,Múltiples titulares
10130223,2,,Múltiples titulares
10130224,4,,Múltiples titulares
10130225,3,,Múltiples titulares
10130226,2,,Múltiples titulares
10130227,3,,Múltiples titulares
10130228,4,,Múltiples titulares
10130229,2,,Múltiples titulares
10130230,6,,Múltiples titulares
10130231,2,,Múltiples titulares
10130232,5,,Múltiples titulares
10130233,3,,Múltiples titulares
10130234,1,528972,Titular único
10130235,3,,Múltiples titulares
10130236,3,,Múltiples titulares
10130237,4,,Múltiples titulares
10130238,8,,Múltiples titulares
10130240,5,,Múltiples titulares
10130241,2,,Múltiples titulares
10130242,7,,Múltiples titulares
10130243,1,800943,Titular único
10130244,5,,Múltiples titulares
10130245,4,,Múltiples titulares
10130246,3,,Múltiples titulares
10130247,5,,Múltiples titulares
10130248,2,,Múltiples titulares
10130249,1,524959,Titular único
10130250,2,,Múltiples titulares
10130251,3,,Múltiples titulares
10130252,4,,Múltiples titulares
10130253,3,,Múltiples titulares
10130254,3,,Múltiples titulares
10130255,2,,Múltiples titulares
10130256,1,800868,Titular único
10130257,1,529064,Titular único
10130261,1,799529,Titular único
10130360,2,,Múltiples titulares
10130362,2,,Múltiples titulares
10130363,3,,Múltiples titulares
10130365,1,520223,Titular único
10130366,5,,Múltiples titulares
10130368,1,792364,Titular único
10130369,2,,Múltiples titulares
10130370,2,,Múltiples titulares
10130371,4,,Múltiples titulares
10130373,4,,Múltiples titulares
10130374,4,,Múltiples titulares
10130375,3,,Múltiples titulares
10130376,3,,Múltiples titulares
10130377,5,,Múltiples titulares
10130378,1,796246,Titular único
10130379,1,521096,Titular único
10130381,4,,Múltiples titulares
10130382,3,,Múltiples titulares
10130383,2,,Múltiples titulares
10130384,3,,Múltiples titulares
10130385,8,,Múltiples titulares
10130386,3,,Múltiples titulares
10130387,3,,Múltiples titulares
10130388,2,,Múltiples titulares
10130389,1,354102,Titular único
10130390,1,527002,Titular único
10130391,3,,Múltiples titulares
10130392,4,,Múltiples titulares
10130393,2,,Múltiples titulares
10130395,6,,Múltiples titulares
10130396,5,,Múltiples titulares
10130397,5,,Múltiples titulares
10130399,1,528118,Titular único
10130400,2,,Múltiples titulares
10130527,1,800899,Titular único
10130877,1,10141891,Titular único
10130960,1,203693,Titular único
10130961,2,,Múltiples titulares
10130962,1,800039,Titular único
10130963,1,531022,Titular único
10130967,1,794165,Titular único
10130968,1,797885,Titular único
10130969,2,,Múltiples titulares
10130970,1,799920,Titular único
10130972,2,,Múltiples titulares
10130973,2,,Múltiples titulares
10130974,1,520629,Titular único
10130975,1,794810,Titular único
10130977,2,,Múltiples titulares
10130978,3,,Múltiples titulares
10130979,1,794686,Titular único
10130980,1,797257,Titular único
10130982,2,,Múltiples titulares
10130984,2,,Múltiples titulares
10130988,1,522153,Titular único
10130989,1,807313,Titular único
10130991,1,48402,Titular único
10130995,1,10324020,Titular único
10130996,1,530842,Titular único
10130998,1,801502,Titular único
10130999,1,390166,Titular único
10131000,2,,Múltiples titulares
10131001,1,10160113,Titular único
10131002,2,,Múltiples titulares
10131004,2,,Múltiples titulares
10131005,1,527182,Titular único
10131006,2,,Múltiples titulares
10131008,1,802260,Titular único
10131009,1,807253,Titular único
10131011,4,,Múltiples titulares
10131012,2,,Múltiples titulares
10131013,3,,Múltiples titulares
10131016,1,797513,Titular único
10131018,2,,Múltiples titulares
10131019,3,,Múltiples titulares
10131020,1,801494,Titular único
10131021,2,,Múltiples titulares
10131022,2,,Múltiples titulares
10131023,2,,Múltiples titulares
10131024,2,,Múltiples titulares
10131026,2,,Múltiples titulares
10131031,3,,Múltiples titulares
10131032,2,,Múltiples titulares
10131033,1,10265574,Titular único
10131034,1,521743,Titular único
10131036,3,,Múltiples titulares
10131037,1,914991,Titular único
10131038,3,,Múltiples titulares
10131039,1,932061,Titular único
10131040,1,528317,Titular único
10131041,1,797931,Titular único
10131042,1,530994,Titular único
10131044,3,,Múltiples titulares
10131045,2,,Múltiples titulares
10131046,2,,Múltiples titulares
10131047,5,,Múltiples titulares
10131049,3,,Múltiples titulares
10131051,2,,Múltiples titulares
10131052,1,260672,Titular único
10131053,1,524954,Titular único
10131054,2,,Múltiples titulares
10131056,2,,Múltiples titulares
10131057,1,524740,Titular único
10131058,1,794193,Titular único
10131059,1,509807,Titular único
10131060,1,529562,Titular único
10131061,1,807323,Titular único
10131062,7,,Múltiples titulares
10131063,3,,Múltiples titulares
10131064,6,,Múltiples titulares
10131067,4,,Múltiples titulares
10131068,1,799765,Titular único
10131070,1,207438,Titular único
10131072,1,520346,Titular único
10131074,1,803227,Titular único
10131076,1,798239,Titular único
10131077,1,527584,Titular único
10131078,2,,Múltiples titulares
10131081,3,,Múltiples titulares
10131082,2,,Múltiples titulares
10131085,1,798450,Titular único
10131086,2,,Múltiples titulares
10131088,1,798666,Titular único
10131089,2,,Múltiples titulares
10131090,1,527149,Titular único
10131092,1,801172,Titular único
10131093,1,787670,Titular único
10131094,1,520513,Titular único
10131095,1,912633,Titular único
10131096,1,143255,Titular único
10131097,3,,Múltiples titulares
10131099,2,,Múltiples titulares
10131100,1,10223350,Titular único
10131101,1,530737,Titular único
10131102,1,795969,Titular único
10131104,4,,Múltiples titulares
10131107,1,800528,Titular único
10131108,1,521939,Titular único
10131110,1,525070,Titular único
10131113,1,795212,Titular único
10131114,2,,Múltiples titulares
10131115,1,528017,Titular único
10131116,2,,Múltiples titulares
10131117,1,524797,Titular único
10131118,1,11030955,Titular único
10131119,1,529771,Titular único
10131120,1,800313,Titular único
10131121,2,,Múltiples titulares
10131122,1,525046,Titular único
10131124,2,,Múltiples titulares
10131128,1,433436,Titular único
10131129,2,,Múltiples titulares
10131130,1,802227,Titular único
10131131,2,,Múltiples titulares
10131132,2,,Múltiples titulares
10131134,2,,Múltiples titulares
10131135,3,,Múltiples titulares
10131136,2,,Múltiples titulares
10131139,3,,Múltiples titulares
10131140,1,10123633,Titular único
10131142,5,,Múltiples titulares
10131144,1,528827,Titular único
10131145,1,530986,Titular único
10131148,1,474412,Titular único
10131149,2,,Múltiples titulares
10131150,1,808966,Titular único
10131151,1,528960,Titular único
10131152,2,,Múltiples titulares
10131153,1,396780,Titular único
10131159,1,10229432,Titular único
10131160,2,,Múltiples titulares
10131161,1,523173,Titular único
10131162,1,807347,Titular único
10131163,1,522890,Titular único
10131164,1,10697171,Titular único
10131166,2,,Múltiples titulares
10131167,1,798248,Titular único
10131169,1,796359,Titular único
10131170,2,,Múltiples titulares
10131171,3,,Múltiples titulares
10131172,2,,Múltiples titulares
10131173,1,800551,Titular único
10131174,5,,Múltiples titulares
10131175,4,,Múltiples titulares
10131176,3,,Múltiples titulares
10131178,1,10135873,Titular único
10131179,4,,Múltiples titulares
10131180,2,,Múltiples titulares
10131181,1,10123968,Titular único
10131182,1,976106,Titular único
10131183,1,529326,Titular único
10131184,2,,Múltiples titulares
10131188,1,931348,Titular único
10131190,1,525305,Titular único
10131191,1,793596,Titular único
10131192,3,,Múltiples titulares
10131195,1,800925,Titular único
10131196,6,,Múltiples titulares
10131197,2,,Múltiples titulares
10131198,5,,Múltiples titulares
10131199,1,796527,Titular único
10131201,1,538901,Titular único
10131202,3,,Múltiples titulares
10131203,2,,Múltiples titulares
10131205,3,,Múltiples titulares
10131206,1,10223575,Titular único
10131207,1,197681,Titular único
10131208,3,,Múltiples titulares
10131209,2,,Múltiples titulares
10131211,1,523136,Titular único
10131213,1,796512,Titular único
10131215,1,524711,Titular único
10131217,4,,Múltiples titulares
10131218,3,,Múltiples titulares
10131219,1,10223597,Titular único
10131220,1,57588,Titular único
10131221,1,10190040,Titular único
10131222,3,,Múltiples titulares
10131223,2,,Múltiples titulares
10131225,1,10265523,Titular único
10131226,1,798391,Titular único
10131227,2,,Múltiples titulares
10131228,1,10033071,Titular único
10131229,3,,Múltiples titulares
10131232,4,,Múltiples titulares
10131235,1,527979,Titular único
10131237,2,,Múltiples titulares
10131238,2,,Múltiples titulares
10131239,2,,Múltiples titulares
10131240,2,,Múltiples titulares
10131242,7,,Múltiples titulares
10131243,2,,Múltiples titulares
10131245,2,,Múltiples titulares
10131246,4,,Múltiples titulares
10131247,1,10135769,Titular único
10131250,2,,Múltiples titulares
10131251,1,529077,Titular único
10131252,3,,Múltiples titulares
10131253,1,523092,Titular único
10131255,3,,Múltiples titulares
10131258,3,,Múltiples titulares
10131259,3,,Múltiples titulares
10131260,1,527116,Titular único
10131261,1,801140,Titular único
10131263,1,802343,Titular único
10131264,2,,Múltiples titulares
10131265,1,796946,Titular único
10131266,1,10223490,Titular único
10131268,2,,Múltiples titulares
10131269,2,,Múltiples titulares
10131270,4,,Múltiples titulares
10131272,3,,Múltiples titulares
10131273,1,934761,Titular único
10131274,1,801100,Titular único
10131275,1,403938,Titular único
10131276,3,,Múltiples titulares
10131277,1,10323934,Titular único
10131278,6,,Múltiples titulares
10131279,2,,Múltiples titulares
10131280,3,,Múltiples titulares
10131282,2,,Múltiples titulares
10131283,2,,Múltiples titulares
10131284,3,,Múltiples titulares
10131285,1,527374,Titular único
10131286,2,,Múltiples titulares
10131287,2,,Múltiples titulares
10131288,1,349504,Titular único
10131289,2,,Múltiples titulares
10131290,2,,Múltiples titulares
10131291,3,,Múltiples titulares
10131292,3,,Múltiples titulares
10131293,3,,Múltiples titulares
10131294,2,,Múltiples titulares
10131295,3,,Múltiples titulares
10131297,1,529726,Titular único
10131298,2,,Múltiples titulares
10131299,1,522177,Titular único
10131300,1,524712,Titular único
10131302,4,,Múltiples titulares
10131303,2,,Múltiples titulares
10131304,3,,Múltiples titulares
10131305,3,,Múltiples titulares
10131306,4,,Múltiples titulares
10131307,2,,Múltiples titulares
10131308,1,528438,Titular único
10131309,2,,Múltiples titulares
10131312,3,,Múltiples titulares
10131313,3,,Múltiples titulares
10131314,1,10244794,Titular único
10131315,2,,Múltiples titulares
10131316,1,809273,Titular único
10131317,1,180509,Titular único
10131318,2,,Múltiples titulares
10131321,3,,Múltiples titulares
10131322,2,,Múltiples titulares
10131323,2,,Múltiples titulares
10131324,1,793268,Titular único
10131325,2,,Múltiples titulares
10131326,5,,Múltiples titulares
10131327,3,,Múltiples titulares
10131328,3,,Múltiples titulares
10131329,3,,Múltiples titulares
10131331,4,,Múltiples titulares
10131332,2,,Múltiples titulares
10131333,4,,Múltiples titulares
10131334,1,524783,Titular único
10131335,6,,Múltiples titulares
10131336,1,803679,Titular único
10131337,2,,Múltiples titulares
10131338,1,531176,Titular único
10131339,2,,Múltiples titulares
10131340,1,10311264,Titular único
10131341,4,,Múltiples titulares
10131342,2,,Múltiples titulares
10131344,3,,Múltiples titulares
10131345,2,,Múltiples titulares
10131346,2,,Múltiples titulares
10131347,2,,Múltiples titulares
10131348,4,,Múltiples titulares
10131349,5,,Múltiples titulares
10131351,2,,Múltiples titulares
10131352,2,,Múltiples titulares
10131353,1,10736811,Titular único
10131354,3,,Múltiples titulares
10131355,3,,Múltiples titulares
10131357,2,,Múltiples titulares
10131358,3,,Múltiples titulares
10131359,1,10337128,Titular único
10131360,1,10337684,Titular único
10131362,5,,Múltiples titulares
10131363,2,,Múltiples titulares
10131364,1,10305286,Titular único
10131365,1,10306168,Titular único
10131366,7,,Múltiples titulares
10131369,1,10184193,Titular único
10131370,1,530841,Titular único
10131371,3,,Múltiples titulares
10131372,3,,Múltiples titulares
10131373,2,,Múltiples titulares
10131374,2,,Múltiples titulares
10131376,2,,Múltiples titulares
10131377,1,807966,Titular único
10131380,1,10305968,Titular único
10131381,1,522147,Titular único
10131382,1,801384,Titular único
10131383,4,,Múltiples titulares
10131384,5,,Múltiples titulares
10131385,1,10239143,Titular único
10131386,4,,Múltiples titulares
10131387,2,,Múltiples titulares
10131388,5,,Múltiples titulares
10131389,7,,Múltiples titulares
10131390,2,,Múltiples titulares
10131391,2,,Múltiples titulares
10131392,3,,Múltiples titulares
10131393,4,,Múltiples titulares
10131394,2,,Múltiples titulares
10131398,2,,Múltiples titulares
10131399,4,,Múltiples titulares
10131400,3,,Múltiples titulares
10131401,1,523825,Titular único
10131402,1,10223738,Titular único
10131403,1,530297,Titular único
10131404,1,529075,Titular único
10131406,2,,Múltiples titulares
10131407,2,,Múltiples titulares
10131408,4,,Múltiples titulares
10131410,2,,Múltiples titulares
10131411,3,,Múltiples titulares
10131412,1,800514,Titular único
10131414,1,10324307,Titular único
10131415,2,,Múltiples titulares
10131416,1,10101795,Titular único
10131417,3,,Múltiples titulares
10131418,2,,Múltiples titulares
10131419,4,,Múltiples titulares
10131420,2,,Múltiples titulares
10131421,2,,Múltiples titulares
10131422,1,10136296,Titular único
10131423,4,,Múltiples titulares
10131424,1,10992021,Titular único
10131425,2,,Múltiples titulares
10131426,1,10136327,Titular único
10131427,3,,Múltiples titulares
10131428,2,,Múltiples titulares
10131429,2,,Múltiples titulares
10131430,1,807400,Titular único
10131431,3,,Múltiples titulares
10131432,2,,Múltiples titulares
10131433,2,,Múltiples titulares
10131434,2,,Múltiples titulares
10131435,3,,Múltiples titulares
10131436,1,804221,Titular único
10131437,6,,Múltiples titulares
10131438,1,797100,Titular único
10131439,1,528253,Titular único
10131440,3,,Múltiples titulares
10131441,6,,Múltiples titulares
10131442,3,,Múltiples titulares
10131443,5,,Múltiples titulares
10131445,1,10244810,Titular único
10131446,5,,Múltiples titulares
10131447,2,,Múltiples titulares
10131448,2,,Múltiples titulares
10131450,2,,Múltiples titulares
10131452,2,,Múltiples titulares
10131453,3,,Múltiples titulares
10131456,4,,Múltiples titulares
10131457,3,,Múltiples titulares
10131458,2,,Múltiples titulares
10131459,2,,Múltiples titulares
10131460,3,,Múltiples titulares
10131461,4,,Múltiples titulares
10131462,2,,Múltiples titulares
10131463,2,,Múltiples titulares
10131464,6,,Múltiples titulares
10131465,5,,Múltiples titulares
10131466,1,10238739,Titular único
10131467,2,,Múltiples titulares
10131468,1,808572,Titular único
10131469,2,,Múltiples titulares
10131470,1,528428,Titular único
10131471,3,,Múltiples titulares
10131472,1,10223261,Titular único
10131473,3,,Múltiples titulares
10131474,4,,Múltiples titulares
10131476,1,798379,Titular único
10131477,4,,Múltiples titulares
10131478,1,10323704,Titular único
10131480,4,,Múltiples titulares
10131481,2,,Múltiples titulares
10131482,5,,Múltiples titulares
10131483,3,,Múltiples titulares
10131484,1,10223417,Titular único
10131486,3,,Múltiples titulares
10131487,1,807975,Titular único
10131488,1,10135806,Titular único
10131490,1,10324485,Titular único
10131491,3,,Múltiples titulares
10131492,1,10736851,Titular único
10131493,1,10190965,Titular único
10131495,1,523829,Titular único
10131498,2,,Múltiples titulares
10131504,1,10238923,Titular único
10131507,1,10323576,Titular único
10131825,1,10154574,Titular único
10132092,1,804715,Titular único
10132173,1,10190377,Titular único
10132272,1,521824,Titular único
10132437,1,10136304,Titular único
10132560,2,,Múltiples titulares
10132562,2,,Múltiples titulares
10132563,3,,Múltiples titulares
10132564,2,,Múltiples titulares
10132565,1,793403,Titular único
10132566,3,,Múltiples titulares
10132568,1,521177,Titular único
10132569,3,,Múltiples titulares
10132570,2,,Múltiples titulares
10132572,2,,Múltiples titulares
10132573,2,,Múltiples titulares
10132574,2,,Múltiples titulares
10132575,1,805400,Titular único
10132576,1,796846,Titular único
10132578,5,,Múltiples titulares
10132579,4,,Múltiples titulares
10132580,1,351983,Titular único
10132581,1,521131,Titular único
10132582,3,,Múltiples titulares
10132583,3,,Múltiples titulares
10132584,2,,Múltiples titulares
10132585,1,520559,Titular único
10132586,3,,Múltiples titulares
10132587,2,,Múltiples titulares
10132588,3,,Múltiples titulares
10132589,2,,Múltiples titulares
10132591,1,210612,Titular único
10132592,2,,Múltiples titulares
10132593,1,194011,Titular único
10132594,3,,Múltiples titulares
10132595,6,,Múltiples titulares
10132596,1,524245,Titular único
10132597,1,794627,Titular único
10132598,1,804228,Titular único
10132599,1,525577,Titular único
10132600,4,,Múltiples titulares
10132602,1,10207282,Titular único
10132603,2,,Múltiples titulares
10132604,2,,Múltiples titulares
10132605,2,,Múltiples titulares
10132607,2,,Múltiples titulares
10132608,7,,Múltiples titulares
10132611,3,,Múltiples titulares
10132612,2,,Múltiples titulares
10132613,3,,Múltiples titulares
10132614,1,796468,Titular único
10132615,1,278060,Titular único
10132616,2,,Múltiples titulares
10132617,1,454881,Titular único
10132619,3,,Múltiples titulares
10132620,2,,Múltiples titulares
10132621,4,,Múltiples titulares
10132622,1,797781,Titular único
10132623,2,,Múltiples titulares
10132624,2,,Múltiples titulares
10132625,4,,Múltiples titulares
10132626,2,,Múltiples titulares
10132627,5,,Múltiples titulares
10132628,1,798677,Titular único
10132629,1,520465,Titular único
10132630,3,,Múltiples titulares
10132631,5,,Múltiples titulares
10132632,4,,Múltiples titulares
10132634,2,,Múltiples titulares
10132635,1,519205,Titular único
10132637,2,,Múltiples titulares
10132638,5,,Múltiples titulares
10132639,3,,Múltiples titulares
10132640,1,805039,Titular único
10132641,6,,Múltiples titulares
10132642,2,,Múltiples titulares
10132643,4,,Múltiples titulares
10132644,6,,Múltiples titulares
10132645,1,521515,Titular único
10132646,3,,Múltiples titulares
10132647,2,,Múltiples titulares
10132648,2,,Múltiples titulares
10132649,3,,Múltiples titulares
10132651,1,799420,Titular único
10132652,3,,Múltiples titulares
10132653,2,,Múltiples titulares
10132655,3,,Múltiples titulares
10132656,1,10726587,Titular único
10132657,5,,Múltiples titulares
10132658,4,,Múltiples titulares
10132659,2,,Múltiples titulares
10132660,3,,Múltiples titulares
10132662,2,,Múltiples titulares
10132663,4,,Múltiples titulares
10132664,2,,Múltiples titulares
10132665,1,327636,Titular único
10132667,2,,Múltiples titulares
10132668,3,,Múltiples titulares
10132669,1,526659,Titular único
10132670,2,,Múltiples titulares
10132671,3,,Múltiples titulares
10132672,2,,Múltiples titulares
10132673,1,799479,Titular único
10132674,3,,Múltiples titulares
10132676,2,,Múltiples titulares
10132677,2,,Múltiples titulares
10132678,2,,Múltiples titulares
10132679,2,,Múltiples titulares
10132680,2,,Múltiples titulares
10132681,1,525153,Titular único
10132682,4,,Múltiples titulares
10132684,3,,Múltiples titulares
10132685,2,,Múltiples titulares
10132686,2,,Múltiples titulares
10132687,2,,Múltiples titulares
10132688,3,,Múltiples titulares
10132689,2,,Múltiples titulares
10132690,1,528047,Titular único
10132691,2,,Múltiples titulares
10132692,7,,Múltiples titulares
10132693,3,,Múltiples titulares
10132694,1,796256,Titular único
10132695,4,,Múltiples titulares
10132696,6,,Múltiples titulares
10132697,4,,Múltiples titulares
10132698,1,854446,Titular único
10132699,6,,Múltiples titulares
10132700,2,,Múltiples titulares
10132701,3,,Múltiples titulares
10132703,4,,Múltiples titulares
10132704,3,,Múltiples titulares
10132705,3,,Múltiples titulares
10132706,1,523926,Titular único
10132707,2,,Múltiples titulares
10132708,1,10190402,Titular único
10132709,3,,Múltiples titulares
10132710,1,527033,Titular único
10132711,1,73016,Titular único
10132712,1,10190387,Titular único
10132713,1,854595,Titular único
10132714,6,,Múltiples titulares
10132715,2,,Múltiples titulares
10132716,1,10190298,Titular único
10132717,2,,Múltiples titulares
10132718,4,,Múltiples titulares
10132719,2,,Múltiples titulares
10132721,3,,Múltiples titulares
10132722,1,10136032,Titular único
10132723,5,,Múltiples titulares
10132724,1,10245180,Titular único
10132725,2,,Múltiples titulares
10132726,3,,Múltiples titulares
10132727,1,801498,Titular único
10132728,4,,Múltiples titulares
10132729,2,,Múltiples titulares
10132730,2,,Múltiples titulares
10132731,3,,Múltiples titulares
10132732,3,,Múltiples titulares
10132733,5,,Múltiples titulares
10132734,3,,Múltiples titulares
10132735,3,,Múltiples titulares
10132736,5,,Múltiples titulares
10132737,1,522121,Titular único
10132738,5,,Múltiples titulares
10132739,4,,Múltiples titulares
10132741,3,,Múltiples titulares
10132742,1,797914,Titular único
10132743,3,,Múltiples titulares
10132744,2,,Múltiples titulares
10132745,4,,Múltiples titulares
10132746,2,,Múltiples titulares
10132747,3,,Múltiples titulares
10132748,2,,Múltiples titulares
10132749,5,,Múltiples titulares
10132750,2,,Múltiples titulares
10132751,5,,Múltiples titulares
10132752,2,,Múltiples titulares
10132753,1,527105,Titular único
10132754,1,800846,Titular único
10132755,3,,Múltiples titulares
10132756,3,,Múltiples titulares
10132757,5,,Múltiples titulares
10132758,1,530138,Titular único
10132759,1,12338902,Titular único
10132760,2,,Múltiples titulares
10132761,3,,Múltiples titulares
10132762,6,,Múltiples titulares
10132763,1,10190926,Titular único
10132764,2,,Múltiples titulares
10132765,3,,Múltiples titulares
10132766,6,,Múltiples titulares
10132767,3,,Múltiples titulares
10132768,1,10190135,Titular único
10132769,3,,Múltiples titulares
10132770,3,,Múltiples titulares
10132771,1,10191361,Titular único
10132772,4,,Múltiples titulares
10132773,4,,Múltiples titulares
10132774,2,,Múltiples titulares
10132775,4,,Múltiples titulares
10132776,2,,Múltiples titulares
10132777,3,,Múltiples titulares
10132778,2,,Múltiples titulares
10132779,3,,Múltiples titulares
10132780,1,10190463,Titular único
10132781,2,,Múltiples titulares
10132782,1,10324213,Titular único
10132796,1,10136571,Titular único
10132828,1,798677,Titular único
10132920,1,10229336,Titular único
10133437,1,35564,Titular único
10133448,1,431154,Titular único
10133524,1,11284277,Titular único
10133559,1,10852741,Titular único
10134030,1,10337796,Titular único
10134237,1,246518,Titular único
10134564,1,713353,Titular único
10134596,1,455920,Titular único
10134598,1,808153,Titular único
10134628,1,34151,Titular único
10134633,1,803705,Titular único
10134645,1,713396,Titular único
10134647,1,333674,Titular único
10135051,1,10323880,Titular único
10135210,1,797471,Titular único
10135760,1,521236,Titular único
10135762,1,521774,Titular único
10135764,1,800473,Titular único
10135768,1,794018,Titular único
10135769,1,525226,Titular único
10135779,2,,Múltiples titulares
10135787,1,73346,Titular único
10135796,1,522111,Titular único
10135803,1,527428,Titular único
10135831,1,799587,Titular único
10135834,1,808455,Titular único
10135836,1,525006,Titular único
10135841,1,531304,Titular único
10135843,1,524653,Titular único
10135849,1,528789,Titular único
10135860,2,,Múltiples titulares
10135870,1,10311243,Titular único
10135873,2,,Múltiples titulares
10135874,1,524494,Titular único
10135875,1,522083,Titular único
10135878,2,,Múltiples titulares
10135885,1,522061,Titular único
10135886,1,419213,Titular único
10135888,1,527770,Titular único
10135894,1,800619,Titular único
10135897,1,529540,Titular único
10135898,1,521313,Titular único
10135899,1,10337141,Titular único
10135903,1,531307,Titular único
10135918,1,933812,Titular único
10135925,1,159314,Titular único
10135934,1,531555,Titular único
10135935,1,801123,Titular único
10135941,2,,Múltiples titulares
10135954,1,522095,Titular único
10135970,1,525212,Titular único
10135982,1,124579,Titular único
10135989,1,527486,Titular único
10136002,1,801233,Titular único
10136008,1,797519,Titular único
10136017,1,802139,Titular único
10136028,1,527272,Titular único
10136033,1,10306215,Titular único
10136047,1,10337138,Titular único
10136049,1,528989,Titular único
10136054,1,10190527,Titular único
10136057,2,,Múltiples titulares
10136075,1,799599,Titular único
10136082,1,520635,Titular único
10136086,1,10136233,Titular único
10136088,1,531172,Titular único
10136103,1,527499,Titular único
10136108,1,10135822,Titular único
10136118,1,518418,Titular único
10136121,1,10136057,Titular único
10136122,1,10135952,Titular único
10136124,1,10244760,Titular único
10136134,1,10135843,Titular único
10136136,1,799190,Titular único
10136138,2,,Múltiples titulares
10136152,1,87964,Titular único
10136170,2,,Múltiples titulares
10136171,1,528281,Titular único
10136190,1,528600,Titular único
10136193,1,10135892,Titular único
10136196,1,10135955,Titular único
10136197,1,528969,Titular único
10136201,1,530159,Titular único
10136212,1,801238,Titular único
10136222,1,799124,Titular único
10136223,1,77072,Titular único
10136226,1,10136073,Titular único
10136229,2,,Múltiples titulares
10136250,1,10136390,Titular único
10136251,1,10367789,Titular único
10136253,2,,Múltiples titulares
10136255,1,10136218,Titular único
10136263,1,527380,Titular único
10136267,2,,Múltiples titulares
10136272,1,10135996,Titular único
10136273,1,807651,Titular único
10136274,1,530411,Titular único
10136283,1,10135885,Titular único
10136288,1,530396,Titular único
10136299,1,529576,Titular único
10136306,1,527499,Titular único
10136309,1,799226,Titular único
10136312,1,914501,Titular único
10136318,2,,Múltiples titulares
10136322,1,797160,Titular único
10136325,1,796549,Titular único
10136327,1,10238916,Titular único
10136330,1,285532,Titular único
10136333,1,529518,Titular único
10136334,1,10135903,Titular único
10136343,1,10184348,Titular único
10136352,1,800334,Titular único
10136358,1,10238630,Titular único
10136359,1,10135931,Titular único
10136372,1,10324389,Titular único
10136375,1,531158,Titular único
10136378,1,10136382,Titular único
10136379,1,798082,Titular único
10136382,1,521575,Titular único
10136383,1,10135865,Titular único
10136385,1,42388,Titular único
10136389,1,10135881,Titular único
10136395,1,332390,Titular único
10136401,1,528854,Titular único
10136412,1,10736687,Titular único
10136422,1,530049,Titular único
10136430,1,527591,Titular único
10136431,1,10245259,Titular único
10136435,1,527399,Titular único
10136439,1,10136201,Titular único
10136440,1,799944,Titular único
10136442,1,523298,Titular único
10136443,1,10324483,Titular único
10136454,1,113815,Titular único
10136460,1,10306434,Titular único
10136467,1,10135816,Titular único
10136477,2,,Múltiples titulares
10136481,3,,Múltiples titulares
10136482,1,10496035,Titular único
10136484,1,797955,Titular único
10136487,1,11043752,Titular único
10136493,1,10136072,Titular único
10136495,2,,Múltiples titulares
10136497,2,,Múltiples titulares
10136499,1,10305531,Titular único
10136501,1,802085,Titular único
10136503,1,10136463,Titular único
10136504,2,,Múltiples titulares
10136513,1,807321,Titular único
10136516,1,10136229,Titular único
10136520,1,10262826,Titular único
10136530,1,531304,Titular único
10136540,2,,Múltiples titulares
10136544,1,799953,Titular único
10136546,2,,Múltiples titulares
10136548,1,797385,Titular único
10136552,2,,Múltiples titulares
10136553,1,523806,Titular único
10136563,1,10136064,Titular único
10136568,1,10223297,Titular único
10136571,3,,Múltiples titulares
10136577,1,10323943,Titular único
10136578,1,242189,Titular único
10136592,1,10124308,Titular único
10136594,1,10337510,Titular único
10136595,1,10136478,Titular único
10136599,1,527257,Titular único
10136600,1,10141779,Titular único
10136603,2,,Múltiples titulares
10136604,1,528278,Titular único
10136616,1,799893,Titular único
10136618,1,10135843,Titular único
10136620,1,10102160,Titular único
10136621,2,,Múltiples titulares
10136624,2,,Múltiples titulares
10136625,1,10010626,Titular único
10136626,1,527024,Titular único
10136627,1,10238937,Titular único
10136628,1,10238811,Titular único
10136631,1,10136388,Titular único
10136633,2,,Múltiples titulares
10136634,1,77222,Titular único
10136638,1,531163,Titular único
10136639,1,10311285,Titular único
10136640,1,531171,Titular único
10136647,1,523845,Titular único
10136648,1,735081,Titular único
10136654,1,10136669,Titular único
10136657,1,10223846,Titular único
10136664,1,10337362,Titular único
10136673,1,11439523,Titular único
10136675,2,,Múltiples titulares
10136676,1,10697354,Titular único
10136682,1,10101619,Titular único
10136684,1,10238721,Titular único
10136686,1,10265856,Titular único
10136692,1,802231,Titular único
10136693,1,795094,Titular único
10136694,1,114119,Titular único
10136700,1,10136291,Titular único
10136705,1,10184544,Titular único
10136708,1,10262857,Titular único
10136710,1,10245587,Titular único
10136711,1,10136178,Titular único
10136712,1,10136453,Titular único
10136716,1,10229505,Titular único
10136723,1,10136183,Titular único
10136738,1,10136671,Titular único
10136748,2,,Múltiples titulares
10136751,1,10136743,Titular único
10136754,1,10786890,Titular único
10136755,1,10781767,Titular único
10136762,1,10244941,Titular único
10136782,1,10337015,Titular único
10136939,1,851652,Titular único
10137971,1,801593,Titular único
10138235,1,10190116,Titular único
10138482,1,10136439,Titular único
10138879,1,524323,Titular único
10140018,1,943271,Titular único
10140752,1,794604,Titular único
10140759,1,799039,Titular único
10140963,1,522853,Titular único
10141761,2,,Múltiples titulares
10141771,2,,Múltiples titulares
10141795,2,,Múltiples titulares
10141805,1,195017,Titular único
10141811,2,,Múltiples titulares
10141812,1,524897,Titular único
10141817,1,798545,Titular único
10141818,2,,Múltiples titulares
10141819,1,793272,Titular único
10141820,1,527906,Titular único
10141821,1,10141785,Titular único
10141827,1,527946,Titular único
10141829,2,,Múltiples titulares
10141832,2,,Múltiples titulares
10141833,1,530311,Titular único
10141839,1,523318,Titular único
10141841,1,531227,Titular único
10141848,1,527866,Titular único
10141849,1,150336,Titular único
10141867,2,,Múltiples titulares
10141868,1,10536073,Titular único
10141870,2,,Múltiples titulares
10141875,1,528145,Titular único
10141880,1,466706,Titular único
10141886,1,804135,Titular único
10141892,2,,Múltiples titulares
10141893,1,10141906,Titular único
10141895,3,,Múltiples titulares
10141905,1,524134,Titular único
10141915,1,799027,Titular único
10141918,2,,Múltiples titulares
10141930,1,523280,Titular único
10141934,1,912855,Titular único
10141939,1,397561,Titular único
10141942,1,10141941,Titular único
10141951,1,10142110,Titular único
10141953,1,531085,Titular único
10141961,1,10141960,Titular único
10141970,1,798835,Titular único
10141972,1,11218440,Titular único
10141995,1,10141993,Titular único
10142020,1,800293,Titular único
10142030,1,10141785,Titular único
10142043,1,10142097,Titular único
10142053,1,10790324,Titular único
10142057,1,522244,Titular único
10142060,1,10697152,Titular único
10142066,1,10697152,Titular único
10142067,1,10141988,Titular único
10142072,1,10142005,Titular único
10142086,1,10141973,Titular único
10142090,1,933414,Titular único
10142112,1,808973,Titular único
10142117,1,750642,Titular único
10142118,1,524536,Titular único
10142132,1,529175,Titular único
10142145,1,527946,Titular único
10142158,1,800963,Titular único
10142159,1,10160545,Titular único
10142172,1,10142568,Titular único
10142175,1,10141829,Titular único
10142182,1,10160386,Titular único
10142186,1,798262,Titular único
10142189,1,800632,Titular único
10142196,1,29563,Titular único
10142198,2,,Múltiples titulares
10142203,1,10141806,Titular único
10142210,1,524650,Titular único
10142223,1,10305261,Titular único
10142233,1,10229432,Titular único
10142237,1,10190178,Titular único
10142240,1,529190,Titular único
10142246,1,933414,Titular único
10142257,1,529828,Titular único
10142262,1,10142209,Titular único
10142279,1,10244780,Titular único
10142284,2,,Múltiples titulares
10142288,1,526168,Titular único
10142289,2,,Múltiples titulares
10142319,1,354276,Titular único
10142320,1,522201,Titular único
10142322,1,10142593,Titular único
10142327,1,529175,Titular único
10142352,1,101858,Titular único
10142356,1,10184111,Titular único
10142366,1,31193,Titular único
10142368,1,260366,Titular único
10142369,1,210190,Titular único
10142372,1,10142328,Titular único
10142388,1,528019,Titular único
10142412,1,10142336,Titular único
10142414,1,10035297,Titular único
10142423,1,10142352,Titular único
10142445,1,10141878,Titular único
10142458,1,10142366,Titular único
10142461,1,805386,Titular único
10142470,1,118019,Titular único
10142484,1,10141941,Titular único
10142487,1,10191174,Titular único
10142490,1,10141857,Titular único
10142502,1,798594,Titular único
10142508,2,,Múltiples titulares
10142511,1,10142099,Titular único
10142524,1,525327,Titular único
10142538,2,,Múltiples titulares
10142540,1,800943,Titular único
10142545,1,10142102,Titular único
10142559,1,10190334,Titular único
10142567,1,524919,Titular único
10142571,1,801375,Titular único
10142575,1,10323851,Titular único
10142584,1,397613,Titular único
10142585,1,798138,Titular único
10142592,1,800758,Titular único
10142598,1,210190,Titular único
10142599,1,527392,Titular único
10142600,4,,Múltiples titulares
10142603,1,2982,Titular único
10142611,1,10160647,Titular único
10142612,1,10142620,Titular único
10142615,1,801694,Titular único
10142625,1,10142652,Titular único
10142629,1,531660,Titular único
10142635,2,,Múltiples titulares
10142638,1,798835,Titular único
10142641,1,10142640,Titular único
10142650,1,10142515,Titular único
10142653,1,800632,Titular único
10142661,1,798560,Titular único
10142665,1,10142436,Titular único
10142667,1,10306726,Titular único
10142672,1,10142478,Titular único
10142674,1,10034578,Titular único
10142675,1,528154,Titular único
10142676,2,,Múltiples titulares
10142680,1,524970,Titular único
10142681,1,10190353,Titular único
10142687,1,10141771,Titular único
10142690,1,10142759,Titular único
10142697,1,352202,Titular único
10142700,1,10142156,Titular único
10142701,1,10142432,Titular único
10142704,1,634906,Titular único
10142708,1,10142559,Titular único
10142710,1,10726631,Titular único
10142711,2,,Múltiples titulares
10142719,1,10142044,Titular único
10142727,1,552279,Titular único
10142728,1,10141999,Titular único
10142735,2,,Múltiples titulares
10142736,1,10142342,Titular único
10142745,1,10396223,Titular único
10142753,1,10142397,Titular único
10142755,1,41798,Titular único
10142772,1,11105130,Titular único
10142776,1,10709511,Titular único
10142780,1,529086,Titular único
10142783,1,525564,Titular único
10142787,4,,Múltiples titulares
10142789,1,10142671,Titular único
10142791,1,10142463,Titular único
10142797,1,10142268,Titular único
10142798,1,10101864,Titular único
10142801,1,10142831,Titular único
10142802,1,10142657,Titular único
10142804,1,525254,Titular único
10142808,2,,Múltiples titulares
10142809,2,,Múltiples titulares
10142811,1,10337722,Titular único
10142812,1,10002186,Titular único
10142813,1,10142579,Titular único
10142817,1,10336883,Titular único
10142820,2,,Múltiples titulares
10142829,1,10154022,Titular único
10142830,2,,Múltiples titulares
10142831,1,10142192,Titular único
10142834,1,10142994,Titular único
10142843,2,,Múltiples titulares
10142854,1,10040634,Titular único
10142857,1,10056761,Titular único
10142859,1,10142977,Titular único
10142869,2,,Múltiples titulares
10142870,1,279836,Titular único
10142893,1,10141906,Titular único
10142896,1,10142178,Titular único
10142900,1,10558309,Titular único
10142908,1,107829,Titular único
10142915,1,10447811,Titular único
10142916,1,30785,Titular único
10142918,2,,Múltiples titulares
10142923,1,10324731,Titular único
10142925,1,800564,Titular único
10142945,1,10160705,Titular único
10142958,1,10245185,Titular único
10142959,1,10022429,Titular único
10142991,1,10749082,Titular único
10143081,1,11212040,Titular único
10143110,1,10230342,Titular único
10143762,1,203705,Titular único
10143777,1,497709,Titular único
10143804,1,10142166,Titular único
10144583,1,520574,Titular único
10144766,1,807652,Titular único
10144773,1,530085,Titular único
10144774,1,528861,Titular único
10144776,3,,Múltiples titulares
10144777,1,530085,Titular único
10144781,1,799508,Titular único
10144782,2,,Múltiples titulares
10144783,1,194760,Titular único
10144785,1,519776,Titular único
10144789,1,791087,Titular único
10144790,1,10135953,Titular único
10144792,1,10141986,Titular único
10144794,1,796569,Titular único
10144796,1,362885,Titular único
10144798,2,,Múltiples titulares
10144799,1,523769,Titular único
10144800,1,218968,Titular único
10144801,1,209052,Titular único
10144802,2,,Múltiples titulares
10144803,1,523197,Titular único
10144804,1,523277,Titular único
10144810,2,,Múltiples titulares
10144812,2,,Múltiples titulares
10144818,1,529036,Titular único
10144819,2,,Múltiples titulares
10144820,1,521339,Titular único
10144821,1,530893,Titular único
10144822,1,525056,Titular único
10144823,2,,Múltiples titulares
10144825,5,,Múltiples titulares
10144829,5,,Múltiples titulares
10144831,6,,Múltiples titulares
10144832,4,,Múltiples titulares
10144833,3,,Múltiples titulares
10144834,1,10265622,Titular único
10144835,1,528169,Titular único
10144836,2,,Múltiples titulares
10144837,2,,Múltiples titulares
10144839,1,521339,Titular único
10144840,1,10124012,Titular único
10144843,1,10184261,Titular único
10144844,2,,Múltiples titulares
10144845,2,,Múltiples titulares
10144846,1,10306092,Titular único
10144848,1,10136038,Titular único
10144850,2,,Múltiples titulares
10145723,1,519982,Titular único
10145926,1,211783,Titular único
10145934,1,10229401,Titular único
10145960,1,522545,Titular único
10145961,4,,Múltiples titulares
10145962,2,,Múltiples titulares
10145963,2,,Múltiples titulares
10145965,2,,Múltiples titulares
10145966,2,,Múltiples titulares
10145967,4,,Múltiples titulares
10145968,2,,Múltiples titulares
10145969,2,,Múltiples titulares
10145970,1,529850,Titular único
10145971,3,,Múltiples titulares
10145972,1,914917,Titular único
10145973,2,,Múltiples titulares
10146512,1,808007,Titular único
10146560,2,,Múltiples titulares
10146561,1,516345,Titular único
10146563,1,76936,Titular único
10146564,1,807222,Titular único
10146565,2,,Múltiples titulares
10146569,2,,Múltiples titulares
10146571,1,76923,Titular único
10146573,1,525232,Titular único
10146574,1,175924,Titular único
10146577,1,804369,Titular único
10146578,2,,Múltiples titulares
10146580,3,,Múltiples titulares
10146584,1,530386,Titular único
10146585,3,,Múltiples titulares
10146586,2,,Múltiples titulares
10146588,4,,Múltiples titulares
10146589,2,,Múltiples titulares
10146590,3,,Múltiples titulares
10146591,2,,Múltiples titulares
10146592,1,525150,Titular único
10146594,2,,Múltiples titulares
10146595,1,525289,Titular único
10146596,1,528352,Titular único
10146599,2,,Múltiples titulares
10146601,1,802142,Titular único
10146602,1,795376,Titular único
10146603,1,798376,Titular único
10146604,1,798406,Titular único
10146606,2,,Múltiples titulares
10146607,2,,Múltiples titulares
10146608,3,,Múltiples titulares
10146609,1,797389,Titular único
10146610,2,,Múltiples titulares
10146612,1,762704,Titular único
10146613,2,,Múltiples titulares
10146614,1,10184032,Titular único
10146615,1,529794,Titular único
10146616,2,,Múltiples titulares
10146618,3,,Múltiples titulares
10146621,1,527758,Titular único
10146622,1,801298,Titular único
10146623,1,522711,Titular único
10146624,2,,Múltiples titulares
10146625,1,802091,Titular único
10146626,1,807925,Titular único
10146627,1,531080,Titular único
10146628,1,798410,Titular único
10146630,2,,Múltiples titulares
10146633,2,,Múltiples titulares
10146634,1,528244,Titular único
10146635,1,521096,Titular único
10146654,1,523892,Titular único
10146656,1,524570,Titular único
10146658,2,,Múltiples titulares
10146659,1,830898,Titular único
10146660,1,529033,Titular único
10146661,2,,Múltiples titulares
10146663,1,525167,Titular único
10146664,3,,Múltiples titulares
10146665,1,790607,Titular único
10146667,2,,Múltiples titulares
10146669,3,,Múltiples titulares
10146670,2,,Múltiples titulares
10146671,3,,Múltiples titulares
10146673,1,10736751,Titular único
10146675,3,,Múltiples titulares
10146676,3,,Múltiples titulares
10146677,1,523117,Titular único
10146678,1,807958,Titular único
10146680,1,528992,Titular único
10146681,4,,Múltiples titulares
10146682,1,10141976,Titular único
10146684,3,,Múltiples titulares
10146685,1,204010,Titular único
10146686,2,,Múltiples titulares
10146689,3,,Múltiples titulares
10146690,1,10229403,Titular único
10146691,1,795383,Titular único
10146692,1,807624,Titular único
10146693,5,,Múltiples titulares
10146694,1,531173,Titular único
10146695,1,509821,Titular único
10146697,1,404309,Titular único
10146698,1,527738,Titular único
10146699,4,,Múltiples titulares
10146700,1,10543721,Titular único
10146701,2,,Múltiples titulares
10146702,1,11101746,Titular único
10146705,2,,Múltiples titulares
10146706,3,,Múltiples titulares
10146707,1,10245316,Titular único
10146708,4,,Múltiples titulares
10146709,2,,Múltiples titulares
10146710,2,,Múltiples titulares
10146711,1,528323,Titular único
10146712,1,808007,Titular único
10146713,3,,Múltiples titulares
10146714,3,,Múltiples titulares
10146715,3,,Múltiples titulares
10146716,1,522789,Titular único
10146717,1,808125,Titular único
10146719,1,799572,Titular único
10146720,1,11305936,Titular único
10146723,1,750940,Titular único
10146724,2,,Múltiples titulares
10146726,4,,Múltiples titulares
10146727,4,,Múltiples titulares
10146728,3,,Múltiples titulares
10146730,4,,Múltiples titulares
10146731,2,,Múltiples titulares
10146732,3,,Múltiples titulares
10146844,1,360690,Titular único
10147362,1,603642,Titular único
10147363,1,10154028,Titular único
10147365,2,,Múltiples titulares
10147366,3,,Múltiples titulares
10147367,1,794889,Titular único
10147368,2,,Múltiples titulares
10147370,2,,Múltiples titulares
10147372,1,10324047,Titular único
10147373,1,790032,Titular único
10147374,2,,Múltiples titulares
10147376,3,,Múltiples titulares
10147377,1,524253,Titular único
10147379,1,529530,Titular único
10147380,1,519730,Titular único
10147381,4,,Múltiples titulares
10147382,1,530467,Titular único
10147383,2,,Múltiples titulares
10147384,1,10229533,Titular único
10147385,2,,Múltiples titulares
10147386,3,,Múltiples titulares
10147387,3,,Múltiples titulares
10147388,4,,Múltiples titulares
10147389,2,,Múltiples titulares
10147391,1,292847,Titular único
10147392,1,113495,Titular único
10147393,1,10323844,Titular único
10147394,2,,Múltiples titulares
10147395,4,,Múltiples titulares
10147396,1,524882,Titular único
10147397,1,528169,Titular único
10147398,1,173404,Titular único
10147399,4,,Múltiples titulares
10147400,3,,Múltiples titulares
10147401,2,,Múltiples titulares
10147402,4,,Múltiples titulares
10147403,1,800311,Titular único
10147404,5,,Múltiples titulares
10147405,3,,Múltiples titulares
10147406,1,227999,Titular único
10147408,2,,Múltiples titulares
10147410,4,,Múltiples titulares
10147411,2,,Múltiples titulares
10147412,6,,Múltiples titulares
10147413,1,10523835,Titular único
10147414,7,,Múltiples titulares
10147415,2,,Múltiples titulares
10147416,3,,Múltiples titulares
10147417,1,31465,Titular único
10147418,1,10160006,Titular único
10147419,2,,Múltiples titulares
10147420,1,10190906,Titular único
10147421,3,,Múltiples titulares
10147422,3,,Múltiples titulares
10147423,1,799634,Titular único
10147703,1,303316,Titular único
10147970,1,800127,Titular único
10148203,1,795910,Titular único
10148228,1,529906,Titular único
10148369,1,786916,Titular único
10148541,1,790414,Titular único
10148561,1,796895,Titular único
10148562,4,,Múltiples titulares
10148563,3,,Múltiples titulares
10148564,1,520362,Titular único
10148565,1,633334,Titular único
10148566,1,800273,Titular único
10148567,2,,Múltiples titulares
10148569,3,,Múltiples titulares
10148571,3,,Múltiples titulares
10148572,2,,Múltiples titulares
10148573,4,,Múltiples titulares
10148574,1,798575,Titular único
10148577,2,,Múltiples titulares
10148578,3,,Múltiples titulares
10148579,4,,Múltiples titulares
10148580,5,,Múltiples titulares
10148581,1,522545,Titular único
10148582,1,522495,Titular único
10148583,1,520574,Titular único
10148584,4,,Múltiples titulares
10148586,1,793896,Titular único
10148587,1,793516,Titular único
10148588,1,524985,Titular único
10148589,3,,Múltiples titulares
10148590,3,,Múltiples titulares
10148591,3,,Múltiples titulares
10148592,3,,Múltiples titulares
10148593,2,,Múltiples titulares
10148594,3,,Múltiples titulares
10148595,2,,Múltiples titulares
10148596,1,805026,Titular único
10148597,2,,Múltiples titulares
10148598,3,,Múltiples titulares
10148599,4,,Múltiples titulares
10148600,1,914560,Titular único
10148601,1,914723,Titular único
10148602,7,,Múltiples titulares
10148603,3,,Múltiples titulares
10148604,1,521764,Titular único
10148605,6,,Múltiples titulares
10148606,5,,Múltiples titulares
10148607,7,,Múltiples titulares
10148608,3,,Múltiples titulares
10148609,8,,Múltiples titulares
10148610,4,,Múltiples titulares
10148611,5,,Múltiples titulares
10148612,3,,Múltiples titulares
10148613,3,,Múltiples titulares
10148614,4,,Múltiples titulares
10148615,6,,Múltiples titulares
10148616,2,,Múltiples titulares
10148617,3,,Múltiples titulares
10148618,1,10123393,Titular único
10148619,2,,Múltiples titulares
10148620,1,669262,Titular único
10148621,2,,Múltiples titulares
10148622,4,,Múltiples titulares
10148624,3,,Múltiples titulares
10148625,3,,Múltiples titulares
10148626,3,,Múltiples titulares
10148627,5,,Múltiples titulares
10148628,1,523519,Titular único
10148629,3,,Múltiples titulares
10148630,2,,Múltiples titulares
10148631,1,530129,Titular único
10148632,1,10324258,Titular único
10148634,4,,Múltiples titulares
10148635,3,,Múltiples titulares
10148636,3,,Múltiples titulares
10148637,2,,Múltiples titulares
10148638,2,,Múltiples titulares
10148640,5,,Múltiples titulares
10148641,4,,Múltiples titulares
10148642,2,,Múltiples titulares
10148643,5,,Múltiples titulares
10148644,1,363858,Titular único
10148645,1,529702,Titular único
10148646,2,,Múltiples titulares
10148647,2,,Múltiples titulares
10148648,3,,Múltiples titulares
10148649,6,,Múltiples titulares
10148650,8,,Múltiples titulares
10148652,3,,Múltiples titulares
10148654,2,,Múltiples titulares
10148656,2,,Múltiples titulares
10148657,4,,Múltiples titulares
10148658,4,,Múltiples titulares
10148659,5,,Múltiples titulares
10148660,4,,Múltiples titulares
10148661,1,10190458,Titular único
10148662,2,,Múltiples titulares
10148663,3,,Múltiples titulares
10148664,9,,Múltiples titulares
10148665,4,,Múltiples titulares
10148666,3,,Múltiples titulares
10148667,1,794586,Titular único
10148668,4,,Múltiples titulares
10148670,6,,Múltiples titulares
10148671,2,,Múltiples titulares
10148672,3,,Múltiples titulares
10148673,2,,Múltiples titulares
10148674,1,798699,Titular único
10148675,1,394441,Titular único
10148676,6,,Múltiples titulares
10148677,2,,Múltiples titulares
10148678,5,,Múltiples titulares
10148679,1,790955,Titular único
10148680,4,,Múltiples titulares
10148681,6,,Múltiples titulares
10148682,1,985505,Titular único
10148683,1,527970,Titular único
10148685,1,517124,Titular único
10148686,1,523846,Titular único
10148687,2,,Múltiples titulares
10148688,6,,Múltiples titulares
10148689,4,,Múltiples titulares
10148690,3,,Múltiples titulares
10148691,1,797780,Titular único
10148692,2,,Múltiples titulares
10148693,6,,Múltiples titulares
10148694,5,,Múltiples titulares
10148695,4,,Múltiples titulares
10148696,2,,Múltiples titulares
10148697,2,,Múltiples titulares
10148698,6,,Múltiples titulares
10148699,3,,Múltiples titulares
10148700,4,,Múltiples titulares
10148701,2,,Múltiples titulares
10148702,2,,Múltiples titulares
10148703,9,,Múltiples titulares
10148704,3,,Múltiples titulares
10148705,2,,Múltiples titulares
10148706,4,,Múltiples titulares
10148707,4,,Múltiples titulares
10148708,2,,Múltiples titulares
10148709,2,,Múltiples titulares
10148710,1,10244751,Titular único
10148711,5,,Múltiples titulares
10148712,4,,Múltiples titulares
10148713,4,,Múltiples titulares
10148714,1,10141792,Titular único
10148715,1,524534,Titular único
10148716,2,,Múltiples titulares
10148717,3,,Múltiples titulares
10148718,4,,Múltiples titulares
10148719,7,,Múltiples titulares
10148720,3,,Múltiples titulares
10148721,1,795574,Titular único
10148722,1,525296,Titular único
10148723,2,,Múltiples titulares
10148724,6,,Múltiples titulares
10148725,8,,Múltiples titulares
10148726,1,983971,Titular único
10148727,3,,Múltiples titulares
10148728,6,,Múltiples titulares
10148729,4,,Múltiples titulares
10148730,4,,Múltiples titulares
10148731,3,,Múltiples titulares
10148732,4,,Múltiples titulares
10148733,5,,Múltiples titulares
10148734,5,,Múltiples titulares
10148735,2,,Múltiples titulares
10148736,6,,Múltiples titulares
10148737,5,,Múltiples titulares
10148738,2,,Múltiples titulares
10148739,2,,Múltiples titulares
10148740,3,,Múltiples titulares
10148741,4,,Múltiples titulares
10148742,2,,Múltiples titulares
10148743,6,,Múltiples titulares
10148744,8,,Múltiples titulares
10148745,4,,Múltiples titulares
10148746,3,,Múltiples titulares
10148747,3,,Múltiples titulares
10148748,3,,Múltiples titulares
10148749,1,809276,Titular único
10148750,2,,Múltiples titulares
10148751,4,,Múltiples titulares
10148752,4,,Múltiples titulares
10148753,9,,Múltiples titulares
10148754,3,,Múltiples titulares
10148755,2,,Múltiples titulares
10148756,4,,Múltiples titulares
10148757,4,,Múltiples titulares
10148758,3,,Múltiples titulares
10148759,8,,Múltiples titulares
10148760,3,,Múltiples titulares
10148761,3,,Múltiples titulares
10148762,4,,Múltiples titulares
10148763,4,,Múltiples titulares
10148764,4,,Múltiples titulares
10148765,2,,Múltiples titulares
10148766,2,,Múltiples titulares
10148767,5,,Múltiples titulares
10148768,6,,Múltiples titulares
10148769,2,,Múltiples titulares
10148770,2,,Múltiples titulares
10148771,3,,Múltiples titulares
10148772,5,,Múltiples titulares
10148773,2,,Múltiples titulares
10148774,7,,Múltiples titulares
10148775,4,,Múltiples titulares
10148776,2,,Múltiples titulares
10148777,2,,Múltiples titulares
10148778,5,,Múltiples titulares
10148779,4,,Múltiples titulares
10148780,5,,Múltiples titulares
10148781,2,,Múltiples titulares
10148782,4,,Múltiples titulares
10148784,1,635037,Titular único
10148785,2,,Múltiples titulares
10148786,4,,Múltiples titulares
10148787,4,,Múltiples titulares
10148788,4,,Múltiples titulares
10148789,8,,Múltiples titulares
10148790,4,,Múltiples titulares
10148791,2,,Múltiples titulares
10148792,3,,Múltiples titulares
10148793,4,,Múltiples titulares
10148794,4,,Múltiples titulares
10148795,6,,Múltiples titulares
10148796,8,,Múltiples titulares
10148798,2,,Múltiples titulares
10148799,3,,Múltiples titulares
10148800,5,,Múltiples titulares
10148801,3,,Múltiples titulares
10148802,5,,Múltiples titulares
10148803,4,,Múltiples titulares
10148804,5,,Múltiples titulares
10148805,2,,Múltiples titulares
10148806,8,,Múltiples titulares
10148807,4,,Múltiples titulares
10148808,4,,Múltiples titulares
10148809,5,,Múltiples titulares
10148810,1,798965,Titular único
10148811,8,,Múltiples titulares
10148812,5,,Múltiples titulares
10148813,2,,Múltiples titulares
10148814,3,,Múltiples titulares
10148815,3,,Múltiples titulares
10148816,1,175924,Titular único
10148817,3,,Múltiples titulares
10148818,4,,Múltiples titulares
10148819,5,,Múltiples titulares
10148820,2,,Múltiples titulares
10148821,7,,Múltiples titulares
10148822,8,,Múltiples titulares
10148823,5,,Múltiples titulares
10148824,5,,Múltiples titulares
10148825,7,,Múltiples titulares
10148826,6,,Múltiples titulares
10148827,8,,Múltiples titulares
10148828,1,658250,Titular único
10148829,3,,Múltiples titulares
10148830,3,,Múltiples titulares
10148831,8,,Múltiples titulares
10148832,5,,Múltiples titulares
10148833,4,,Múltiples titulares
10148834,4,,Múltiples titulares
10148835,2,,Múltiples titulares
10148836,4,,Múltiples titulares
10148837,2,,Múltiples titulares
10148838,2,,Múltiples titulares
10148839,6,,Múltiples titulares
10148840,1,799828,Titular único
10148841,6,,Múltiples titulares
10148842,3,,Múltiples titulares
10148843,4,,Múltiples titulares
10148844,3,,Múltiples titulares
10148845,3,,Múltiples titulares
10148846,2,,Múltiples titulares
10148847,7,,Múltiples titulares
10148848,1,800845,Titular único
10148849,5,,Múltiples titulares
10148850,4,,Múltiples titulares
10148851,2,,Múltiples titulares
10148853,4,,Múltiples titulares
10148854,3,,Múltiples titulares
10148855,2,,Múltiples titulares
10148856,1,798891,Titular único
10148857,4,,Múltiples titulares
10148858,5,,Múltiples titulares
10148859,4,,Múltiples titulares
10148860,4,,Múltiples titulares
10148861,7,,Múltiples titulares
10148862,3,,Múltiples titulares
10148863,6,,Múltiples titulares
10148864,5,,Múltiples titulares
10148865,2,,Múltiples titulares
10148866,7,,Múltiples titulares
10148867,4,,Múltiples titulares
10148868,4,,Múltiples titulares
10148869,2,,Múltiples titulares
10148870,2,,Múltiples titulares
10148871,6,,Múltiples titulares
10148872,3,,Múltiples titulares
10148873,7,,Múltiples titulares
10148874,2,,Múltiples titulares
10148875,5,,Múltiples titulares
10148876,3,,Múltiples titulares
10148877,5,,Múltiples titulares
10148878,2,,Múltiples titulares
10148879,3,,Múltiples titulares
10148880,6,,Múltiples titulares
10148881,3,,Múltiples titulares
10148882,5,,Múltiples titulares
10148883,2,,Múltiples titulares
10148884,1,800524,Titular único
10148885,6,,Múltiples titulares
10148886,6,,Múltiples titulares
10148887,3,,Múltiples titulares
10148888,1,524514,Titular único
10148889,5,,Múltiples titulares
10148890,5,,Múltiples titulares
10148891,6,,Múltiples titulares
10148892,1,801694,Titular único
10148893,4,,Múltiples titulares
10148894,2,,Múltiples titulares
10148895,4,,Múltiples titulares
10148896,2,,Múltiples titulares
10148897,7,,Múltiples titulares
10148898,4,,Múltiples titulares
10148899,5,,Múltiples titulares
10148900,2,,Múltiples titulares
10148901,4,,Múltiples titulares
10148902,5,,Múltiples titulares
10148903,7,,Múltiples titulares
10148904,3,,Múltiples titulares
10148905,2,,Múltiples titulares
10148906,2,,Múltiples titulares
10148907,5,,Múltiples titulares
10148908,4,,Múltiples titulares
10148909,4,,Múltiples titulares
10148910,7,,Múltiples titulares
10148912,1,529827,Titular único
10148913,4,,Múltiples titulares
10148914,3,,Múltiples titulares
10148915,6,,Múltiples titulares
10148921,1,527526,Titular único
10148967,1,529917,Titular único
10149035,1,521493,Titular único
10149049,1,799808,Titular único
10149336,1,798158,Titular único
10149761,3,,Múltiples titulares
10149762,3,,Múltiples titulares
10149764,2,,Múltiples titulares
10149766,2,,Múltiples titulares
10149768,1,520844,Titular único
10149769,2,,Múltiples titulares
10149770,1,63182,Titular único
10149771,2,,Múltiples titulares
10149772,2,,Múltiples titulares
10149773,3,,Múltiples titulares
10149774,2,,Múltiples titulares
10149775,4,,Múltiples titulares
10149776,3,,Múltiples titulares
10149777,1,523356,Titular único
10149779,2,,Múltiples titulares
10149780,5,,Múltiples titulares
10149781,2,,Múltiples titulares
10149782,4,,Múltiples titulares
10149783,1,521064,Titular único
10149784,1,796005,Titular único
10149785,1,912707,Titular único
10149786,2,,Múltiples titulares
10149787,6,,Múltiples titulares
10149788,2,,Múltiples titulares
10149789,2,,Múltiples titulares
10149790,1,521765,Titular único
10149791,1,527169,Titular único
10149792,2,,Múltiples titulares
10149793,3,,Múltiples titulares
10149794,1,520848,Titular único
10149795,4,,Múltiples titulares
10149796,2,,Múltiples titulares
10149797,1,790502,Titular único
10149798,1,804269,Titular único
10149799,3,,Múltiples titulares
10149800,4,,Múltiples titulares
10149801,1,395734,Titular único
10149802,3,,Múltiples titulares
10149803,4,,Múltiples titulares
10149804,1,796854,Titular único
10149805,3,,Múltiples titulares
10149807,4,,Múltiples titulares
10149808,2,,Múltiples titulares
10149809,3,,Múltiples titulares
10149900,3,,Múltiples titulares
10149901,4,,Múltiples titulares
10149902,5,,Múltiples titulares
10149903,8,,Múltiples titulares
10149904,1,398025,Titular único
10149905,1,463749,Titular único
10149906,1,303927,Titular único
10149907,3,,Múltiples titulares
10149908,3,,Múltiples titulares
10149909,6,,Múltiples titulares
10149910,1,797300,Titular único
10149911,4,,Múltiples titulares
10149912,3,,Múltiples titulares
10149913,2,,Múltiples titulares
10149914,3,,Múltiples titulares
10149915,3,,Múltiples titulares
10149916,2,,Múltiples titulares
10149917,2,,Múltiples titulares
10149918,1,524365,Titular único
10149919,1,800117,Titular único
10149920,4,,Múltiples titulares
10149921,1,798528,Titular único
10149922,5,,Múltiples titulares
10149923,2,,Múltiples titulares
10149924,3,,Múltiples titulares
10149925,3,,Múltiples titulares
10149926,2,,Múltiples titulares
10149927,2,,Múltiples titulares
10149928,6,,Múltiples titulares
10149929,3,,Múltiples titulares
10149930,5,,Múltiples titulares
10149931,2,,Múltiples titulares
10149933,1,525006,Titular único
10149934,4,,Múltiples titulares
10149935,1,40450,Titular único
10149936,5,,Múltiples titulares
10149937,3,,Múltiples titulares
10149938,3,,Múltiples titulares
10149939,4,,Múltiples titulares
10149940,4,,Múltiples titulares
10149941,3,,Múltiples titulares
10149942,2,,Múltiples titulares
10149943,2,,Múltiples titulares
10149944,1,523798,Titular único
10149945,5,,Múltiples titulares
10149946,2,,Múltiples titulares
10149947,3,,Múltiples titulares
10149948,1,530825,Titular único
10149949,4,,Múltiples titulares
10149950,3,,Múltiples titulares
10149951,2,,Múltiples titulares
10149952,2,,Múltiples titulares
10149953,3,,Múltiples titulares
10149954,3,,Múltiples titulares
10149955,3,,Múltiples titulares
10149956,1,799583,Titular único
10149957,7,,Múltiples titulares
10149958,2,,Múltiples titulares
10149959,1,528895,Titular único
10149960,1,799110,Titular único
10149961,3,,Múltiples titulares
10149962,1,802208,Titular único
10149963,3,,Múltiples titulares
10149964,2,,Múltiples titulares
10149965,4,,Múltiples titulares
10149966,2,,Múltiples titulares
10149967,1,10245597,Titular único
10149968,2,,Múltiples titulares
10149969,2,,Múltiples titulares
10149970,4,,Múltiples titulares
10149973,1,10160524,Titular único
10149975,2,,Múltiples titulares
10149976,5,,Múltiples titulares
10149977,2,,Múltiples titulares
10149978,3,,Múltiples titulares
10149979,3,,Múltiples titulares
10149980,3,,Múltiples titulares
10150253,1,10184306,Titular único
10150675,1,669926,Titular único
10150747,1,432744,Titular único
10150758,2,,Múltiples titulares
10150768,1,100072,Titular único
10150773,1,10880216,Titular único
10151158,1,10161158,Titular único
10151885,1,10366242,Titular único
10151915,1,10337136,Titular único
10151925,1,109517,Titular único
10153020,1,157266,Titular único
10153922,1,395486,Titular único
10153950,1,519906,Titular único
10153968,1,800355,Titular único
10153974,1,10323582,Titular único
10153980,1,798805,Titular único
10153999,1,796884,Titular único
10154004,1,432563,Titular único
10154023,1,530501,Titular único
10154035,1,517636,Titular único
10154044,1,10154111,Titular único
10154057,1,528871,Titular único
10154069,1,422725,Titular único
10154074,1,289685,Titular único
10154087,1,522302,Titular único
10154089,1,523797,Titular único
10154093,3,,Múltiples titulares
10154096,1,207302,Titular único
10154108,1,509162,Titular único
10154109,1,795695,Titular único
10154136,1,10153991,Titular único
10154145,1,111560,Titular único
10154146,1,10154086,Titular único
10154154,1,797525,Titular único
10154160,1,798092,Titular único
10154169,1,10262515,Titular único
10154179,2,,Múltiples titulares
10154191,2,,Múltiples titulares
10154193,1,530540,Titular único
10154205,1,528145,Titular único
10154211,1,10154193,Titular único
10154220,1,531595,Titular único
10154223,1,197697,Titular único
10154232,1,798833,Titular único
10154240,2,,Múltiples titulares
10154251,1,527674,Titular único
10154265,1,11092440,Titular único
10154268,2,,Múltiples titulares
10154276,1,10154268,Titular único
10154288,2,,Múltiples titulares
10154327,1,925335,Titular único
10154362,3,,Múltiples titulares
10154377,1,10154418,Titular único
10154392,1,523917,Titular único
10154401,1,10154224,Titular único
10154413,1,10323743,Titular único
10154414,1,528659,Titular único
10154416,1,10154384,Titular único
10154441,1,801769,Titular único
10154442,1,209238,Titular único
10154443,1,10154472,Titular único
10154444,1,225193,Titular único
10154445,1,10142391,Titular único
10154457,1,10190267,Titular único
10154461,1,10154261,Titular único
10154476,1,126475,Titular único
10154482,1,800318,Titular único
10154496,1,798827,Titular único
10154517,1,798929,Titular único
10154519,1,10154195,Titular único
10154520,1,10135838,Titular único
10154534,1,10736934,Titular único
10154535,1,796539,Titular único
10154539,1,124481,Titular único
10154540,1,10207741,Titular único
10154541,1,527525,Titular único
10154545,1,10324068,Titular único
10154548,1,10190175,Titular único
10154551,1,11104964,Titular único
10154561,1,796717,Titular único
10154566,2,,Múltiples titulares
10154567,2,,Múltiples titulares
10154594,1,791070,Titular único
10154608,1,10142850,Titular único
10154615,1,10154591,Titular único
10154622,1,10643120,Titular único
10154628,1,10190183,Titular único
10154632,1,11105394,Titular único
10154636,1,10154479,Titular único
10154648,2,,Múltiples titulares
10154652,1,528439,Titular único
10154657,2,,Múltiples titulares
10154665,1,10136172,Titular único
10154675,1,529115,Titular único
10154680,1,10071850,Titular único
10154682,1,530987,Titular único
10154684,2,,Múltiples titulares
10154690,1,10766205,Titular único
10154691,1,10154480,Titular único
10154716,1,10154598,Titular único
10154739,1,10749282,Titular único
10158670,1,529116,Titular único
10159593,1,10160293,Titular único
10159924,1,10223390,Titular único
10159945,1,523236,Titular único
10159946,1,529801,Titular único
10159947,2,,Múltiples titulares
10159949,1,801289,Titular único
10159950,1,530290,Titular único
10159969,1,10735047,Titular único
10159973,1,798495,Titular único
10159976,1,528970,Titular único
10159983,1,523265,Titular único
10159987,1,527848,Titular único
10159995,1,523206,Titular único
10160005,1,930837,Titular único
10160008,1,207388,Titular único
10160010,1,787622,Titular único
10160021,1,363148,Titular único
10160027,1,10790331,Titular único
10160035,1,397511,Titular único
10160036,2,,Múltiples titulares
10160038,1,801083,Titular único
10160045,1,395679,Titular único
10160047,1,934435,Titular único
10160048,1,854361,Titular único
10160054,1,397603,Titular único
10160057,1,11208665,Titular único
10160059,1,524832,Titular único
10160060,1,529836,Titular único
10160064,1,10160124,Titular único
10160066,1,77045,Titular único
10160067,1,721845,Titular único
10160071,1,529814,Titular único
10160074,3,,Múltiples titulares
10160075,2,,Múltiples titulares
10160078,1,10159971,Titular único
10160084,1,794954,Titular único
10160086,1,807995,Titular único
10160095,1,522862,Titular único
10160100,1,801620,Titular único
10160101,1,529824,Titular único
10160102,1,523194,Titular único
10160106,1,797341,Titular único
10160108,2,,Múltiples titulares
10160110,1,934761,Titular único
10160112,1,239666,Titular único
10160120,3,,Múltiples titulares
10160125,2,,Múltiples titulares
10160136,3,,Múltiples titulares
10160140,1,113672,Titular único
10160141,1,289860,Titular único
10160143,1,528325,Titular único
10160153,2,,Múltiples titulares
10160154,2,,Múltiples titulares
10160162,1,10142186,Titular único
10160164,1,799809,Titular único
10160168,1,420271,Titular único
10160174,1,530147,Titular único
10160183,2,,Múltiples titulares
10160194,1,800094,Titular único
10160196,1,524228,Titular único
10160203,1,197751,Titular único
10160205,1,529886,Titular único
10160208,1,139564,Titular único
10160209,1,800086,Titular único
10160217,2,,Múltiples titulares
10160223,1,285485,Titular único
10160228,1,807994,Titular único
10160242,1,801090,Titular único
10160248,1,10336980,Titular único
10160253,1,208300,Titular único
10160257,1,527843,Titular único
10160259,1,10305264,Titular único
10160264,1,10655855,Titular único
10160265,1,523456,Titular único
10160278,2,,Múltiples titulares
10160290,1,657838,Titular único
10160299,1,10160415,Titular único
10160305,1,527826,Titular único
10160308,1,800970,Titular único
10160309,1,523271,Titular único
10160323,2,,Múltiples titulares
10160326,1,524823,Titular único
10160329,1,524867,Titular único
10160330,2,,Múltiples titulares
10160334,1,530299,Titular único
10160341,1,10160343,Titular único
10160342,1,10238719,Titular único
10160345,1,10160409,Titular único
10160350,2,,Múltiples titulares
10160352,2,,Múltiples titulares
10160361,1,10160148,Titular único
10160364,1,791308,Titular único
10160373,1,798090,Titular único
10160377,1,808016,Titular único
10160385,1,528999,Titular único
10160389,1,10262580,Titular único
10160390,1,10732385,Titular único
10160399,1,530318,Titular único
10160400,1,10160294,Titular único
10160403,1,808027,Titular único
10160423,1,114455,Titular único
10160425,1,397618,Titular único
10160436,1,526622,Titular único
10160437,1,523211,Titular único
10160442,1,529170,Titular único
10160445,1,521823,Titular único
10160453,1,10160409,Titular único
10160456,1,528740,Titular único
10160457,1,10159977,Titular único
10160464,1,798436,Titular único
10160466,1,59086,Titular único
10160467,3,,Múltiples titulares
10160468,2,,Múltiples titulares
10160469,1,10101780,Titular único
10160470,1,10159931,Titular único
10160471,1,88605,Titular único
10160477,1,804037,Titular único
10160480,2,,Múltiples titulares
10160483,1,801611,Titular único
10160484,1,10160225,Titular único
10160487,1,10160019,Titular único
10160488,1,10736690,Titular único
10160496,1,800119,Titular único
10160499,1,800108,Titular único
10160505,1,10324226,Titular único
10160507,1,806568,Titular único
10160517,2,,Múltiples titulares
10160518,1,808021,Titular único
10160521,2,,Múltiples titulares
10160522,1,798436,Titular único
10160525,1,10160720,Titular único
10160527,1,10244798,Titular único
10160529,1,328547,Titular único
10160530,1,71422,Titular único
10160536,1,527848,Titular único
10160537,2,,Múltiples titulares
10160543,1,325814,Titular único
10160548,2,,Múltiples titulares
10160550,2,,Múltiples titulares
10160551,1,353946,Titular único
10160573,1,10520741,Titular único
10160575,1,798392,Titular único
10160580,2,,Múltiples titulares
10160589,1,10160513,Titular único
10160590,1,10160307,Titular único
10160597,1,10160026,Titular único
10160599,1,529839,Titular único
10160600,1,10160341,Titular único
10160605,1,10036406,Titular único
10160607,2,,Múltiples titulares
10160610,1,804592,Titular único
10160613,1,10154179,Titular único
10160622,1,10160172,Titular único
10160624,1,808001,Titular único
10160627,1,10160559,Titular único
10160632,2,,Múltiples titulares
10160633,1,10323947,Titular único
10160636,1,798475,Titular único
10160641,1,10191096,Titular único
10160648,1,10160344,Titular único
10160651,1,10160481,Titular único
10160653,1,792050,Titular único
10160656,1,10324348,Titular único
10160658,1,10160621,Titular único
10160663,3,,Múltiples titulares
10160675,1,283817,Titular único
10160677,1,10262846,Titular único
10160679,2,,Múltiples titulares
10160684,1,10154361,Titular único
10160688,2,,Múltiples titulares
10160691,1,10067374,Titular único
10160693,2,,Múltiples titulares
10160698,2,,Múltiples titulares
10160704,2,,Múltiples titulares
10160709,1,10732386,Titular único
10160710,1,10160668,Titular único
10160715,2,,Múltiples titulares
10160718,1,10102255,Titular único
10160720,1,523160,Titular único
10160722,1,520503,Titular único
10160723,1,10160715,Titular único
10160726,1,10160526,Titular único
10160727,1,10141980,Titular único
10160738,2,,Múltiples titulares
10160748,1,10160805,Titular único
10160749,2,,Múltiples titulares
10160751,1,10305316,Titular único
10160752,1,10265884,Titular único
10160754,3,,Múltiples titulares
10160755,2,,Múltiples titulares
10160756,1,10160090,Titular único
10160758,1,10160804,Titular único
10160761,4,,Múltiples titulares
10160763,1,10159968,Titular único
10160764,1,10142143,Titular único
10160766,2,,Múltiples titulares
10160767,1,524995,Titular único
10160768,2,,Múltiples titulares
10160770,2,,Múltiples titulares
10160772,3,,Múltiples titulares
10160774,2,,Múltiples titulares
10160776,2,,Múltiples titulares
10160782,1,530283,Titular único
10160783,2,,Múltiples titulares
10160785,2,,Múltiples titulares
10160790,1,10160759,Titular único
10160791,1,10123189,Titular único
10160793,1,107827,Titular único
10160797,1,10160614,Titular único
10160802,1,10949234,Titular único
10160803,1,10160750,Titular único
10160807,1,10160404,Titular único
10160810,2,,Múltiples titulares
10160815,2,,Múltiples titulares
10160817,1,10678653,Titular único
10160819,1,524834,Titular único
10160822,2,,Múltiples titulares
10160823,1,10160018,Titular único
10160824,1,10160018,Titular único
10160825,2,,Múltiples titulares
10160826,1,354209,Titular único
10160829,1,808755,Titular único
10160832,1,10661776,Titular único
10160835,3,,Múltiples titulares
10160840,2,,Múltiples titulares
10160844,3,,Múltiples titulares
10160845,1,10160924,Titular único
10160846,1,10160968,Titular único
10160847,1,10154112,Titular único
10160849,1,10160751,Titular único
10160857,1,10311203,Titular único
10160858,1,10160389,Titular único
10160859,1,434545,Titular único
10160860,1,809036,Titular único
10160871,2,,Múltiples titulares
10160874,2,,Múltiples titulares
10160875,1,10160963,Titular único
10160876,2,,Múltiples titulares
10160877,1,10160437,Titular único
10160878,1,10160140,Titular único
10160881,1,10159934,Titular único
10160884,1,10160986,Titular único
10160886,1,10324225,Titular único
10160887,1,10160884,Titular único
10160890,2,,Múltiples titulares
10160892,1,10160648,Titular único
10160893,1,397626,Titular único
10160894,1,10160456,Titular único
10160895,2,,Múltiples titulares
10160896,1,10161029,Titular único
10160901,2,,Múltiples titulares
10160902,2,,Múltiples titulares
10160906,1,10161029,Titular único
10160907,1,10136521,Titular único
10160908,1,800104,Titular único
10160911,1,10818064,Titular único
10160912,1,808800,Titular único
10160916,1,11021220,Titular único
10160921,1,10160247,Titular único
10160925,1,10160636,Titular único
10160926,1,10244821,Titular único
10160928,1,71832,Titular único
10160935,1,10160613,Titular único
10160936,1,10160807,Titular único
10160943,1,808039,Titular único
10160953,1,10160315,Titular único
10160959,1,10734273,Titular único
10160976,1,10522172,Titular único
10160999,1,527843,Titular único
10161158,1,10161158,Titular único
10161204,1,10160579,Titular único
10161430,1,801722,Titular único
10163611,1,10142693,Titular único
10163739,1,10239451,Titular único
10163992,1,227428,Titular único
10164368,1,524656,Titular único
10165921,1,58870,Titular único
10165925,1,522616,Titular único
10165927,1,523789,Titular único
10165928,2,,Múltiples titulares
10165931,3,,Múltiples titulares
10165936,3,,Múltiples titulares
10165937,1,525577,Titular único
10165939,2,,Múltiples titulares
10165940,2,,Múltiples titulares
10165941,2,,Múltiples titulares
10165942,1,10141918,Titular único
10165943,3,,Múltiples titulares
10165944,2,,Múltiples titulares
10165948,2,,Múltiples titulares
10165949,2,,Múltiples titulares
10165950,2,,Múltiples titulares
10165951,1,10265605,Titular único
10165952,3,,Múltiples titulares
10165953,5,,Múltiples titulares
10165954,2,,Múltiples titulares
10165955,1,796649,Titular único
10165956,3,,Múltiples titulares
10165957,1,793208,Titular único
10165959,1,796500,Titular único
10165960,4,,Múltiples titulares
10165961,1,529577,Titular único
10165963,1,808582,Titular único
10165964,2,,Múltiples titulares
10165965,1,801567,Titular único
10165966,2,,Múltiples titulares
10165967,2,,Múltiples titulares
10165968,2,,Múltiples titulares
10165969,5,,Múltiples titulares
10165970,2,,Múltiples titulares
10165972,5,,Múltiples titulares
10165973,1,793996,Titular único
10165974,2,,Múltiples titulares
10165975,3,,Múltiples titulares
10165976,1,528366,Titular único
10165977,2,,Múltiples titulares
10165979,4,,Múltiples titulares
10165990,2,,Múltiples titulares
10165992,2,,Múltiples titulares
10165993,5,,Múltiples titulares
10165994,1,77098,Titular único
10165995,9,,Múltiples titulares
10165996,4,,Múltiples titulares
10165997,4,,Múltiples titulares
10165998,5,,Múltiples titulares
10165999,2,,Múltiples titulares
10166000,5,,Múltiples titulares
10166001,2,,Múltiples titulares
10166002,7,,Múltiples titulares
10166003,3,,Múltiples titulares
10166004,1,10190118,Titular único
10166005,3,,Múltiples titulares
10166007,3,,Múltiples titulares
10166008,5,,Múltiples titulares
10166009,7,,Múltiples titulares
10166010,6,,Múltiples titulares
10166011,4,,Múltiples titulares
10166012,3,,Múltiples titulares
10166013,1,524554,Titular único
10166014,3,,Múltiples titulares
10166015,2,,Múltiples titulares
10166016,1,10123236,Titular único
10166017,1,524207,Titular único
10166018,5,,Múltiples titulares
10166019,3,,Múltiples titulares
10166020,2,,Múltiples titulares
10166021,3,,Múltiples titulares
10166022,2,,Múltiples titulares
10166023,2,,Múltiples titulares
10166024,3,,Múltiples titulares
10166025,4,,Múltiples titulares
10166026,3,,Múltiples titulares
10166027,5,,Múltiples titulares
10166028,3,,Múltiples titulares
10166029,5,,Múltiples titulares
10166030,3,,Múltiples titulares
10166031,3,,Múltiples titulares
10166032,1,527790,Titular único
10166033,1,10153989,Titular único
10166034,2,,Múltiples titulares
10166035,2,,Múltiples titulares
10166036,3,,Múltiples titulares
10166037,4,,Múltiples titulares
10166038,3,,Múltiples titulares
10166039,1,528315,Titular único
10166040,1,10142260,Titular único
10166041,2,,Múltiples titulares
10166042,1,528003,Titular único
10166043,5,,Múltiples titulares
10166044,2,,Múltiples titulares
10166045,9,,Múltiples titulares
10166046,3,,Múltiples titulares
10166049,3,,Múltiples titulares
10166050,2,,Múltiples titulares
10166051,2,,Múltiples titulares
10166052,2,,Múltiples titulares
10166053,1,10101773,Titular único
10166055,2,,Múltiples titulares
10166917,1,10142412,Titular único
10167120,2,,Múltiples titulares
10167121,1,881566,Titular único
10167123,2,,Múltiples titulares
10167124,1,795818,Titular único
10167125,2,,Múltiples titulares
10167128,1,795709,Titular único
10167129,1,808505,Titular único
10167134,1,522741,Titular único
10167137,1,530545,Titular único
10167138,3,,Múltiples titulares
10167143,1,497924,Titular único
10167144,1,802240,Titular único
10167148,1,520400,Titular único
10167149,1,529022,Titular único
10167150,3,,Múltiples titulares
10167160,2,,Múltiples titulares
10167161,3,,Múltiples titulares
10167162,1,796061,Titular único
10167165,1,10207309,Titular único
10167166,1,527986,Titular único
10167169,2,,Múltiples titulares
10167171,3,,Múltiples titulares
10167173,1,523237,Titular único
10167174,4,,Múltiples titulares
10167175,1,528899,Titular único
10167176,1,10123644,Titular único
10167178,2,,Múltiples titulares
10167179,1,801216,Titular único
10167182,1,530089,Titular único
10167183,1,530753,Titular único
10167184,2,,Múltiples titulares
10167185,1,525055,Titular único
10167186,4,,Múltiples titulares
10167187,4,,Múltiples titulares
10167188,2,,Múltiples titulares
10167189,2,,Múltiples titulares
10167191,3,,Múltiples titulares
10167192,2,,Múltiples titulares
10167193,4,,Múltiples titulares
10167194,1,800278,Titular único
10167195,2,,Múltiples titulares
10167196,3,,Múltiples titulares
10167197,4,,Múltiples titulares
10167198,3,,Múltiples titulares
10167199,1,808024,Titular único
10167201,2,,Múltiples titulares
10167202,2,,Múltiples titulares
10167203,4,,Múltiples titulares
10167205,2,,Múltiples titulares
10167206,4,,Múltiples titulares
10167207,2,,Múltiples titulares
10167208,2,,Múltiples titulares
10167210,1,10324349,Titular único
10167211,2,,Múltiples titulares
10167213,2,,Múltiples titulares
10167214,3,,Múltiples titulares
10167216,3,,Múltiples titulares
10167218,3,,Múltiples titulares
10167219,1,522595,Titular único
10167221,3,,Múltiples titulares
10167223,3,,Múltiples titulares
10167224,2,,Múltiples titulares
10167226,4,,Múltiples titulares
10167227,2,,Múltiples titulares
10167228,2,,Múltiples titulares
10167230,1,10136087,Titular único
10167232,1,10239249,Titular único
10167234,1,10239062,Titular único
10167235,1,527316,Titular único
10167236,1,530434,Titular único
10167237,2,,Múltiples titulares
10167238,1,522745,Titular único
10167239,1,197685,Titular único
10167241,2,,Múltiples titulares
10167242,2,,Múltiples titulares
10167243,2,,Múltiples titulares
10167244,1,352539,Titular único
10167245,2,,Múltiples titulares
10167246,1,10239054,Titular único
10167248,2,,Múltiples titulares
10167249,2,,Múltiples titulares
10167250,1,10311629,Titular único
10167252,2,,Múltiples titulares
10167253,4,,Múltiples titulares
10167254,3,,Múltiples titulares
10167255,1,66135,Titular único
10167256,2,,Múltiples titulares
10167257,3,,Múltiples titulares
10167259,1,10135830,Titular único
10167260,2,,Múltiples titulares
10167261,2,,Múltiples titulares
10167263,2,,Múltiples titulares
10167264,1,797064,Titular único
10167265,1,530170,Titular único
10167266,2,,Múltiples titulares
10167267,1,10239181,Titular único
10167268,2,,Múltiples titulares
10167269,1,801277,Titular único
10167270,1,10239157,Titular único
10167271,2,,Múltiples titulares
10167273,6,,Múltiples titulares
10167274,4,,Múltiples titulares
10167275,4,,Múltiples titulares
10167276,1,10238697,Titular único
10167277,8,,Múltiples titulares
10167278,1,10239032,Titular único
10167281,2,,Múltiples titulares
10167282,3,,Múltiples titulares
10167283,2,,Múltiples titulares
10167285,1,10324117,Titular único
10167286,2,,Múltiples titulares
10167287,2,,Múltiples titulares
10167289,2,,Múltiples titulares
10167290,3,,Múltiples titulares
10167291,1,808133,Titular único
10167292,2,,Múltiples titulares
10167293,2,,Múltiples titulares
10167295,3,,Múltiples titulares
10167296,2,,Múltiples titulares
10167297,2,,Múltiples titulares
10167298,7,,Múltiples titulares
10167300,1,10207887,Titular único
10167301,5,,Múltiples titulares
10167302,3,,Múltiples titulares
10167304,3,,Múltiples titulares
10167305,3,,Múltiples titulares
10167306,1,10323564,Titular único
10167307,1,194426,Titular único
10167308,2,,Múltiples titulares
10167309,2,,Múltiples titulares
10167310,5,,Múltiples titulares
10167311,2,,Múltiples titulares
10167312,3,,Múltiples titulares
10167313,1,10239433,Titular único
10167314,2,,Múltiples titulares
10167315,1,530085,Titular único
10167317,1,807678,Titular único
10167318,5,,Múltiples titulares
10167319,4,,Múltiples titulares
10167320,2,,Múltiples titulares
10167321,1,802358,Titular único
10167322,4,,Múltiples titulares
10167323,1,10752235,Titular único
10167324,4,,Múltiples titulares
10167325,6,,Múltiples titulares
10167326,3,,Múltiples titulares
10167327,2,,Múltiples titulares
10167329,4,,Múltiples titulares
10167330,1,402177,Titular único
10167331,2,,Múltiples titulares
10167333,2,,Múltiples titulares
10167334,2,,Múltiples titulares
10167335,2,,Múltiples titulares
10167336,2,,Múltiples titulares
10167338,2,,Múltiples titulares
10167339,1,10184603,Titular único
10167341,1,11092917,Titular único
10167342,2,,Múltiples titulares
10167343,4,,Múltiples titulares
10167344,3,,Múltiples titulares
10167345,4,,Múltiples titulares
10167347,2,,Múltiples titulares
10167348,2,,Múltiples titulares
10167350,2,,Múltiples titulares
10167351,2,,Múltiples titulares
10167353,1,802089,Titular único
10167358,2,,Múltiples titulares
10167359,2,,Múltiples titulares
10167360,2,,Múltiples titulares
10167361,2,,Múltiples titulares
10167362,1,10239144,Titular único
10167364,3,,Múltiples titulares
10167367,1,800717,Titular único
10167368,1,10136507,Titular único
10167369,3,,Múltiples titulares
10167370,1,10101856,Titular único
10167371,2,,Múltiples titulares
10167373,1,10721921,Titular único
10167374,1,801717,Titular único
10167375,3,,Múltiples titulares
10167377,1,801254,Titular único
10167378,1,10238837,Titular único
10167379,2,,Múltiples titulares
10167382,1,135040,Titular único
10167383,3,,Múltiples titulares
10167384,1,10337371,Titular único
10167385,3,,Múltiples titulares
10167388,1,10311563,Titular único
10167391,2,,Múltiples titulares
10167392,1,802014,Titular único
10167393,1,10073457,Titular único
10167396,1,10324644,Titular único
10167397,2,,Múltiples titulares
10167402,1,10239035,Titular único
10168088,1,804725,Titular único
10168320,2,,Múltiples titulares
10168321,1,551600,Titular único
10168331,4,,Múltiples titulares
10168332,3,,Múltiples titulares
10168333,2,,Múltiples titulares
10168334,1,519339,Titular único
10168335,1,791553,Titular único
10168336,1,326949,Titular único
10168337,3,,Múltiples titulares
10168338,1,794699,Titular único
10168339,2,,Múltiples titulares
10168341,3,,Múltiples titulares
10168342,1,521824,Titular único
10168344,3,,Múltiples titulares
10168345,1,796357,Titular único
10168346,6,,Múltiples titulares
10168347,3,,Múltiples titulares
10168348,2,,Múltiples titulares
10168349,3,,Múltiples titulares
10168351,2,,Múltiples titulares
10168352,4,,Múltiples titulares
10168353,3,,Múltiples titulares
10168354,3,,Múltiples titulares
10168355,1,522007,Titular único
10168356,5,,Múltiples titulares
10168357,3,,Múltiples titulares
10168358,1,527141,Titular único
10168359,2,,Múltiples titulares
10168360,4,,Múltiples titulares
10168361,3,,Múltiples titulares
10168362,1,527190,Titular único
10168366,1,807583,Titular único
10169120,3,,Múltiples titulares
10169121,1,523049,Titular único
10169122,1,520468,Titular único
10169123,4,,Múltiples titulares
10169124,3,,Múltiples titulares
10169125,4,,Múltiples titulares
10169126,6,,Múltiples titulares
10169127,4,,Múltiples titulares
10169128,5,,Múltiples titulares
10169130,1,794690,Titular único
10169131,3,,Múltiples titulares
10169132,7,,Múltiples titulares
10169133,4,,Múltiples titulares
10169134,1,11218882,Titular único
10169135,2,,Múltiples titulares
10169136,3,,Múltiples titulares
10169335,1,10238787,Titular único
10169420,2,,Múltiples titulares
10169421,1,801001,Titular único
10169422,2,,Múltiples titulares
10169423,1,790529,Titular único
10169424,2,,Múltiples titulares
10169425,2,,Múltiples titulares
10169426,1,934375,Titular único
10169427,1,801772,Titular único
10169428,2,,Múltiples titulares
10169430,2,,Múltiples titulares
10169431,1,797203,Titular único
10169432,2,,Múltiples titulares
10169433,1,797174,Titular único
10169434,3,,Múltiples titulares
10169435,1,800229,Titular único
10169436,1,782961,Titular único
10169438,1,530536,Titular único
10169439,3,,Múltiples titulares
10169440,3,,Múltiples titulares
10169441,2,,Múltiples titulares
10169443,4,,Múltiples titulares
10169445,1,521823,Titular único
10169446,1,525342,Titular único
10169447,2,,Múltiples titulares
10169448,3,,Múltiples titulares
10169449,3,,Múltiples titulares
10169450,3,,Múltiples titulares
10169452,2,,Múltiples titulares
10169453,2,,Múltiples titulares
10169454,1,790558,Titular único
10169456,1,518770,Titular único
10169458,2,,Múltiples titulares
10169460,1,792205,Titular único
10169461,2,,Múltiples titulares
10169463,1,797139,Titular único
10169464,1,523521,Titular único
10169465,1,10141908,Titular único
10169468,3,,Múltiples titulares
10169469,2,,Múltiples titulares
10169470,3,,Múltiples titulares
10169472,1,808249,Titular único
10169474,1,527835,Titular único
10169476,1,798885,Titular único
10169477,2,,Múltiples titulares
10169478,1,529178,Titular único
10169479,2,,Múltiples titulares
10169480,1,658000,Titular único
10169481,3,,Múltiples titulares
10169483,1,799549,Titular único
10169484,2,,Múltiples titulares
10169485,2,,Múltiples titulares
10169487,5,,Múltiples titulares
10169489,1,432888,Titular único
10169492,2,,Múltiples titulares
10169493,1,808645,Titular único
10169494,1,286530,Titular único
10169496,3,,Múltiples titulares
10169497,1,141063,Titular único
10169499,2,,Múltiples titulares
10169500,1,796614,Titular único
10169501,1,792130,Titular único
10169502,2,,Múltiples titulares
10169503,2,,Múltiples titulares
10169504,4,,Múltiples titulares
10169506,2,,Múltiples titulares
10169507,2,,Múltiples titulares
10169508,2,,Múltiples titulares
10169509,2,,Múltiples titulares
10169510,3,,Múltiples titulares
10169512,3,,Múltiples titulares
10169513,1,795974,Titular único
10169514,1,801761,Titular único
10169515,6,,Múltiples titulares
10169516,2,,Múltiples titulares
10169517,1,797393,Titular único
10169518,2,,Múltiples titulares
10169519,2,,Múltiples titulares
10169520,1,529141,Titular único
10169522,1,529161,Titular único
10169523,3,,Múltiples titulares
10169524,1,527762,Titular único
10169525,2,,Múltiples titulares
10169526,2,,Múltiples titulares
10169527,1,800328,Titular único
10169528,1,10141973,Titular único
10169529,3,,Múltiples titulares
10169530,1,525511,Titular único
10169531,1,798587,Titular único
10169533,1,353531,Titular único
10169534,1,524590,Titular único
10169535,6,,Múltiples titulares
10169537,1,522393,Titular único
10169538,1,801574,Titular único
10169539,1,808754,Titular único
10169540,2,,Múltiples titulares
10169541,1,527916,Titular único
10169542,3,,Múltiples titulares
10169543,3,,Múltiples titulares
10169544,1,794283,Titular único
10169546,1,792766,Titular único
10169547,3,,Múltiples titulares
10169549,1,527919,Titular único
10169550,1,528119,Titular único
10169551,3,,Múltiples titulares
10169552,2,,Múltiples titulares
10169553,1,10154127,Titular único
10169554,1,58936,Titular único
10169556,2,,Múltiples titulares
10169557,2,,Múltiples titulares
10169560,2,,Múltiples titulares
10169561,1,527069,Titular único
10169562,2,,Múltiples titulares
10169563,4,,Múltiples titulares
10169564,1,528076,Titular único
10169565,2,,Múltiples titulares
10169566,4,,Múltiples titulares
10169567,2,,Múltiples titulares
10169568,2,,Múltiples titulares
10169569,2,,Múltiples titulares
10169571,3,,Múltiples titulares
10169572,1,801703,Titular único
10169573,1,362930,Titular único
10169575,5,,Múltiples titulares
10169576,3,,Múltiples titulares
10169577,2,,Múltiples titulares
10169578,5,,Múltiples titulares
10169579,2,,Múltiples titulares
10169580,3,,Múltiples titulares
10169581,2,,Múltiples titulares
10169582,1,807743,Titular único
10169583,3,,Múltiples titulares
10169584,4,,Múltiples titulares
10169585,2,,Múltiples titulares
10169586,3,,Múltiples titulares
10169587,1,10190227,Titular único
10169588,1,808732,Titular único
10169589,4,,Múltiples titulares
10169590,4,,Múltiples titulares
10169591,1,524450,Titular único
10169592,5,,Múltiples titulares
10169593,4,,Múltiples titulares
10169595,3,,Múltiples titulares
10169596,5,,Múltiples titulares
10169597,1,808307,Titular único
10169598,10,,Múltiples titulares
10169599,3,,Múltiples titulares
10169600,6,,Múltiples titulares
10169601,3,,Múltiples titulares
10169602,2,,Múltiples titulares
10169603,1,109540,Titular único
10169604,4,,Múltiples titulares
10169605,3,,Múltiples titulares
10169606,1,807218,Titular único
10169607,5,,Múltiples titulares
10169609,1,521117,Titular único
10169610,2,,Múltiples titulares
10169611,7,,Múltiples titulares
10169612,1,800668,Titular único
10169613,8,,Múltiples titulares
10169614,1,10141812,Titular único
10169615,2,,Múltiples titulares
10169616,2,,Múltiples titulares
10169617,6,,Múltiples titulares
10169618,5,,Múltiples titulares
10169619,1,523555,Titular único
10169620,3,,Múltiples titulares
10169621,1,531079,Titular único
10169622,1,10153949,Titular único
10169623,3,,Múltiples titulares
10169625,2,,Múltiples titulares
10169626,3,,Múltiples titulares
10169627,2,,Múltiples titulares
10169629,2,,Múltiples titulares
10169630,1,803778,Titular único
10169631,2,,Múltiples titulares
10169633,3,,Múltiples titulares
10169635,1,10142673,Titular único
10169641,1,10336936,Titular único
10169660,1,10142336,Titular único
10169664,2,,Múltiples titulares
10169666,1,800314,Titular único
10170620,1,527545,Titular único
10170622,2,,Múltiples titulares
10170623,1,804701,Titular único
10170624,7,,Múltiples titulares
10170625,1,799828,Titular único
10171981,1,10183461,Titular único
10172356,1,10101821,Titular único
10179240,1,794690,Titular único
10179250,1,431636,Titular único
10179277,1,428270,Titular único
10179278,1,497749,Titular único
10179284,1,10171584,Titular único
10179287,1,432550,Titular único
10179307,1,435932,Titular único
10179309,1,432767,Titular único
10179320,1,795662,Titular único
10179326,1,153824,Titular único
10179339,2,,Múltiples titulares
10179342,1,985420,Titular único
10179345,1,10394211,Titular único
10179400,1,10358523,Titular único
10179401,1,10366799,Titular único
10180480,1,800129,Titular único
10180669,1,10160543,Titular único
10182239,1,143258,Titular único
10182275,1,217927,Titular único
10182311,1,705408,Titular único
10182323,1,439873,Titular único
10182363,1,709776,Titular único
10182377,1,712602,Titular único
10182388,1,439876,Titular único
10182397,1,795706,Titular único
10182416,1,439273,Titular único
10182418,1,986321,Titular único
10182425,1,717839,Titular único
10182478,1,795402,Titular único
10182491,1,439876,Titular único
10182504,1,90227,Titular único
10182518,1,10376154,Titular único
10182533,1,396679,Titular único
10182535,1,154522,Titular único
10182544,1,155177,Titular único
10182550,1,109536,Titular único
10182551,1,807378,Titular único
10182552,1,10056816,Titular único
10183449,1,733778,Titular único
10183455,2,,Múltiples titulares
10183460,1,10183438,Titular único
10184020,1,790479,Titular único
10184021,1,520837,Titular único
10184042,2,,Múltiples titulares
10184044,1,521453,Titular único
10184046,1,657505,Titular único
10184048,1,524369,Titular único
10184051,1,808971,Titular único
10184061,1,397822,Titular único
10184062,2,,Múltiples titulares
10184076,1,793933,Titular único
10184085,1,808511,Titular único
10184086,2,,Múltiples titulares
10184092,1,76983,Titular único
10184095,1,911326,Titular único
10184097,1,658135,Titular único
10184120,1,528881,Titular único
10184141,3,,Múltiples titulares
10184147,2,,Múltiples titulares
10184153,1,10141885,Titular único
10184156,1,801766,Titular único
10184161,1,10101723,Titular único
10184182,1,799670,Titular único
10184197,1,798693,Titular único
10184211,1,802039,Titular único
10184213,1,382900,Titular único
10184233,1,792986,Titular único
10184239,1,801455,Titular único
10184248,2,,Múltiples titulares
10184267,1,794586,Titular único
10184290,1,528974,Titular único
10184292,1,795430,Titular único
10184299,2,,Múltiples titulares
10184311,1,528406,Titular único
10184313,1,793933,Titular único
10184316,1,808569,Titular único
10184318,1,808260,Titular único
10184322,2,,Múltiples titulares
10184323,1,854733,Titular único
10184324,1,530435,Titular único
10184325,1,807261,Titular único
10184331,1,527036,Titular único
10184335,1,793699,Titular único
10184337,1,10305370,Titular único
10184345,1,522505,Titular único
10184350,2,,Múltiples titulares
10184352,1,140138,Titular único
10184353,1,10323930,Titular único
10184358,1,790528,Titular único
10184359,2,,Múltiples titulares
10184368,1,524656,Titular único
10184374,1,794251,Titular único
10184376,1,797993,Titular único
10184378,1,795897,Titular único
10184381,1,10207513,Titular único
10184382,1,524144,Titular único
10184399,1,362830,Titular único
10184401,1,793143,Titular único
10184402,1,798118,Titular único
10184403,1,10305630,Titular único
10184406,1,801966,Titular único
10184412,1,807637,Titular único
10184418,3,,Múltiples titulares
10184433,1,528121,Titular único
10184441,1,10184477,Titular único
10184451,2,,Múltiples titulares
10184452,2,,Múltiples titulares
10184456,1,794883,Titular único
10184460,1,10190198,Titular único
10184463,1,10154178,Titular único
10184466,1,524101,Titular único
10184470,1,10324260,Titular único
10184473,1,524186,Titular único
10184474,2,,Múltiples titulares
10184477,1,522296,Titular único
10184497,1,527538,Titular único
10184499,1,530754,Titular único
10184503,1,239272,Titular único
10184506,1,10239433,Titular único
10184507,1,528426,Titular único
10184509,1,531066,Titular único
10184513,1,10224034,Titular único
10184517,1,208663,Titular único
10184525,1,529355,Titular único
10184526,1,801549,Titular único
10184532,1,10136053,Titular único
10184533,2,,Múltiples titulares
10184545,2,,Múltiples titulares
10184551,2,,Múltiples titulares
10184552,1,211189,Titular único
10184567,2,,Múltiples titulares
10184569,1,10154479,Titular único
10184599,1,143262,Titular único
10184608,1,10337349,Titular único
10184609,1,800275,Titular único
10184611,1,10736795,Titular único
10184613,1,10184323,Titular único
10184618,1,10560743,Titular único
10184623,1,178155,Titular único
10184627,2,,Múltiples titulares
10184628,2,,Múltiples titulares
10184631,1,10124015,Titular único
10184632,1,10305459,Titular único
10184634,1,528121,Titular único
10184638,1,985792,Titular único
10184647,3,,Múltiples titulares
10184651,2,,Múltiples titulares
10184657,1,10523847,Titular único
10184670,1,10790331,Titular único
10184675,1,799878,Titular único
10184686,2,,Múltiples titulares
10184700,2,,Múltiples titulares
10184727,1,528399,Titular único
10184729,2,,Múltiples titulares
10184732,1,10588441,Titular único
10184734,1,10306527,Titular único
10184736,1,10160252,Titular único
10184755,1,797969,Titular único
10184758,1,10245117,Titular único
10184761,2,,Múltiples titulares
10184768,2,,Múltiples titulares
10184771,2,,Múltiples titulares
10184772,1,10135896,Titular único
10184784,1,10223804,Titular único
10184788,1,10184440,Titular único
10184802,1,395703,Titular único
10184808,1,10790330,Titular único
10184810,1,10305531,Titular único
10184818,1,10184624,Titular único
10184820,3,,Múltiples titulares
10184821,1,10305620,Titular único
10184824,1,522082,Titular único
10184839,1,10184674,Titular único
10184845,2,,Múltiples titulares
10184848,1,800230,Titular único
10184852,1,209169,Titular único
10184855,1,10141931,Titular único
10184867,1,10324192,Titular único
10184868,1,10265600,Titular único
10184870,1,11135242,Titular único
10184871,1,801303,Titular único
10184873,2,,Múltiples titulares
10184880,1,523675,Titular único
10184890,1,10736047,Titular único
10184895,1,10337821,Titular único
10184898,1,109669,Titular único
10184905,3,,Múltiples titulares
10184915,1,10184556,Titular único
10184929,1,10208028,Titular único
10184935,1,10223518,Titular único
10184943,1,10184928,Titular único
10184946,1,10184903,Titular único
10184971,1,333575,Titular único
10184979,1,11275896,Titular único
10185075,1,732411,Titular único
10185076,1,648675,Titular único
10185123,1,11261244,Titular único
10186084,1,11028089,Titular único
10186211,1,10245460,Titular único
10187383,1,10570740,Titular único
10190022,1,800621,Titular único
10190028,1,363101,Titular único
10190031,2,,Múltiples titulares
10190032,1,529874,Titular único
10190044,2,,Múltiples titulares
10190059,1,854446,Titular único
10190066,1,799189,Titular único
10190077,1,10207313,Titular único
10190080,1,11056748,Titular único
10190111,1,10190060,Titular único
10190118,1,796438,Titular único
10190121,1,801864,Titular único
10190123,1,530391,Titular único
10190133,2,,Múltiples titulares
10190147,1,10190145,Titular único
10190156,1,71776,Titular único
10190166,1,799175,Titular único
10190170,1,10142207,Titular único
10190171,1,530683,Titular único
10190172,2,,Múltiples titulares
10190180,3,,Múltiples titulares
10190187,1,521219,Titular único
10190188,1,801828,Titular único
10190195,2,,Múltiples titulares
10190200,2,,Múltiples titulares
10190205,1,793839,Titular único
10190210,1,798695,Titular único
10190215,1,799521,Titular único
10190224,1,113244,Titular único
10190227,1,10190064,Titular único
10190233,1,529878,Titular único
10190237,1,10323734,Titular único
10190262,3,,Múltiples titulares
10190265,1,799831,Titular único
10190271,1,10190172,Titular único
10190274,1,355345,Titular único
10190277,2,,Múltiples titulares
10190279,1,528044,Titular único
10190293,1,295680,Titular único
10190299,1,523909,Titular único
10190302,1,10323796,Titular único
10190331,1,794873,Titular único
10190332,1,797178,Titular único
10190357,1,523920,Titular único
10190366,1,231515,Titular único
10190372,1,528019,Titular único
10190401,2,,Múltiples titulares
10190412,1,10223546,Titular único
10190413,1,800129,Titular único
10190416,1,655563,Titular único
10190436,1,522790,Titular único
10190440,1,421300,Titular único
10190444,1,257876,Titular único
10190452,1,10190036,Titular único
10190457,1,796331,Titular único
10190463,1,10709177,Titular único
10190464,2,,Múltiples titulares
10190471,1,107552,Titular único
10190479,1,851639,Titular único
10190484,1,10190150,Titular único
10190486,1,10190126,Titular único
10190492,1,528008,Titular único
10190525,1,943869,Titular único
10190552,1,808180,Titular único
10190557,1,10323679,Titular único
10190558,1,931334,Titular único
10190560,1,10190290,Titular único
10190565,1,351443,Titular único
10190583,1,523450,Titular único
10190585,1,10190052,Titular único
10190591,2,,Múltiples titulares
10190593,1,10190391,Titular único
10190598,1,107767,Titular único
10190603,1,10190401,Titular único
10190605,1,126467,Titular único
10190608,1,523968,Titular único
10190614,1,422713,Titular único
10190622,1,10154016,Titular único
10190624,1,10142401,Titular único
10190625,1,59958,Titular único
10190634,1,530648,Titular único
10190635,1,807371,Titular único
10190640,1,530688,Titular único
10190643,2,,Múltiples titulares
10190645,1,10123282,Titular único
10190648,1,11218275,Titular único
10190659,1,10190403,Titular único
10190663,1,10190663,Titular único
10190664,1,657018,Titular único
10190666,1,530652,Titular único
10190668,1,523973,Titular único
10190673,2,,Múltiples titulares
10190680,1,10190779,Titular único
10190684,1,523905,Titular único
10190685,2,,Múltiples titulares
10190691,3,,Múltiples titulares
10190694,1,799453,Titular único
10190697,1,438887,Titular único
10190710,1,529128,Titular único
10190719,1,530107,Titular único
10190727,1,805502,Titular único
10190734,1,797203,Titular único
10190746,1,10473982,Titular único
10190752,1,531412,Titular único
10190785,1,798950,Titular único
10190794,1,796069,Titular único
10190801,1,529321,Titular único
10190816,1,530699,Titular único
10190817,1,333689,Titular único
10190821,3,,Múltiples titulares
10190831,1,10160247,Titular único
10190834,1,10190399,Titular único
10190851,1,804706,Titular único
10190852,1,529881,Titular único
10190855,2,,Múltiples titulares
10190859,1,798266,Titular único
10190869,1,109674,Titular único
10190873,2,,Múltiples titulares
10190874,1,10191040,Titular único
10190885,1,258779,Titular único
10190887,8,,Múltiples titulares
10190897,2,,Múltiples titulares
10190912,1,11044043,Titular único
10190913,1,10711650,Titular único
10190917,4,,Múltiples titulares
10190921,1,795779,Titular único
10190922,1,10190758,Titular único
10190925,1,807572,Titular único
10190926,1,552493,Titular único
10190931,2,,Múltiples titulares
10190943,1,804930,Titular único
10190944,2,,Múltiples titulares
10190946,1,527358,Titular único
10190951,1,10190558,Titular único
10190955,1,10709208,Titular único
10190958,3,,Múltiples titulares
10190967,1,932069,Titular único
10190968,1,10101797,Titular único
10190979,1,530699,Titular único
10190984,1,10207130,Titular único
10190986,1,10184619,Titular único
10190988,1,11031035,Titular único
10190990,1,797179,Titular único
10190991,1,10678458,Titular único
10190993,1,531328,Titular único
10190994,1,732022,Titular único
10190997,4,,Múltiples titulares
10190998,2,,Múltiples titulares
10191002,1,530704,Titular único
10191003,2,,Múltiples titulares
10191009,1,10311272,Titular único
10191012,1,10190605,Titular único
10191015,1,10190517,Titular único
10191022,1,47996,Titular único
10191023,1,10191002,Titular único
10191024,1,10207460,Titular único
10191025,1,530734,Titular único
10191027,1,10190424,Titular único
10191028,2,,Múltiples titulares
10191034,1,10190885,Titular único
10191038,1,10323643,Titular único
10191040,1,925413,Titular único
10191045,1,10075111,Titular único
10191047,1,10190622,Titular único
10191053,1,10190978,Titular único
10191057,1,10191048,Titular único
10191060,2,,Múltiples titulares
10191067,2,,Múltiples titulares
10191070,1,10323940,Titular único
10191071,1,12338916,Titular único
10191073,2,,Múltiples titulares
10191100,1,10190285,Titular único
10191101,1,10038821,Titular único
10191105,1,528877,Titular único
10191109,1,808223,Titular único
10191118,1,10262766,Titular único
10191126,1,11476866,Titular único
10191128,1,530617,Titular único
10191139,1,10262725,Titular único
10191141,1,10190531,Titular único
10191142,1,10160552,Titular único
10191145,1,59958,Titular único
10191146,2,,Múltiples titulares
10191156,1,10631677,Titular único
10191159,1,10463981,Titular único
10191164,1,10154263,Titular único
10191166,2,,Múltiples titulares
10191170,1,10191271,Titular único
10191175,1,10190724,Titular único
10191181,3,,Múltiples titulares
10191182,1,10735104,Titular único
10191183,1,10851733,Titular único
10191186,1,10190840,Titular único
10191197,1,10190666,Titular único
10191198,1,807572,Titular único
10191209,1,10190363,Titular único
10191218,1,10190115,Titular único
10191219,1,10739850,Titular único
10191239,1,798904,Titular único
10191278,2,,Múltiples titulares
10191301,1,10034503,Titular único
10191302,1,11043785,Titular único
10191343,1,10191400,Titular único
10191344,3,,Múltiples titulares
10191346,1,10207405,Titular único
10191360,1,10239516,Titular único
10191372,1,10207579,Titular único
10191386,1,10207877,Titular único
10191499,1,10070297,Titular único
10191536,1,11276183,Titular único
10191569,1,805127,Titular único
10191586,1,524764,Titular único
10194095,1,801100,Titular único
10196021,1,519188,Titular único
10196023,1,797217,Titular único
10196026,3,,Múltiples titulares
10196027,1,803749,Titular único
10196030,2,,Múltiples titulares
10196031,1,519924,Titular único
10196033,1,799989,Titular único
10196034,2,,Múltiples titulares
10196035,1,521043,Titular único
10196037,2,,Múltiples titulares
10196038,1,656962,Titular único
10196039,1,531208,Titular único
10196040,1,524983,Titular único
10196041,1,529187,Titular único
10196042,2,,Múltiples titulares
10196045,1,934492,Titular único
10196046,2,,Múltiples titulares
10196047,3,,Múltiples titulares
10196048,1,530541,Titular único
10196049,4,,Múltiples titulares
10196050,1,527948,Titular único
10196051,1,805400,Titular único
10196052,3,,Múltiples titulares
10196053,2,,Múltiples titulares
10196054,1,397865,Titular único
10196055,2,,Múltiples titulares
10196056,1,10154023,Titular único
10196057,3,,Múltiples titulares
10196058,2,,Múltiples titulares
10196059,2,,Múltiples titulares
10196060,1,522666,Titular único
10196061,1,524434,Titular único
10196062,3,,Múltiples titulares
10196063,3,,Múltiples titulares
10196064,3,,Múltiples titulares
10196065,1,529063,Titular único
10196066,1,800333,Titular único
10196067,1,795823,Titular único
10196068,2,,Múltiples titulares
10196069,4,,Múltiples titulares
10196070,1,802334,Titular único
10196071,2,,Múltiples titulares
10196072,4,,Múltiples titulares
10196073,2,,Múltiples titulares
10196074,4,,Múltiples titulares
10196075,1,10142016,Titular único
10196076,2,,Múltiples titulares
10196077,2,,Múltiples titulares
10196078,3,,Múltiples titulares
10196079,2,,Múltiples titulares
10196080,2,,Múltiples titulares
10196081,2,,Múltiples titulares
10196082,2,,Múltiples titulares
10196083,4,,Múltiples titulares
10196084,4,,Múltiples titulares
10196086,2,,Múltiples titulares
10196089,1,10265643,Titular único
10197621,2,,Múltiples titulares
10197623,2,,Múltiples titulares
10197625,1,796947,Titular único
10197626,3,,Múltiples titulares
10197629,1,522843,Titular único
10197631,1,3348,Titular único
10197634,2,,Múltiples titulares
10197636,1,795378,Titular único
10197640,1,520603,Titular único
10197645,1,530443,Titular único
10197647,3,,Múltiples titulares
10197648,1,657150,Titular único
10197649,3,,Múltiples titulares
10197651,2,,Múltiples titulares
10197652,1,524923,Titular único
10197653,1,524473,Titular único
10197654,2,,Múltiples titulares
10197655,2,,Múltiples titulares
10197656,2,,Múltiples titulares
10197657,2,,Múltiples titulares
10197658,2,,Múltiples titulares
10197659,1,524930,Titular único
10197660,1,521224,Titular único
10197663,7,,Múltiples titulares
10197664,1,10336949,Titular único
10197665,1,529310,Titular único
10197666,2,,Múltiples titulares
10197667,2,,Múltiples titulares
10197669,1,10229850,Titular único
10197670,3,,Múltiples titulares
10197671,1,808321,Titular único
10197672,2,,Múltiples titulares
10197673,2,,Múltiples titulares
10198420,1,795762,Titular único
10198422,5,,Múltiples titulares
10198424,4,,Múltiples titulares
10198425,2,,Múltiples titulares
10198426,2,,Múltiples titulares
10198427,2,,Múltiples titulares
10198429,6,,Múltiples titulares
10198430,5,,Múltiples titulares
10198431,2,,Múltiples titulares
10198432,3,,Múltiples titulares
10198433,5,,Múltiples titulares
10198434,3,,Múltiples titulares
10198435,1,523479,Titular único
10198436,1,805417,Titular único
10198437,3,,Múltiples titulares
10198438,6,,Múltiples titulares
10198439,2,,Múltiples titulares
10198440,3,,Múltiples titulares
10198441,2,,Múltiples titulares
10198442,4,,Múltiples titulares
10198443,3,,Múltiples titulares
10198444,4,,Múltiples titulares
10198445,2,,Múltiples titulares
10198447,1,522781,Titular único
10198448,4,,Múltiples titulares
10198449,5,,Múltiples titulares
10198450,2,,Múltiples titulares
10198451,2,,Múltiples titulares
10198452,3,,Múltiples titulares
10198453,3,,Múltiples titulares
10198454,3,,Múltiples titulares
10198463,1,531218,Titular único
10199017,1,797906,Titular único
10199021,1,525547,Titular único
10199022,2,,Múltiples titulares
10199023,2,,Múltiples titulares
10199025,3,,Múltiples titulares
10199026,1,523839,Titular único
10199027,4,,Múltiples titulares
10199029,2,,Múltiples titulares
10199030,3,,Múltiples titulares
10199031,4,,Múltiples titulares
10199032,1,10305867,Titular único
10199033,5,,Múltiples titulares
10199034,4,,Múltiples titulares
10199035,2,,Múltiples titulares
10199036,2,,Múltiples titulares
10199037,4,,Múltiples titulares
10199038,6,,Múltiples titulares
10199039,8,,Múltiples titulares
10199040,9,,Múltiples titulares
10199041,10,,Múltiples titulares
10199042,8,,Múltiples titulares
10199043,5,,Múltiples titulares
10199044,6,,Múltiples titulares
10199045,6,,Múltiples titulares
10199046,4,,Múltiples titulares
10199047,7,,Múltiples titulares
10199048,5,,Múltiples titulares
10199049,6,,Múltiples titulares
10199050,1,798698,Titular único
10199051,7,,Múltiples titulares
10199052,2,,Múltiples titulares
10199053,8,,Múltiples titulares
10199054,7,,Múltiples titulares
10199055,4,,Múltiples titulares
10199056,10,,Múltiples titulares
10199057,4,,Múltiples titulares
10199059,5,,Múltiples titulares
10199060,10,,Múltiples titulares
10199061,4,,Múltiples titulares
10199062,2,,Múltiples titulares
10199063,1,657845,Titular único
10199064,4,,Múltiples titulares
10199065,3,,Múltiples titulares
10199066,8,,Múltiples titulares
10199067,4,,Múltiples titulares
10199068,4,,Múltiples titulares
10199069,4,,Múltiples titulares
10199070,6,,Múltiples titulares
10199071,8,,Múltiples titulares
10199072,1,797882,Titular único
10199073,4,,Múltiples titulares
10199074,5,,Múltiples titulares
10199075,4,,Múltiples titulares
10199076,8,,Múltiples titulares
10199077,5,,Múltiples titulares
10199078,8,,Múltiples titulares
10199079,7,,Múltiples titulares
10199080,6,,Múltiples titulares
10199081,8,,Múltiples titulares
10199082,1,524275,Titular único
10199083,7,,Múltiples titulares
10199084,3,,Múltiples titulares
10199085,5,,Múltiples titulares
10199087,7,,Múltiples titulares
10199088,7,,Múltiples titulares
10199089,8,,Múltiples titulares
10199090,2,,Múltiples titulares
10199091,7,,Múltiples titulares
10199092,8,,Múltiples titulares
10199093,3,,Múltiples titulares
10199094,6,,Múltiples titulares
10199095,4,,Múltiples titulares
10199096,5,,Múltiples titulares
10199097,3,,Múltiples titulares
10199098,4,,Múltiples titulares
10199099,2,,Múltiples titulares
10199100,4,,Múltiples titulares
10199101,7,,Múltiples titulares
10199102,4,,Múltiples titulares
10199103,4,,Múltiples titulares
10199104,3,,Múltiples titulares
10199105,5,,Múltiples titulares
10199106,2,,Múltiples titulares
10199107,5,,Múltiples titulares
10199108,4,,Múltiples titulares
10199109,9,,Múltiples titulares
10199110,1,167727,Titular único
10199111,1,915234,Titular único
10199112,2,,Múltiples titulares
10199113,2,,Múltiples titulares
10199114,2,,Múltiples titulares
10199115,1,45465,Titular único
10199116,5,,Múltiples titulares
10199117,3,,Múltiples titulares
10199118,4,,Múltiples titulares
10199119,3,,Múltiples titulares
10199120,2,,Múltiples titulares
10199121,1,800965,Titular único
10199122,3,,Múltiples titulares
10199123,3,,Múltiples titulares
10199124,3,,Múltiples titulares
10199125,3,,Múltiples titulares
10199133,1,77077,Titular único
10199146,1,10323603,Titular único
10199548,1,168366,Titular único
10199818,1,10160081,Titular único
10199820,1,432884,Titular único
10199821,1,208520,Titular único
10199823,1,795983,Titular único
10199824,1,743591,Titular único
10199825,1,529814,Titular único
10199826,1,300499,Titular único
10199827,1,802252,Titular único
10199829,2,,Múltiples titulares
10199830,4,,Múltiples titulares
10199831,1,528269,Titular único
10199836,2,,Múltiples titulares
10199838,1,528542,Titular único
10199839,3,,Múltiples titulares
10199842,2,,Múltiples titulares
10199843,2,,Múltiples titulares
10199844,2,,Múltiples titulares
10199845,1,327502,Titular único
10199846,1,529842,Titular único
10199847,1,397596,Titular único
10199848,4,,Múltiples titulares
10199850,1,802602,Titular único
10199851,3,,Múltiples titulares
10199852,4,,Múltiples titulares
10199854,1,795391,Titular único
10199855,2,,Múltiples titulares
10199856,1,791374,Titular único
10199857,2,,Múltiples titulares
10199858,2,,Múltiples titulares
10199859,3,,Múltiples titulares
10199860,2,,Múltiples titulares
10199862,2,,Múltiples titulares
10199867,1,10160063,Titular único
10199869,1,552005,Titular único
10199871,1,523252,Titular único
10199872,2,,Múltiples titulares
10199874,2,,Múltiples titulares
10199875,2,,Múltiples titulares
10199877,2,,Múltiples titulares
10199879,1,115108,Titular único
10199881,1,791251,Titular único
10199882,3,,Múltiples titulares
10199883,2,,Múltiples titulares
10199885,1,524609,Titular único
10199886,1,523262,Titular único
10199887,1,524356,Titular único
10199888,2,,Múltiples titulares
10199889,1,435522,Titular único
10199890,2,,Múltiples titulares
10199892,1,10262657,Titular único
10199893,1,798490,Titular único
10199894,2,,Múltiples titulares
10199895,2,,Múltiples titulares
10199897,1,10537678,Titular único
10199900,1,807987,Titular único
10199901,1,800268,Titular único
10199902,2,,Múltiples titulares
10199903,1,831660,Titular único
10199904,1,795993,Titular único
10199906,2,,Múltiples titulares
10199907,1,530316,Titular único
10199908,1,798484,Titular único
10199911,3,,Múltiples titulares
10199912,2,,Múltiples titulares
10199913,2,,Múltiples titulares
10199914,2,,Múltiples titulares
10199915,1,188565,Titular único
10199916,2,,Múltiples titulares
10199918,2,,Múltiples titulares
10199920,2,,Múltiples titulares
10199922,3,,Múltiples titulares
10199923,2,,Múltiples titulares
10199924,5,,Múltiples titulares
10199925,1,528542,Titular único
10199926,3,,Múltiples titulares
10199927,3,,Múltiples titulares
10199929,2,,Múltiples titulares
10199930,2,,Múltiples titulares
10199931,2,,Múltiples titulares
10199932,1,10159932,Titular único
10199933,2,,Múltiples titulares
10199934,2,,Múltiples titulares
10199936,3,,Múltiples titulares
10199938,2,,Múltiples titulares
10199940,1,800093,Titular único
10199941,3,,Múltiples titulares
10199943,1,10141876,Titular único
10199944,3,,Múltiples titulares
10199945,1,657856,Titular único
10199948,4,,Múltiples titulares
10199949,1,10160173,Titular único
10199950,1,527856,Titular único
10199952,3,,Múltiples titulares
10199953,1,932974,Titular único
10199955,4,,Múltiples titulares
10199957,2,,Múltiples titulares
10199958,1,795303,Titular único
10199962,1,804986,Titular único
10199963,1,795205,Titular único
10199965,1,832326,Titular único
10199966,2,,Múltiples titulares
10199967,1,10160152,Titular único
10199968,2,,Múltiples titulares
10199969,3,,Múltiples titulares
10199970,4,,Múltiples titulares
10199971,1,794684,Titular único
10199972,1,10159977,Titular único
10199973,4,,Múltiples titulares
10199974,2,,Múltiples titulares
10199975,3,,Múltiples titulares
10199976,4,,Múltiples titulares
10199977,2,,Múltiples titulares
10199978,4,,Múltiples titulares
10199979,2,,Múltiples titulares
10199981,2,,Múltiples titulares
10199982,1,395731,Titular único
10199983,1,10337005,Titular único
10199984,2,,Múltiples titulares
10199985,2,,Múltiples titulares
10199986,1,10305834,Titular único
10199987,2,,Múltiples titulares
10199988,4,,Múltiples titulares
10199989,1,523222,Titular único
10199990,1,523244,Titular único
10199992,1,114450,Titular único
10199993,2,,Múltiples titulares
10199997,1,10160433,Titular único
10199998,1,800116,Titular único
10199999,1,10160359,Titular único
10200000,1,10160283,Titular único
10200001,4,,Múltiples titulares
10200002,1,10230066,Titular único
10200003,1,932974,Titular único
10200004,4,,Múltiples titulares
10200005,4,,Múltiples titulares
10200006,6,,Múltiples titulares
10200007,3,,Múltiples titulares
10200008,5,,Múltiples titulares
10200009,2,,Múltiples titulares
10200010,2,,Múltiples titulares
10200011,1,801110,Titular único
10200012,2,,Múltiples titulares
10200013,3,,Múltiples titulares
10200014,2,,Múltiples titulares
10200016,2,,Múltiples titulares
10200017,4,,Múltiples titulares
10200018,2,,Múltiples titulares
10200019,2,,Múltiples titulares
10200021,5,,Múltiples titulares
10200022,3,,Múltiples titulares
10200023,1,10160843,Titular único
10200025,1,10336797,Titular único
10200027,2,,Múltiples titulares
10200028,2,,Múltiples titulares
10200029,4,,Múltiples titulares
10200030,3,,Múltiples titulares
10200031,3,,Múltiples titulares
10200033,3,,Múltiples titulares
10200077,2,,Múltiples titulares
10200096,1,10190334,Titular único
10201020,1,436190,Titular único
10201078,1,153715,Titular único
10201111,1,431878,Titular único
10201113,1,154070,Titular único
10201131,1,188812,Titular único
10201156,1,791397,Titular único
10201169,1,153715,Titular único
10201172,1,10366138,Titular único
10201415,1,525503,Titular único
10202228,1,985697,Titular único
10202241,1,435960,Titular único
10202247,1,717948,Titular único
10202266,1,80270,Titular único
10202282,1,10160215,Titular único
10202325,1,11295141,Titular único
10202327,1,81253,Titular único
10202760,1,10207354,Titular único
10202809,1,10323732,Titular único
10203024,1,985382,Titular único
10203027,1,985382,Titular único
10203028,2,,Múltiples titulares
10203031,1,717206,Titular único
10203033,1,10377504,Titular único
10203042,1,10375834,Titular único
10203044,1,808887,Titular único
10203061,1,111882,Titular único
10203072,2,,Múltiples titulares
10203103,1,30067,Titular único
10203118,1,712294,Titular único
10203128,1,713669,Titular único
10203133,1,114478,Titular único
10203139,1,10172260,Titular único
10203151,1,712749,Titular único
10203176,1,713161,Titular único
10203190,1,986703,Titular único
10203323,1,80150,Titular único
10204038,1,657888,Titular único
10204112,1,438984,Titular único
10204226,1,439280,Titular único
10204327,1,10204075,Titular único
10204869,1,934130,Titular único
10205001,1,781053,Titular único
10207120,2,,Múltiples titulares
10207159,1,800851,Titular único
10207167,1,793868,Titular único
10207172,1,529989,Titular único
10207195,1,529955,Titular único
10207198,1,800827,Titular único
10207199,1,92747,Titular único
10207217,2,,Múltiples titulares
10207237,1,934762,Titular único
10207240,1,522779,Titular único
10207243,2,,Múltiples titulares
10207250,2,,Múltiples titulares
10207253,1,731432,Titular único
10207292,1,10207402,Titular único
10207300,1,523753,Titular único
10207306,2,,Múltiples titulares
10207312,1,523882,Titular único
10207329,2,,Múltiples titulares
10207341,1,931535,Titular único
10207351,1,303981,Titular único
10207366,1,522538,Titular único
10207375,1,925430,Titular único
10207382,1,525343,Titular único
10207387,2,,Múltiples titulares
10207399,2,,Múltiples titulares
10207403,1,787525,Titular único
10207415,1,528482,Titular único
10207421,1,60972,Titular único
10207430,1,520273,Titular único
10207435,1,790560,Titular único
10207453,2,,Múltiples titulares
10207458,1,802060,Titular único
10207463,1,10207704,Titular único
10207467,1,520401,Titular único
10207473,2,,Múltiples titulares
10207474,2,,Múltiples titulares
10207509,1,713161,Titular único
10207523,2,,Múltiples titulares
10207524,1,801979,Titular único
10207531,1,111854,Titular único
10207535,1,529929,Titular único
10207536,1,795943,Titular único
10207551,1,10229440,Titular único
10207581,1,10207214,Titular único
10207621,1,799474,Titular único
10207644,1,10207235,Titular único
10207646,1,528043,Titular único
10207659,1,10159979,Titular único
10207666,1,805471,Titular único
10207679,1,10948960,Titular único
10207685,2,,Múltiples titulares
10207709,1,10190542,Titular único
10207726,2,,Múltiples titulares
10207767,1,197522,Titular único
10207768,1,10101914,Titular único
10207774,1,10323693,Titular único
10207781,1,42474,Titular único
10207787,1,10207706,Titular único
10207809,1,10207915,Titular único
10207814,1,798599,Titular único
10207819,2,,Múltiples titulares
10207834,1,799415,Titular único
10207839,1,10207655,Titular único
10207844,1,531790,Titular único
10207846,1,10207726,Titular único
10207848,1,10207848,Titular único
10207860,2,,Múltiples titulares
10207892,1,10207730,Titular único
10207897,1,32154,Titular único
10207906,1,10207622,Titular único
10207916,1,10208058,Titular único
10207947,1,10634817,Titular único
10207964,1,10323991,Titular único
10207966,1,11228141,Titular único
10207991,1,248275,Titular único
10207996,1,10208091,Titular único
10208004,2,,Múltiples titulares
10208009,1,10207750,Titular único
10208021,1,527160,Titular único
10208026,1,11408317,Titular único
10208036,1,10824702,Titular único
10208041,1,403258,Titular único
10208054,1,10123286,Titular único
10208059,1,354197,Titular único
10208063,2,,Múltiples titulares
10208078,1,10207920,Titular único
10208092,1,11368824,Titular único
10208118,2,,Múltiples titulares
10208120,1,851514,Titular único
10208124,1,529933,Titular único
10208134,1,10207684,Titular único
10208137,1,10660859,Titular único
10208138,1,10207384,Titular único
10208140,1,10207746,Titular único
10208155,1,10207999,Titular único
10208165,1,571704,Titular único
10208168,2,,Múltiples titulares
10208180,1,10672892,Titular único
10208185,1,10342992,Titular único
10208222,1,10207199,Titular único
10208258,1,10142157,Titular único
10208291,1,802463,Titular único
10208466,1,11276688,Titular único
10208486,1,10208306,Titular único
10212373,1,925526,Titular único
10212379,1,10265896,Titular único
10213120,1,10305242,Titular único
10213123,1,524329,Titular único
10213125,1,524384,Titular único
10213126,3,,Múltiples titulares
10213128,1,528515,Titular único
10213129,1,400256,Titular único
10213130,2,,Múltiples titulares
10213134,2,,Múltiples titulares
10213135,2,,Múltiples titulares
10213137,1,233508,Titular único
10213140,2,,Múltiples titulares
10213142,1,798499,Titular único
10213143,1,525230,Titular único
10213144,1,801140,Titular único
10213145,1,524314,Titular único
10213147,2,,Múltiples titulares
10213148,2,,Múltiples titulares
10213149,1,523115,Titular único
10213150,1,10238846,Titular único
10213151,1,10141825,Titular único
10213153,2,,Múltiples titulares
10213154,1,10101729,Titular único
10213155,1,799507,Titular único
10213156,1,860119,Titular único
10213157,2,,Múltiples titulares
10213158,4,,Múltiples titulares
10213159,1,527455,Titular único
10213160,1,722064,Titular único
10213162,4,,Múltiples titulares
10213163,1,529050,Titular único
10213164,1,522794,Titular único
10213165,3,,Múltiples titulares
10213166,2,,Múltiples titulares
10213167,1,10223859,Titular único
10213168,3,,Múltiples titulares
10213169,3,,Múltiples titulares
10213172,3,,Múltiples titulares
10213175,1,10207547,Titular único
10213177,1,10007477,Titular único
10213860,1,10239539,Titular único
10213920,1,800323,Titular único
10213921,2,,Múltiples titulares
10213922,5,,Múltiples titulares
10213923,1,520216,Titular único
10213925,4,,Múltiples titulares
10213926,2,,Múltiples titulares
10213927,3,,Múltiples titulares
10213929,3,,Múltiples titulares
10213930,4,,Múltiples titulares
10213931,1,763310,Titular único
10213933,3,,Múltiples titulares
10213934,1,528620,Titular único
10213935,3,,Múltiples titulares
10213936,3,,Múltiples titulares
10213939,2,,Múltiples titulares
10213940,1,101853,Titular único
10213941,1,538912,Titular único
10213942,3,,Múltiples titulares
10213943,1,930886,Titular único
10213944,1,797524,Titular único
10213945,3,,Múltiples titulares
10213947,2,,Múltiples titulares
10213948,1,799890,Titular único
10213950,1,797948,Titular único
10213953,2,,Múltiples titulares
10213954,2,,Múltiples titulares
10213955,3,,Múltiples titulares
10213956,5,,Múltiples titulares
10213959,4,,Múltiples titulares
10213961,2,,Múltiples titulares
10213963,2,,Múltiples titulares
10213964,1,160775,Titular único
10213965,3,,Múltiples titulares
10213966,1,397922,Titular único
10213968,3,,Múltiples titulares
10213969,4,,Múltiples titulares
10213970,1,983925,Titular único
10213971,1,801094,Titular único
10213972,3,,Múltiples titulares
10213973,3,,Múltiples titulares
10213974,2,,Múltiples titulares
10213975,2,,Múltiples titulares
10213976,2,,Múltiples titulares
10213977,1,113238,Titular único
10213978,3,,Múltiples titulares
10213979,1,793477,Titular único
10213980,1,521106,Titular único
10213981,3,,Múltiples titulares
10213982,2,,Múltiples titulares
10213983,3,,Múltiples titulares
10213985,2,,Múltiples titulares
10213986,2,,Múltiples titulares
10213987,3,,Múltiples titulares
10213988,1,10142361,Titular único
10213990,3,,Múltiples titulares
10213991,2,,Múltiples titulares
10213992,4,,Múltiples titulares
10213993,3,,Múltiples titulares
10213994,2,,Múltiples titulares
10213996,2,,Múltiples titulares
10213997,1,800234,Titular único
10213998,1,10141878,Titular único
10214003,1,10184648,Titular único
10214004,2,,Múltiples titulares
10214005,4,,Múltiples titulares
10214008,2,,Múltiples titulares
10214009,1,10184558,Titular único
10215120,1,794629,Titular único
10215122,4,,Múltiples titulares
10215123,3,,Múltiples titulares
10215124,3,,Múltiples titulares
10215125,4,,Múltiples titulares
10215126,1,798029,Titular único
10215127,2,,Múltiples titulares
10215128,2,,Múltiples titulares
10215129,3,,Múltiples titulares
10215130,1,925444,Titular único
10215131,1,528297,Titular único
10215133,2,,Múltiples titulares
10215134,1,523727,Titular único
10215136,1,797944,Titular único
10215137,1,113224,Titular único
10215138,1,10726509,Titular único
10215139,1,10323693,Titular único
10215140,1,797688,Titular único
10215141,1,527918,Titular único
10215143,4,,Múltiples titulares
10215144,1,795125,Titular único
10215146,1,528790,Titular único
10215147,2,,Múltiples titulares
10215148,4,,Múltiples titulares
10215149,3,,Múltiples titulares
10216320,3,,Múltiples titulares
10216321,1,518773,Titular único
10216322,3,,Múltiples titulares
10216323,2,,Múltiples titulares
10216324,5,,Múltiples titulares
10216325,4,,Múltiples titulares
10216326,4,,Múltiples titulares
10216327,5,,Múltiples titulares
10216328,4,,Múltiples titulares
10216329,3,,Múltiples titulares
10216330,3,,Múltiples titulares
10216331,4,,Múltiples titulares
10216332,3,,Múltiples titulares
10216333,4,,Múltiples titulares
10216334,6,,Múltiples titulares
10216335,3,,Múltiples titulares
10216336,6,,Múltiples titulares
10216337,5,,Múltiples titulares
10216338,4,,Múltiples titulares
10216339,2,,Múltiples titulares
10216340,6,,Múltiples titulares
10216341,3,,Múltiples titulares
10216342,5,,Múltiples titulares
10216343,3,,Múltiples titulares
10216344,6,,Múltiples titulares
10216345,5,,Múltiples titulares
10216346,6,,Múltiples titulares
10216347,2,,Múltiples titulares
10216348,1,397926,Titular único
10216349,7,,Múltiples titulares
10216350,4,,Múltiples titulares
10216351,1,797838,Titular único
10216352,1,523835,Titular único
10216353,5,,Múltiples titulares
10216354,2,,Múltiples titulares
10216355,5,,Múltiples titulares
10216356,3,,Múltiples titulares
10216357,9,,Múltiples titulares
10216358,4,,Múltiples titulares
10216359,4,,Múltiples titulares
10216360,1,351166,Titular único
10216361,7,,Múltiples titulares
10216362,5,,Múltiples titulares
10216363,2,,Múltiples titulares
10216364,3,,Múltiples titulares
10216365,1,797792,Titular único
10216621,1,795769,Titular único
10216623,1,760450,Titular único
10216624,1,800495,Titular único
10216626,1,11105026,Titular único
10216627,1,797007,Titular único
10216634,1,524610,Titular único
10216636,1,521546,Titular único
10216637,2,,Múltiples titulares
10216641,1,41339,Titular único
10216642,1,530439,Titular único
10216644,2,,Múltiples titulares
10216645,2,,Múltiples titulares
10216646,1,802332,Titular único
10216649,1,796254,Titular único
10216650,2,,Múltiples titulares
10216652,1,520383,Titular único
10216655,1,795924,Titular único
10216656,3,,Múltiples titulares
10216657,1,523495,Titular único
10216661,1,528269,Titular único
10216663,1,10135932,Titular único
10216665,1,794684,Titular único
10216666,2,,Múltiples titulares
10216668,3,,Múltiples titulares
10216670,2,,Múltiples titulares
10216671,1,525216,Titular único
10216674,1,527262,Titular único
10216675,1,525187,Titular único
10216677,2,,Múltiples titulares
10216678,1,525014,Titular único
10216681,1,206596,Titular único
10216682,2,,Múltiples titulares
10216684,1,527726,Titular único
10216686,1,520268,Titular único
10216687,1,527377,Titular único
10216688,2,,Múltiples titulares
10216690,1,516714,Titular único
10216693,1,531677,Titular único
10216694,1,796982,Titular único
10216695,1,527500,Titular único
10216696,1,797639,Titular único
10216697,1,796586,Titular único
10216699,1,528790,Titular único
10216703,1,397440,Titular único
10216706,1,10238779,Titular único
10216707,1,10244635,Titular único
10216708,1,796972,Titular único
10216710,4,,Múltiples titulares
10216711,1,795262,Titular único
10216717,3,,Múltiples titulares
10216718,1,523235,Titular único
10216721,1,801233,Titular único
10216722,1,528244,Titular único
10216724,2,,Múltiples titulares
10216725,1,530411,Titular único
10216729,2,,Múltiples titulares
10216730,1,799097,Titular único
10216731,1,527529,Titular único
10216732,3,,Múltiples titulares
10216733,2,,Múltiples titulares
10216737,1,32733,Titular único
10216738,1,792855,Titular único
10216739,1,522767,Titular único
10216740,2,,Múltiples titulares
10216741,1,530481,Titular único
10216742,1,203703,Titular único
10216743,2,,Múltiples titulares
10216744,1,10239162,Titular único
10216745,1,207055,Titular único
10216746,3,,Múltiples titulares
10216749,1,800096,Titular único
10216750,3,,Múltiples titulares
10216751,1,10136092,Titular único
10216753,1,800235,Titular único
10216754,2,,Múltiples titulares
10216757,4,,Múltiples titulares
10216759,1,522767,Titular único
10216760,5,,Múltiples titulares
10216762,2,,Múltiples titulares
10216763,1,527774,Titular único
10216764,1,10262683,Titular único
10216766,3,,Múltiples titulares
10216769,3,,Múltiples titulares
10216771,1,10305359,Titular único
10216773,1,10705990,Titular único
10216775,3,,Múltiples titulares
10216776,1,10336880,Titular único
10216777,1,11068896,Titular único
10216778,3,,Múltiples titulares
10216781,1,808114,Titular único
10216782,1,10736708,Titular único
10216783,4,,Múltiples titulares
10216784,1,10135932,Titular único
10216785,1,10337165,Titular único
10216788,1,799016,Titular único
10216789,2,,Múltiples titulares
10216791,1,10100527,Titular único
10216793,2,,Múltiples titulares
10216794,1,10207273,Titular único
10216795,1,802073,Titular único
10216797,1,807966,Titular único
10216801,2,,Múltiples titulares
10216802,1,432653,Titular único
10216804,4,,Múltiples titulares
10216805,1,10238622,Titular único
10216808,2,,Múltiples titulares
10216812,1,10239158,Titular único
10216815,1,10238804,Titular único
10216816,1,798358,Titular único
10216817,1,10101977,Titular único
10216818,2,,Múltiples titulares
10216819,3,,Múltiples titulares
10216821,2,,Múltiples titulares
10216824,2,,Múltiples titulares
10216825,3,,Múltiples titulares
10216827,2,,Múltiples titulares
10216829,1,799882,Titular único
10216830,6,,Múltiples titulares
10216831,3,,Múltiples titulares
10216832,1,10135852,Titular único
10216834,1,800506,Titular único
10216835,2,,Múltiples titulares
10216836,3,,Múltiples titulares
10216837,7,,Múltiples titulares
10216838,1,801203,Titular único
10216839,2,,Múltiples titulares
10216842,4,,Múltiples titulares
10216843,2,,Múltiples titulares
10216844,3,,Múltiples titulares
10216845,1,796318,Titular único
10216846,3,,Múltiples titulares
10216847,1,10324116,Titular único
10216848,2,,Múltiples titulares
10216849,3,,Múltiples titulares
10216851,2,,Múltiples titulares
10216852,1,10239165,Titular único
10216853,2,,Múltiples titulares
10216854,1,10160207,Titular único
10216855,1,920314,Titular único
10216856,2,,Múltiples titulares
10216857,1,520362,Titular único
10216859,4,,Múltiples titulares
10216860,1,10190456,Titular único
10216861,1,10238892,Titular único
10216862,3,,Múltiples titulares
10216863,2,,Múltiples titulares
10216864,3,,Múltiples titulares
10216865,2,,Múltiples titulares
10216866,3,,Múltiples titulares
10216868,2,,Múltiples titulares
10216869,2,,Múltiples titulares
10216870,1,10239067,Titular único
10216871,2,,Múltiples titulares
10216872,2,,Múltiples titulares
10216873,4,,Múltiples titulares
10216874,3,,Múltiples titulares
10216875,1,10239198,Titular único
10216876,2,,Múltiples titulares
10216877,3,,Múltiples titulares
10216879,3,,Múltiples titulares
10216880,2,,Múltiples titulares
10216881,1,10135887,Titular único
10216883,3,,Múltiples titulares
10216884,2,,Múltiples titulares
10216885,1,10239184,Titular único
10216886,1,10766477,Titular único
10216887,1,10238938,Titular único
10216888,4,,Múltiples titulares
10216889,5,,Múltiples titulares
10216891,2,,Múltiples titulares
10216894,1,10238703,Titular único
10216897,1,185627,Titular único
10216898,1,10741314,Titular único
10216899,1,10305618,Titular único
10216900,1,796074,Titular único
10216901,2,,Múltiples titulares
10216903,1,10311625,Titular único
10217697,1,796586,Titular único
10218087,1,524707,Titular único
10218089,1,420188,Titular único
10218616,1,798358,Titular único
10219236,1,985555,Titular único
10219240,2,,Múltiples titulares
10219251,1,717723,Titular único
10219255,1,194931,Titular único
10219296,1,10375785,Titular único
10219333,1,432507,Titular único
10219338,1,10305457,Titular único
10219351,1,527393,Titular único
10219354,1,10366199,Titular único
10219361,1,10015077,Titular único
10219371,2,,Múltiples titulares
10219374,1,45184,Titular único
10220024,2,,Múltiples titulares
10220074,1,435684,Titular único
10221437,1,91857,Titular único
10221460,1,426933,Titular único
10221464,1,393601,Titular único
10221506,1,10204395,Titular único
10221523,1,426901,Titular único
10221535,1,225195,Titular único
10222030,1,10736935,Titular único
10222102,1,10245144,Titular único
10223203,1,397863,Titular único
10223221,2,,Múltiples titulares
10223222,1,655878,Titular único
10223229,2,,Múltiples titulares
10223236,1,750817,Titular único
10223266,1,10694324,Titular único
10223279,1,798772,Titular único
10223281,2,,Múltiples titulares
10223283,1,524403,Titular único
10223285,1,521139,Titular único
10223292,1,521070,Titular único
10223297,1,530989,Titular único
10223320,1,801510,Titular único
10223327,1,798850,Titular único
10223334,1,657665,Titular único
10223344,1,808289,Titular único
10223354,2,,Múltiples titulares
10223365,1,808152,Titular único
10223394,1,520939,Titular único
10223401,1,10323838,Titular único
10223406,1,10305992,Titular único
10223407,2,,Múltiples titulares
10223417,1,10223572,Titular único
10223420,1,801588,Titular único
10223422,1,10223322,Titular único
10223427,1,531035,Titular único
10223434,1,803509,Titular único
10223435,1,796137,Titular único
10223440,1,10223400,Titular único
10223446,1,523619,Titular único
10223453,1,800668,Titular único
10223466,1,800057,Titular único
10223470,2,,Múltiples titulares
10223485,1,10305655,Titular único
10223492,2,,Múltiples titulares
10223499,1,396496,Titular único
10223502,1,10323605,Titular único
10223508,1,530773,Titular único
10223509,2,,Múltiples titulares
10223511,1,799915,Titular único
10223523,1,10142156,Titular único
10223528,1,527304,Titular único
10223529,1,528385,Titular único
10223534,1,523151,Titular único
10223536,1,750817,Titular único
10223537,1,529732,Titular único
10223555,1,808225,Titular único
10223569,1,531551,Titular único
10223577,1,73659,Titular único
10223581,1,527838,Titular único
10223596,1,655878,Titular único
10223623,1,792146,Titular único
10223631,3,,Múltiples titulares
10223633,1,525212,Titular único
10223636,1,10245041,Titular único
10223639,1,932992,Titular único
10223645,1,10101675,Titular único
10223648,1,796438,Titular único
10223656,2,,Múltiples titulares
10223675,1,10101613,Titular único
10223682,1,111066,Titular único
10223683,1,527049,Titular único
10223685,1,10752326,Titular único
10223688,1,529357,Titular único
10223689,1,10337485,Titular único
10223697,1,10324490,Titular único
10223701,1,801520,Titular único
10223702,1,521139,Titular único
10223717,1,731615,Titular único
10223720,1,10123524,Titular único
10223721,2,,Múltiples titulares
10223722,1,522143,Titular único
10223728,1,802371,Titular único
10223737,1,10136244,Titular único
10223751,1,795679,Titular único
10223755,1,356025,Titular único
10223760,1,10101613,Titular único
10223784,1,530732,Titular único
10223812,2,,Múltiples titulares
10223831,1,10223820,Titular único
10223839,1,10305984,Titular único
10223861,1,528378,Titular único
10223862,1,802486,Titular único
10223864,2,,Múltiples titulares
10223871,1,10223845,Titular único
10223879,1,801753,Titular único
10223882,1,11368800,Titular único
10223885,1,10141992,Titular único
10223892,1,10223375,Titular único
10223903,1,528161,Titular único
10223907,1,794824,Titular único
10223912,1,10204382,Titular único
10223913,1,10758715,Titular único
10223917,1,10223384,Titular único
10223918,1,808508,Titular único
10223919,1,807421,Titular único
10223933,2,,Múltiples titulares
10223935,1,791714,Titular único
10223937,2,,Múltiples titulares
10223938,1,143237,Titular único
10223946,1,10239104,Titular único
10223964,1,10709505,Titular único
10223973,1,655878,Titular único
10223975,1,527721,Titular único
10223977,1,797509,Titular único
10223981,1,10238951,Titular único
10223993,1,11368810,Titular único
10224002,1,10306023,Titular único
10224008,1,10101632,Titular único
10224009,1,520704,Titular único
10224014,1,10324406,Titular único
10224017,1,10223721,Titular único
10224019,1,10223709,Titular único
10224022,1,30087,Titular único
10224036,1,10744162,Titular único
10224037,1,797398,Titular único
10224051,1,10223949,Titular único
10224053,1,10141822,Titular único
10224054,1,10223998,Titular único
10224078,2,,Múltiples titulares
10224079,1,10306479,Titular único
10224103,1,10159983,Titular único
10224105,2,,Múltiples titulares
10224111,1,10224089,Titular único
10224112,1,10142503,Titular único
10224139,1,10223953,Titular único
10224141,1,797501,Titular único
10224142,1,797629,Titular único
10224147,2,,Múltiples titulares
10224149,1,802195,Titular único
10224152,1,197673,Titular único
10224159,1,801778,Titular único
10224168,1,802040,Titular único
10224200,1,10223504,Titular único
10224217,1,10223993,Titular único
10224220,1,10223689,Titular único
10224224,1,10306480,Titular único
10224234,1,10223721,Titular único
10224239,1,10488721,Titular único
10224246,1,807365,Titular único
10224249,2,,Múltiples titulares
10224250,1,10224124,Titular único
10224253,1,10224167,Titular único
10224264,1,807733,Titular único
10224270,1,10101628,Titular único
10224279,1,118860,Titular único
10224282,1,10160521,Titular único
10224285,2,,Múltiples titulares
10224295,2,,Múltiples titulares
10224305,1,10223715,Titular único
10224310,1,10306189,Titular único
10224339,1,10337679,Titular único
10228869,1,10136199,Titular único
10229222,1,10229375,Titular único
10229226,1,798181,Titular único
10229229,1,10135947,Titular único
10229234,1,800536,Titular único
10229236,1,122336,Titular único
10229257,2,,Múltiples titulares
10229261,1,798186,Titular único
10229263,1,531297,Titular único
10229271,1,531287,Titular único
10229278,1,521241,Titular único
10229286,1,523745,Titular único
10229287,1,10229255,Titular único
10229293,1,524603,Titular único
10229295,1,713611,Titular único
10229296,1,10305241,Titular único
10229304,1,139252,Titular único
10229312,1,363843,Titular único
10229322,2,,Múltiples titulares
10229329,1,248704,Titular único
10229332,4,,Múltiples titulares
10229338,2,,Múltiples titulares
10229340,1,808794,Titular único
10229341,2,,Múltiples titulares
10229347,1,529083,Titular único
10229350,1,807444,Titular único
10229363,1,528241,Titular único
10229365,1,10229239,Titular único
10229374,1,521217,Titular único
10229375,1,527515,Titular único
10229376,1,10229234,Titular único
10229377,1,807246,Titular único
10229390,1,807482,Titular único
10229392,1,521007,Titular único
10229406,1,396403,Titular único
10229452,1,798151,Titular único
10229453,1,530469,Titular único
10229460,1,10336799,Titular único
10229461,2,,Múltiples titulares
10229470,1,801304,Titular único
10229477,1,525189,Titular único
10229482,1,804242,Titular único
10229485,1,10229425,Titular único
10229500,1,10324236,Titular único
10229509,1,531291,Titular único
10229511,1,798140,Titular único
10229513,1,804036,Titular único
10229519,2,,Múltiples titulares
10229520,1,10229598,Titular único
10229534,1,527449,Titular único
10229538,1,531303,Titular único
10229544,1,800501,Titular único
10229552,1,808785,Titular único
10229554,1,10229406,Titular único
10229563,1,10229807,Titular único
10229565,1,10229249,Titular único
10229566,1,529356,Titular único
10229574,2,,Múltiples titulares
10229593,1,792185,Titular único
10229597,1,802256,Titular único
10229599,1,10229473,Titular único
10229608,1,798239,Titular único
10229615,1,497157,Titular único
10229619,1,10229247,Titular único
10229620,1,10223575,Titular único
10229625,1,10207143,Titular único
10229626,2,,Múltiples titulares
10229627,1,206885,Titular único
10229628,1,10229441,Titular único
10229631,1,880303,Titular único
10229633,1,10229289,Titular único
10229639,1,10229758,Titular único
10229648,1,10136006,Titular único
10229650,1,807277,Titular único
10229654,1,10229506,Titular único
10229656,1,10336766,Titular único
10229658,1,10229830,Titular único
10229664,1,10774327,Titular único
10229665,2,,Múltiples titulares
10229669,4,,Múltiples titulares
10229676,1,10229598,Titular único
10229683,1,57510,Titular único
10229692,2,,Múltiples titulares
10229703,2,,Múltiples titulares
10229704,1,529526,Titular único
10229707,1,10229461,Titular único
10229711,2,,Múltiples titulares
10229718,1,797063,Titular único
10229722,2,,Múltiples titulares
10229730,1,798149,Titular único
10229732,1,523731,Titular único
10229750,1,531311,Titular único
10229755,1,10229595,Titular único
10229758,1,10229717,Titular único
10229761,1,522877,Titular único
10229762,1,10229883,Titular único
10229769,1,797396,Titular único
10229779,1,10229826,Titular único
10229785,1,10229656,Titular único
10229790,1,531309,Titular único
10229791,1,808809,Titular único
10229793,1,10229595,Titular único
10229800,1,801857,Titular único
10229807,1,531297,Titular único
10229808,1,10736798,Titular único
10229820,1,10229489,Titular único
10229822,2,,Múltiples titulares
10229827,1,527822,Titular único
10229829,1,743218,Titular único
10229831,1,10229930,Titular único
10229835,1,10229830,Titular único
10229837,2,,Múltiples titulares
10229841,2,,Múltiples titulares
10229862,2,,Múltiples titulares
10229869,1,10136199,Titular único
10229878,1,10136163,Titular único
10229879,1,9450,Titular único
10229887,1,11205722,Titular único
10229891,2,,Múltiples titulares
10229899,1,10324453,Titular único
10229906,1,10230027,Titular único
10229915,2,,Múltiples titulares
10229917,1,10337333,Titular único
10229919,1,10136006,Titular único
10229925,1,10229671,Titular único
10229932,2,,Múltiples titulares
10229933,1,10230005,Titular único
10229935,1,10229959,Titular único
10229942,1,362895,Titular único
10229947,1,529090,Titular único
10229949,2,,Múltiples titulares
10229953,1,10229726,Titular único
10229959,1,10229493,Titular único
10229964,2,,Múltiples titulares
10229969,1,10230010,Titular único
10229976,1,194281,Titular único
10229983,1,10229297,Titular único
10229984,2,,Múltiples titulares
10229989,1,10229869,Titular único
10229990,2,,Múltiples titulares
10229993,1,10229585,Titular único
10229997,2,,Múltiples titulares
10229999,1,10229910,Titular único
10230002,1,10229295,Titular único
10230004,1,10229631,Titular único
10230008,1,10229914,Titular único
10230009,1,10229892,Titular único
10230020,1,10229453,Titular único
10230022,1,10229950,Titular único
10230023,1,10190677,Titular único
10230024,1,10311437,Titular único
10230026,1,10229543,Titular único
10230031,1,10101639,Titular único
10230032,1,10229749,Titular único
10230039,1,931373,Titular único
10230043,1,10229260,Titular único
10230048,1,10230104,Titular único
10230051,1,10229969,Titular único
10230057,2,,Múltiples titulares
10230059,2,,Múltiples titulares
10230060,1,798238,Titular único
10230061,1,802532,Titular único
10230062,1,10223472,Titular único
10230070,2,,Múltiples titulares
10230074,1,10311733,Titular único
10230076,2,,Múltiples titulares
10230080,3,,Múltiples titulares
10230081,1,10229782,Titular único
10230085,1,10324453,Titular único
10230089,1,10229326,Titular único
10230095,1,160746,Titular único
10230096,1,10230130,Titular único
10230097,1,10230027,Titular único
10230098,3,,Múltiples titulares
10230099,1,10229506,Titular único
10230103,1,10229838,Titular único
10230107,1,10230107,Titular único
10230108,2,,Múltiples titulares
10230118,2,,Múltiples titulares
10230119,1,797178,Titular único
10230120,1,10229964,Titular único
10230122,1,10769856,Titular único
10230123,1,509428,Titular único
10230128,3,,Múltiples titulares
10230129,1,10229256,Titular único
10230136,3,,Múltiples titulares
10230137,1,10229433,Titular único
10230141,1,10101959,Titular único
10230144,1,530059,Titular único
10230148,1,10160184,Titular único
10230155,2,,Múltiples titulares
10230165,1,10337582,Titular único
10230167,1,10230219,Titular único
10230169,1,792156,Titular único
10230171,1,10229977,Titular único
10230176,1,10229914,Titular único
10230178,1,10229420,Titular único
10230197,1,10229445,Titular único
10230198,2,,Múltiples titulares
10230210,1,10229903,Titular único
10230212,1,10184242,Titular único
10230213,1,10752320,Titular único
10230215,1,10324436,Titular único
10230219,1,10230168,Titular único
10230223,1,10078291,Titular único
10230224,1,10229717,Titular único
10230227,1,10011742,Titular único
10230243,1,10229826,Titular único
10230251,2,,Múltiples titulares
10230258,2,,Múltiples titulares
10230388,1,91687,Titular único
10230820,2,,Múltiples titulares
10230821,2,,Múltiples titulares
10230822,2,,Múltiples titulares
10230823,1,395436,Titular único
10230824,4,,Múltiples titulares
10230825,4,,Múltiples titulares
10230826,1,523328,Titular único
10230827,1,801641,Titular único
10230828,1,397893,Titular único
10230829,1,795762,Titular único
10230830,1,364524,Titular único
10230831,2,,Múltiples titulares
10230832,4,,Múltiples titulares
10230834,3,,Múltiples titulares
10230835,1,523872,Titular único
10230836,2,,Múltiples titulares
10230837,5,,Múltiples titulares
10230839,5,,Múltiples titulares
10230840,3,,Múltiples titulares
10230841,3,,Múltiples titulares
10230842,3,,Múltiples titulares
10230843,7,,Múltiples titulares
10230844,4,,Múltiples titulares
10230845,4,,Múltiples titulares
10230846,4,,Múltiples titulares
10230847,2,,Múltiples titulares
10230848,3,,Múltiples titulares
10230849,5,,Múltiples titulares
10230850,3,,Múltiples titulares
10230851,8,,Múltiples titulares
10230852,6,,Múltiples titulares
10230853,4,,Múltiples titulares
10230854,5,,Múltiples titulares
10230855,5,,Múltiples titulares
10230856,4,,Múltiples titulares
10230857,5,,Múltiples titulares
10230858,3,,Múltiples titulares
10230859,5,,Múltiples titulares
10230860,2,,Múltiples titulares
10230864,1,796016,Titular único
10230944,1,527283,Titular único
10231173,1,800551,Titular único
10231234,1,10245226,Titular único
10231497,1,112034,Titular único
10231526,1,796362,Titular único
10231621,4,,Múltiples titulares
10231622,1,524609,Titular único
10231623,3,,Múltiples titulares
10231624,3,,Múltiples titulares
10231625,3,,Múltiples titulares
10231626,1,797814,Titular único
10231629,4,,Múltiples titulares
10231630,1,525587,Titular único
10231631,2,,Múltiples titulares
10231632,1,10190334,Titular único
10231633,1,808644,Titular único
10231634,3,,Múltiples titulares
10231635,3,,Múltiples titulares
10231636,1,57714,Titular único
10231638,3,,Múltiples titulares
10231639,4,,Múltiples titulares
10231641,1,528179,Titular único
10231642,4,,Múltiples titulares
10231643,1,10142000,Titular único
10231644,4,,Múltiples titulares
10231645,1,527773,Titular único
10231646,7,,Múltiples titulares
10231647,3,,Múltiples titulares
10231649,5,,Múltiples titulares
10231651,2,,Múltiples titulares
10231652,3,,Múltiples titulares
10231653,2,,Múltiples titulares
10231654,2,,Múltiples titulares
10231655,3,,Múltiples titulares
10231656,3,,Múltiples titulares
10231657,3,,Múltiples titulares
10231658,2,,Múltiples titulares
10231659,4,,Múltiples titulares
10231660,2,,Múltiples titulares
10231662,2,,Múltiples titulares
10231663,5,,Múltiples titulares
10231664,5,,Múltiples titulares
10231665,2,,Múltiples titulares
10231666,6,,Múltiples titulares
10231667,5,,Múltiples titulares
10231668,7,,Múltiples titulares
10231669,6,,Múltiples titulares
10231670,2,,Múltiples titulares
10231671,4,,Múltiples titulares
10231672,4,,Múltiples titulares
10231673,4,,Múltiples titulares
10231674,5,,Múltiples titulares
10231675,4,,Múltiples titulares
10231676,2,,Múltiples titulares
10231677,2,,Múltiples titulares
10231678,5,,Múltiples titulares
10231679,2,,Múltiples titulares
10231680,2,,Múltiples titulares
10231697,1,524755,Titular único
10232122,1,797012,Titular único
10232137,1,794345,Titular único
10232420,1,206457,Titular único
10232422,1,797012,Titular único
10232423,1,10101666,Titular único
10232424,1,796029,Titular único
10232426,1,397752,Titular único
10232427,2,,Múltiples titulares
10232430,1,634863,Titular único
10232431,7,,Múltiples titulares
10232432,4,,Múltiples titulares
10232433,1,795204,Titular único
10232434,1,802007,Titular único
10232435,3,,Múltiples titulares
10232436,2,,Múltiples titulares
10232437,5,,Múltiples titulares
10232438,1,804121,Titular único
10232439,5,,Múltiples titulares
10232445,3,,Múltiples titulares
10232446,2,,Múltiples titulares
10232447,6,,Múltiples titulares
10232448,3,,Múltiples titulares
10232449,2,,Múltiples titulares
10232450,2,,Múltiples titulares
10233020,1,795572,Titular único
10233021,4,,Múltiples titulares
10233022,1,804146,Titular único
10233023,2,,Múltiples titulares
10233024,4,,Múltiples titulares
10233025,4,,Múltiples titulares
10233026,3,,Múltiples titulares
10233027,3,,Múltiples titulares
10233028,3,,Múltiples titulares
10233030,2,,Múltiples titulares
10233031,1,795903,Titular único
10233032,2,,Múltiples titulares
10233033,3,,Múltiples titulares
10233034,2,,Múltiples titulares
10233035,2,,Múltiples titulares
10233036,3,,Múltiples titulares
10233037,1,521858,Titular único
10233038,1,658275,Titular único
10233039,1,237017,Titular único
10233040,2,,Múltiples titulares
10233041,3,,Múltiples titulares
10233042,7,,Múltiples titulares
10233044,4,,Múltiples titulares
10233045,2,,Múltiples titulares
10233046,1,10184095,Titular único
10233047,1,793488,Titular único
10233048,1,799447,Titular único
10233319,1,802467,Titular único
10233436,1,10244785,Titular único
10233550,1,10123657,Titular único
10233582,1,522797,Titular único
10233621,1,801152,Titular único
10233622,1,530611,Titular único
10233624,1,792128,Titular único
10233625,3,,Múltiples titulares
10233630,1,528441,Titular único
10233632,1,802562,Titular único
10233635,1,363800,Titular único
10233636,2,,Múltiples titulares
10233639,1,288684,Titular único
10233640,1,527762,Titular único
10233641,2,,Múltiples titulares
10233642,1,719419,Titular único
10233643,1,531014,Titular único
10233645,1,529783,Titular único
10233648,1,437646,Titular único
10233651,1,797416,Titular único
10233652,1,735310,Titular único
10233653,2,,Múltiples titulares
10233657,1,802494,Titular único
10233658,1,60308,Titular único
10233659,1,528716,Titular único
10233661,2,,Múltiples titulares
10233662,1,527791,Titular único
10233663,1,521997,Titular único
10233666,1,529051,Titular único
10233667,1,528574,Titular único
10233668,1,527657,Titular único
10233670,1,930847,Titular único
10233671,1,522437,Titular único
10233676,2,,Múltiples titulares
10233677,2,,Múltiples titulares
10233683,1,530958,Titular único
10233686,2,,Múltiples titulares
10233689,3,,Múltiples titulares
10233690,2,,Múltiples titulares
10233692,1,525381,Titular único
10233693,2,,Múltiples titulares
10233694,2,,Múltiples titulares
10233696,4,,Múltiples titulares
10233697,1,396740,Titular único
10233698,2,,Múltiples titulares
10233699,1,162333,Titular único
10233701,1,795735,Titular único
10233702,4,,Múltiples titulares
10233704,1,10244773,Titular único
10233706,1,10245169,Titular único
10233707,1,799897,Titular único
10233709,3,,Múltiples titulares
10233712,1,527831,Titular único
10233715,2,,Múltiples titulares
10233716,1,529157,Titular único
10233718,1,525010,Titular único
10233719,1,10244688,Titular único
10233721,3,,Múltiples titulares
10233725,1,798279,Titular único
10233730,2,,Múltiples titulares
10233731,2,,Múltiples titulares
10233732,1,801235,Titular único
10233733,1,538929,Titular único
10233736,4,,Múltiples titulares
10233737,1,799477,Titular único
10233739,1,802470,Titular único
10233741,1,522433,Titular único
10233742,1,10123497,Titular único
10233746,2,,Múltiples titulares
10233748,2,,Múltiples titulares
10233750,1,933392,Titular único
10233751,1,538922,Titular único
10233752,3,,Múltiples titulares
10233753,4,,Múltiples titulares
10233756,3,,Múltiples titulares
10233758,3,,Múltiples titulares
10233762,1,10244756,Titular único
10233763,3,,Múltiples titulares
10233764,1,792105,Titular único
10233765,1,526161,Titular único
10233767,1,56079,Titular único
10233768,1,805280,Titular único
10233769,2,,Múltiples titulares
10233770,2,,Múltiples titulares
10233772,2,,Múltiples titulares
10233777,2,,Múltiples titulares
10233778,1,804435,Titular único
10233779,3,,Múltiples titulares
10233780,4,,Múltiples titulares
10233781,1,799206,Titular único
10233782,2,,Múltiples titulares
10233783,3,,Múltiples titulares
10233784,2,,Múltiples titulares
10233785,1,530452,Titular único
10233786,2,,Múltiples titulares
10233788,3,,Múltiples titulares
10233789,1,10323819,Titular único
10233791,1,799209,Titular único
10233794,1,10245171,Titular único
10233796,1,530959,Titular único
10233797,2,,Múltiples titulares
10233799,2,,Múltiples titulares
10233800,2,,Múltiples titulares
10233803,1,10245103,Titular único
10233804,2,,Múltiples titulares
10233805,2,,Múltiples titulares
10233806,2,,Múltiples titulares
10233808,1,797803,Titular único
10233809,1,10802618,Titular único
10233813,1,524348,Titular único
10233814,2,,Múltiples titulares
10233816,2,,Múltiples titulares
10233817,2,,Múltiples titulares
10233818,2,,Múltiples titulares
10233819,3,,Múltiples titulares
10233822,2,,Múltiples titulares
10233824,2,,Múltiples titulares
10233826,1,10160312,Titular único
10233829,2,,Múltiples titulares
10233830,4,,Múltiples titulares
10233831,1,10123765,Titular único
10233833,1,10323901,Titular único
10233835,3,,Múltiples titulares
10233839,4,,Múltiples titulares
10233841,2,,Múltiples titulares
10233843,1,288811,Titular único
10233844,1,596745,Titular único
10233847,2,,Múltiples titulares
10233848,2,,Múltiples titulares
10233852,2,,Múltiples titulares
10233853,2,,Múltiples titulares
10233855,3,,Múltiples titulares
10233857,1,518890,Titular único
10233858,1,10244984,Titular único
10233859,3,,Múltiples titulares
10233861,1,792214,Titular único
10233862,1,530734,Titular único
10233863,2,,Múltiples titulares
10233864,2,,Múltiples titulares
10233865,3,,Múltiples titulares
10233866,2,,Múltiples titulares
10233867,1,529315,Titular único
10233868,1,101887,Titular único
10233869,1,808251,Titular único
10233870,2,,Múltiples titulares
10233871,2,,Múltiples titulares
10233872,1,799434,Titular único
10233874,2,,Múltiples titulares
10233875,2,,Múltiples titulares
10233877,1,799878,Titular único
10233878,2,,Múltiples titulares
10233882,3,,Múltiples titulares
10233883,1,802506,Titular único
10233884,1,11084526,Titular único
10233886,1,802165,Titular único
10233887,1,807700,Titular único
10233888,4,,Múltiples titulares
10233889,3,,Múltiples titulares
10233891,2,,Múltiples titulares
10233892,2,,Múltiples titulares
10233893,3,,Múltiples titulares
10233894,1,10736741,Titular único
10233895,3,,Múltiples titulares
10233896,4,,Múltiples titulares
10233897,2,,Múltiples titulares
10233898,4,,Múltiples titulares
10233899,3,,Múltiples titulares
10233900,3,,Múltiples titulares
10233901,1,530909,Titular único
10233902,2,,Múltiples titulares
10233904,1,808945,Titular único
10233905,1,792105,Titular único
10233908,4,,Múltiples titulares
10233909,1,10245269,Titular único
10233910,1,531340,Titular único
10233911,2,,Múltiples titulares
10233912,1,528779,Titular único
10233914,1,797473,Titular único
10233917,2,,Múltiples titulares
10233918,1,527486,Titular único
10233919,1,802467,Titular único
10233920,2,,Múltiples titulares
10233921,2,,Múltiples titulares
10233922,2,,Múltiples titulares
10233923,5,,Múltiples titulares
10233924,1,795149,Titular único
10233925,3,,Múltiples titulares
10233926,1,538941,Titular único
10233928,1,530088,Titular único
10233931,4,,Múltiples titulares
10233932,2,,Múltiples titulares
10233935,2,,Múltiples titulares
10233936,1,10244785,Titular único
10233937,3,,Múltiples titulares
10233938,4,,Múltiples titulares
10233939,3,,Múltiples titulares
10233940,2,,Múltiples titulares
10233941,2,,Múltiples titulares
10233943,1,10265574,Titular único
10233944,1,10229747,Titular único
10233945,2,,Múltiples titulares
10233948,2,,Múltiples titulares
10233949,1,10142156,Titular único
10233950,3,,Múltiples titulares
10233951,1,10323758,Titular único
10233952,2,,Múltiples titulares
10233953,1,10337085,Titular único
10233954,3,,Múltiples titulares
10233955,2,,Múltiples titulares
10233956,3,,Múltiples titulares
10233957,3,,Múltiples titulares
10233958,2,,Múltiples titulares
10233959,1,10262713,Titular único
10233960,3,,Múltiples titulares
10233961,4,,Múltiples titulares
10233962,2,,Múltiples titulares
10233963,2,,Múltiples titulares
10233964,1,10190191,Titular único
10233965,1,527903,Titular único
10233966,1,10245179,Titular único
10233967,2,,Múltiples titulares
10233968,4,,Múltiples titulares
10233969,2,,Múltiples titulares
10233970,3,,Múltiples titulares
10233971,2,,Múltiples titulares
10233972,1,799937,Titular único
10233974,2,,Múltiples titulares
10233975,2,,Múltiples titulares
10233977,4,,Múltiples titulares
10233978,3,,Múltiples titulares
10233979,3,,Múltiples titulares
10233980,1,743340,Titular único
10233981,2,,Múltiples titulares
10233982,3,,Múltiples titulares
10233983,1,10305469,Titular único
10233984,3,,Múltiples titulares
10233985,2,,Múltiples titulares
10233986,2,,Múltiples titulares
10233987,1,530990,Titular único
10233988,1,530799,Titular único
10233989,1,10245249,Titular único
10233990,1,524690,Titular único
10233991,1,10245443,Titular único
10233992,2,,Múltiples titulares
10233994,1,10123654,Titular único
10233995,1,10262627,Titular único
10233997,1,932068,Titular único
10233999,1,10245645,Titular único
10234000,1,10160591,Titular único
10234001,1,524776,Titular único
10234002,2,,Múltiples titulares
10234003,2,,Múltiples titulares
10234004,6,,Múltiples titulares
10234005,1,10245168,Titular único
10234006,3,,Múltiples titulares
10234008,3,,Múltiples titulares
10234009,1,10245631,Titular único
10234010,2,,Múltiples titulares
10234011,1,10245557,Titular único
10234012,2,,Múltiples titulares
10234013,2,,Múltiples titulares
10234017,4,,Múltiples titulares
10234018,2,,Múltiples titulares
10234019,2,,Múltiples titulares
10234020,3,,Múltiples titulares
10234022,5,,Múltiples titulares
10234023,1,800300,Titular único
10234024,4,,Múltiples titulares
10234025,2,,Múltiples titulares
10234029,3,,Múltiples titulares
10234030,2,,Múltiples titulares
10234031,4,,Múltiples titulares
10234033,3,,Múltiples titulares
10234034,1,10245628,Titular único
10234035,1,802489,Titular único
10234036,2,,Múltiples titulares
10234037,3,,Múltiples titulares
10234038,3,,Múltiples titulares
10234039,1,10223230,Titular único
10234040,6,,Múltiples titulares
10234041,1,10245207,Titular único
10234042,2,,Múltiples titulares
10234043,2,,Múltiples titulares
10234044,2,,Múltiples titulares
10234045,1,10736749,Titular único
10234046,1,10245188,Titular único
10234047,1,10245132,Titular único
10234049,2,,Múltiples titulares
10234052,2,,Múltiples titulares
10234053,2,,Múltiples titulares
10234054,3,,Múltiples titulares
10234058,1,11154208,Titular único
10234059,1,10305575,Titular único
10234060,1,10223812,Titular único
10234061,3,,Múltiples titulares
10234062,2,,Múltiples titulares
10234063,1,10123480,Titular único
10234064,1,10245701,Titular único
10234065,1,10697437,Titular único
10234067,2,,Múltiples titulares
10234068,4,,Múltiples titulares
10234069,3,,Múltiples titulares
10234071,1,10184136,Titular único
10234072,1,10338110,Titular único
10234075,1,10709217,Titular único
10234077,2,,Múltiples titulares
10234082,1,799676,Titular único
10234083,1,10154338,Titular único
10234656,1,10337526,Titular único
10235026,1,523151,Titular único
10235237,1,529769,Titular único
10235242,1,11284356,Titular único
10235263,1,10649797,Titular único
10235292,2,,Múltiples titulares
10235342,1,10229823,Titular único
10235363,1,521329,Titular único
10235932,1,523451,Titular único
10235939,1,10204497,Titular único
10236227,1,797071,Titular único
10236325,1,711904,Titular único
10236355,1,986724,Titular único
10236385,1,12147169,Titular único
10236392,1,11521972,Titular único
10236438,2,,Múltiples titulares
10236453,1,394290,Titular único
10236488,1,10262851,Titular único
10236499,1,10171266,Titular único
10238633,1,798063,Titular único
10238649,1,527342,Titular único
10238659,1,809020,Titular único
10238662,1,527319,Titular único
10238679,1,801149,Titular único
10238684,1,522769,Titular único
10238688,1,525482,Titular único
10238689,1,527509,Titular único
10238692,1,530316,Titular único
10238694,1,807445,Titular único
10238713,1,10238713,Titular único
10238721,1,798254,Titular único
10238731,1,10239023,Titular único
10238743,1,10324267,Titular único
10238746,1,527340,Titular único
10238752,1,933431,Titular único
10238755,1,531557,Titular único
10238756,2,,Múltiples titulares
10238757,1,531682,Titular único
10238759,2,,Múltiples titulares
10238770,1,194599,Titular único
10238772,1,10238772,Titular único
10238785,1,10337212,Titular único
10238810,1,205331,Titular único
10238815,1,527509,Titular único
10238842,1,10238793,Titular único
10238843,2,,Múltiples titulares
10238860,1,795543,Titular único
10238875,1,10517368,Titular único
10238878,1,196902,Titular único
10238882,1,10238901,Titular único
10238885,1,528223,Titular único
10238911,1,798255,Titular único
10238912,1,798951,Titular único
10238924,2,,Múltiples titulares
10238930,1,10689269,Titular único
10238944,1,799137,Titular único
10238962,1,10238605,Titular único
10238991,2,,Múltiples titulares
10238998,1,10239053,Titular único
10239000,1,412414,Titular único
10239004,3,,Múltiples titulares
10239008,1,10792322,Titular único
10239009,1,520126,Titular único
10239015,2,,Múltiples titulares
10239016,1,808198,Titular único
10239050,1,801182,Titular único
10239073,1,809122,Titular único
10239097,1,808574,Titular único
10239098,1,798093,Titular único
10239105,1,10496022,Titular único
10239111,1,750746,Titular único
10239115,1,10223571,Titular único
10239117,1,10306026,Titular único
10239118,2,,Múltiples titulares
10239129,1,802058,Titular único
10239133,1,10238895,Titular único
10239141,1,802344,Titular único
10239158,1,10229834,Titular único
10239159,1,10239011,Titular único
10239162,1,522827,Titular único
10239164,1,10239161,Titular único
10239166,1,10323988,Titular único
10239168,1,10238896,Titular único
10239171,1,523694,Titular único
10239184,1,10697303,Titular único
10239198,1,263458,Titular único
10239243,1,10239183,Titular único
10239260,1,10239447,Titular único
10239267,1,10223963,Titular único
10239268,1,797614,Titular único
10239277,1,10678769,Titular único
10239278,3,,Múltiples titulares
10239283,1,530512,Titular único
10239291,1,10239157,Titular único
10239317,1,403332,Titular único
10239319,1,10239296,Titular único
10239324,1,10529568,Titular único
10239326,1,11009502,Titular único
10239328,2,,Múltiples titulares
10239346,2,,Múltiples titulares
10239350,1,10337096,Titular único
10239361,1,10265572,Titular único
10239362,1,10239353,Titular único
10239364,1,387951,Titular único
10239369,1,10239072,Titular único
10239375,1,527495,Titular único
10239379,1,802238,Titular único
10239385,1,10238837,Titular único
10239388,1,945261,Titular único
10239389,1,10136285,Titular único
10239395,1,10337268,Titular único
10239396,1,10337268,Titular único
10239404,1,11070456,Titular único
10239407,1,735634,Titular único
10239411,2,,Múltiples titulares
10239418,1,10239376,Titular único
10239419,1,10239104,Titular único
10239421,1,802395,Titular único
10239422,2,,Múltiples titulares
10239426,1,798929,Titular único
10239427,1,10239592,Titular único
10239429,1,10337081,Titular único
10239438,1,10239451,Titular único
10239441,1,421443,Titular único
10239442,1,10102037,Titular único
10239448,1,798254,Titular único
10239457,1,530449,Titular único
10239459,2,,Múltiples titulares
10239468,2,,Múltiples titulares
10239469,1,10238670,Titular único
10239471,3,,Múltiples titulares
10239473,1,529531,Titular único
10239476,1,10529568,Titular único
10239477,2,,Múltiples titulares
10239484,1,10239057,Titular único
10239485,1,10239560,Titular único
10239494,1,10324508,Titular único
10239496,1,11009502,Titular único
10239498,1,10238955,Titular único
10239505,2,,Múltiples titulares
10239512,3,,Múltiples titulares
10239513,1,10101966,Titular único
10239515,1,800292,Titular único
10239520,1,10238937,Titular único
10239522,1,10124067,Titular único
10239523,1,10238981,Titular único
10239526,1,10337360,Titular único
10239530,1,10229554,Titular único
10239537,1,10239391,Titular único
10239539,2,,Múltiples titulares
10239542,1,10245772,Titular único
10239545,1,10239225,Titular único
10239548,2,,Múltiples titulares
10239551,1,10239312,Titular único
10239554,1,10239321,Titular único
10239563,1,10774434,Titular único
10239564,1,10262737,Titular único
10239566,2,,Múltiples titulares
10239570,1,118059,Titular único
10239571,1,797614,Titular único
10239573,1,10239312,Titular único
10239575,2,,Múltiples titulares
10239576,1,800599,Titular único
10239580,1,10238698,Titular único
10239582,2,,Múltiples titulares
10239586,1,10323749,Titular único
10239587,1,10239689,Titular único
10239589,1,797641,Titular único
10239591,1,11067761,Titular único
10239594,1,10239357,Titular único
10239599,1,10239376,Titular único
10239600,1,10239323,Titular único
10239602,1,10239110,Titular único
10239603,2,,Múltiples titulares
10239604,1,10239153,Titular único
10239613,1,11346090,Titular único
10239623,1,10238671,Titular único
10239626,2,,Múltiples titulares
10239630,2,,Múltiples titulares
10239631,1,531552,Titular único
10239641,1,10239263,Titular único
10239646,1,11159168,Titular único
10239680,1,10337211,Titular único
10239957,1,10323819,Titular único
10240609,1,522874,Titular único
10240773,1,270339,Titular único
10242409,1,10245526,Titular único
10242922,1,10160416,Titular único
10244000,1,10245135,Titular único
10244601,2,,Múltiples titulares
10244604,1,799206,Titular único
10244610,1,527401,Titular único
10244614,1,799203,Titular único
10244628,1,10244851,Titular único
10244641,1,530884,Titular único
10244659,1,10736752,Titular único
10244673,2,,Múltiples titulares
10244677,1,525066,Titular único
10244681,1,801544,Titular único
10244690,1,802293,Titular único
10244705,1,10244705,Titular único
10244713,1,10244685,Titular único
10244714,1,528759,Titular único
10244715,1,210319,Titular único
10244723,1,934506,Titular único
10244734,1,801174,Titular único
10244735,1,795411,Titular único
10244743,1,396790,Titular único
10244749,1,529000,Titular único
10244753,1,10223470,Titular único
10244761,1,528550,Titular único
10244763,3,,Múltiples titulares
10244765,1,798009,Titular único
10244769,1,528754,Titular único
10244771,2,,Múltiples titulares
10244772,1,809009,Titular único
10244781,2,,Múltiples titulares
10244782,2,,Múltiples titulares
10244783,1,10245139,Titular único
10244795,1,10736774,Titular único
10244803,1,10709570,Titular único
10244807,1,794967,Titular único
10244813,2,,Múltiples titulares
10244814,1,801642,Titular único
10244816,1,522431,Titular único
10244818,1,10244902,Titular único
10244823,1,890077,Titular único
10244829,2,,Múltiples titulares
10244830,1,10324146,Titular único
10244837,1,802206,Titular único
10244843,1,792232,Titular único
10244847,1,808959,Titular único
10244864,1,528752,Titular único
10244872,1,10324207,Titular único
10244882,1,10244781,Titular único
10244886,1,528746,Titular único
10244900,1,807382,Titular único
10244901,1,59721,Titular único
10244903,1,518346,Titular único
10244904,1,522337,Titular único
10244905,1,802450,Titular único
10244907,1,800116,Titular único
10244910,1,10736687,Titular único
10244911,1,10244726,Titular único
10244915,2,,Múltiples titulares
10244916,1,10244644,Titular único
10244933,1,522421,Titular único
10244939,1,800570,Titular único
10244946,1,801459,Titular único
10244963,1,10123337,Titular único
10244965,1,933509,Titular único
10244981,1,173108,Titular único
10244997,1,10244994,Titular único
10245004,1,528725,Titular único
10245005,1,530955,Titular único
10245007,1,10244740,Titular único
10245012,2,,Múltiples titulares
10245014,2,,Múltiples titulares
10245016,1,530907,Titular único
10245020,1,10736769,Titular único
10245032,1,792899,Titular único
10245036,2,,Múltiples titulares
10245037,1,10244953,Titular único
10245042,1,177051,Titular único
10245046,1,792229,Titular único
10245054,1,551154,Titular único
10245056,1,397020,Titular único
10245061,1,800282,Titular único
10245073,1,802333,Titular único
10245077,2,,Múltiples titulares
10245081,1,530412,Titular único
10245088,1,530093,Titular único
10245091,1,10244893,Titular único
10245099,1,124022,Titular único
10245111,1,801428,Titular único
10245112,1,804201,Titular único
10245115,1,10245172,Titular único
10245122,1,797608,Titular único
10245123,1,11015460,Titular único
10245139,1,362965,Titular único
10245146,1,10123792,Titular único
10245152,1,10207988,Titular único
10245164,1,10337146,Titular único
10245167,1,10101987,Titular único
10245168,3,,Múltiples titulares
10245169,1,264603,Titular único
10245192,1,10305371,Titular único
10245194,1,717712,Titular único
10245212,1,228665,Titular único
10245213,1,10244798,Titular único
10245237,1,10305873,Titular único
10245255,1,529072,Titular único
10245262,1,10245433,Titular único
10245264,2,,Múltiples titulares
10245265,1,10229461,Titular único
10245266,1,800564,Titular único
10245268,1,528754,Titular único
10245271,1,807310,Titular único
10245274,1,11111933,Titular único
10245276,1,10223872,Titular único
10245279,1,525446,Titular único
10245284,1,527307,Titular único
10245294,1,930623,Titular único
10245318,1,931206,Titular único
10245324,1,10245387,Titular único
10245331,2,,Múltiples titulares
10245342,1,10141842,Titular único
10245345,1,10245164,Titular único
10245350,1,801561,Titular único
10245352,1,10244772,Titular único
10245356,1,10101823,Titular único
10245364,1,808978,Titular único
10245366,1,10245754,Titular único
10245417,1,10207274,Titular único
10245422,1,10337534,Titular único
10245425,2,,Múltiples titulares
10245433,1,10223225,Titular único
10245437,1,10337053,Titular único
10245439,1,10337206,Titular único
10245445,2,,Múltiples titulares
10245448,1,10244974,Titular único
10245454,1,528578,Titular único
10245457,2,,Múltiples titulares
10245466,1,10184293,Titular único
10245469,1,531345,Titular único
10245471,1,10337722,Titular único
10245473,1,10245353,Titular único
10245474,2,,Múltiples titulares
10245477,1,10244926,Titular único
10245487,1,525446,Titular único
10245489,1,10305348,Titular único
10245492,1,10101932,Titular único
10245495,1,10311427,Titular único
10245511,1,10245475,Titular único
10245512,1,10136394,Titular único
10245518,1,10244642,Titular único
10245528,1,10190269,Titular único
10245534,1,10337690,Titular único
10245535,1,10244809,Titular único
10245544,1,530950,Titular único
10245566,1,10306219,Titular único
10245570,2,,Múltiples titulares
10245572,1,808978,Titular único
10245574,1,10245215,Titular único
10245577,1,529558,Titular único
10245581,1,802451,Titular único
10245587,2,,Múltiples titulares
10245593,1,529027,Titular único
10245596,1,10123586,Titular único
10245598,1,10336785,Titular único
10245616,1,10245319,Titular único
10245618,1,10245703,Titular único
10245621,2,,Múltiples titulares
10245637,1,10324121,Titular único
10245642,2,,Múltiples titulares
10245644,1,10262622,Titular único
10245647,1,10001174,Titular único
10245649,1,802307,Titular único
10245654,1,10323867,Titular único
10245660,1,800515,Titular único
10245666,1,10245821,Titular único
10245681,2,,Múltiples titulares
10245685,1,10245463,Titular único
10245688,1,10245126,Titular único
10245693,1,10244918,Titular único
10245697,1,10324981,Titular único
10245702,1,10135894,Titular único
10245703,2,,Múltiples titulares
10245704,1,12335025,Titular único
10245708,1,10245694,Titular único
10245711,1,10245538,Titular único
10245734,1,10245874,Titular único
10245735,1,807459,Titular único
10245736,1,717947,Titular único
10245740,1,10244962,Titular único
10245742,1,801314,Titular único
10245751,1,10786889,Titular único
10245760,1,10245716,Titular único
10245761,1,10244994,Titular único
10245764,1,10245645,Titular único
10245773,1,528705,Titular único
10245778,2,,Múltiples titulares
10245781,2,,Múltiples titulares
10245782,1,10245508,Titular único
10245783,1,10229951,Titular único
10245792,1,11203676,Titular único
10245795,1,10223729,Titular único
10245801,1,10245771,Titular único
10245808,2,,Múltiples titulares
10245810,1,10311723,Titular único
10245825,1,10154646,Titular único
10245847,1,10324060,Titular único
10245848,1,10124481,Titular único
10245855,2,,Múltiples titulares
10245859,1,10136330,Titular único
10245867,1,10030614,Titular único
10246109,1,808976,Titular único
10246477,2,,Múltiples titulares
10246892,1,10336805,Titular único
10248803,1,803707,Titular único
10249783,1,10245139,Titular único
10250232,1,10142420,Titular único
10250515,1,796234,Titular único
10250600,4,,Múltiples titulares
10250601,4,,Múltiples titulares
10250602,5,,Múltiples titulares
10250603,4,,Múltiples titulares
10250604,3,,Múltiples titulares
10250605,8,,Múltiples titulares
10250606,2,,Múltiples titulares
10250607,2,,Múltiples titulares
10250608,5,,Múltiples titulares
10250609,7,,Múltiples titulares
10250610,4,,Múltiples titulares
10250611,2,,Múltiples titulares
10250612,6,,Múltiples titulares
10250613,2,,Múltiples titulares
10250614,2,,Múltiples titulares
10250615,3,,Múltiples titulares
10250616,4,,Múltiples titulares
10250617,3,,Múltiples titulares
10250618,4,,Múltiples titulares
10250619,3,,Múltiples titulares
10250620,3,,Múltiples titulares
10250621,4,,Múltiples titulares
10250623,2,,Múltiples titulares
10250624,4,,Múltiples titulares
10250625,2,,Múltiples titulares
10250626,3,,Múltiples titulares
10250627,6,,Múltiples titulares
10250628,4,,Múltiples titulares
10250629,6,,Múltiples titulares
10250630,6,,Múltiples titulares
10250631,3,,Múltiples titulares
10250632,5,,Múltiples titulares
10250633,2,,Múltiples titulares
10250634,6,,Múltiples titulares
10250635,3,,Múltiples titulares
10250636,4,,Múltiples titulares
10250637,6,,Múltiples titulares
10250638,1,466723,Titular único
10250639,5,,Múltiples titulares
10250640,5,,Múltiples titulares
10250641,1,10141988,Titular único
10250642,2,,Múltiples titulares
10250643,3,,Múltiples titulares
10250644,2,,Múltiples titulares
10250645,2,,Múltiples titulares
10250646,2,,Múltiples titulares
10250647,2,,Múltiples titulares
10250648,1,10123378,Titular único
10250649,1,123250,Titular único
10250650,5,,Múltiples titulares
10250651,1,808282,Titular único
10250652,2,,Múltiples titulares
10250653,7,,Múltiples titulares
10250654,4,,Múltiples titulares
10250655,7,,Múltiples titulares
10250656,1,799848,Titular único
10250657,1,10262650,Titular único
10250658,2,,Múltiples titulares
10250659,5,,Múltiples titulares
10250660,5,,Múltiples titulares
10250661,7,,Múltiples titulares
10250662,4,,Múltiples titulares
10250663,3,,Múltiples titulares
10250664,4,,Múltiples titulares
10250665,3,,Múltiples titulares
10250667,3,,Múltiples titulares
10250668,4,,Múltiples titulares
10250669,5,,Múltiples titulares
10250670,2,,Múltiples titulares
10250671,2,,Múltiples titulares
10250672,2,,Múltiples titulares
10250673,3,,Múltiples titulares
10250674,2,,Múltiples titulares
10250675,3,,Múltiples titulares
10250676,6,,Múltiples titulares
10250677,4,,Múltiples titulares
10250678,4,,Múltiples titulares
10250679,2,,Múltiples titulares
10250680,6,,Múltiples titulares
10250681,4,,Múltiples titulares
10250682,2,,Múltiples titulares
10250683,1,807374,Titular único
10250684,2,,Múltiples titulares
10250685,1,524321,Titular único
10250686,5,,Múltiples titulares
10250687,6,,Múltiples titulares
10250688,3,,Múltiples titulares
10250689,1,10305691,Titular único
10250690,1,10012948,Titular único
10250691,2,,Múltiples titulares
10250692,2,,Múltiples titulares
10250693,3,,Múltiples titulares
10250694,4,,Múltiples titulares
10250695,4,,Múltiples titulares
10250696,1,528845,Titular único
10250697,1,10323817,Titular único
10250698,2,,Múltiples titulares
10250699,4,,Múltiples titulares
10250700,5,,Múltiples titulares
10250701,7,,Múltiples titulares
10250702,3,,Múltiples titulares
10250703,6,,Múltiples titulares
10250704,4,,Múltiples titulares
10250705,3,,Múltiples titulares
10250706,3,,Múltiples titulares
10250707,3,,Múltiples titulares
10250708,1,10136373,Titular único
10250710,4,,Múltiples titulares
10250711,2,,Múltiples titulares
10250712,3,,Múltiples titulares
10250713,1,524435,Titular único
10250714,5,,Múltiples titulares
10250715,1,529383,Titular único
10250716,3,,Múltiples titulares
10250717,1,528607,Titular único
10250718,2,,Múltiples titulares
10250719,4,,Múltiples titulares
10250720,2,,Múltiples titulares
10250721,4,,Múltiples titulares
10250722,3,,Múltiples titulares
10250723,5,,Múltiples titulares
10250724,3,,Múltiples titulares
10250725,2,,Múltiples titulares
10250726,1,799706,Titular único
10250727,6,,Múltiples titulares
10250728,2,,Múltiples titulares
10250729,1,934163,Titular único
10250730,2,,Múltiples titulares
10250731,1,10161016,Titular único
10250734,4,,Múltiples titulares
10250735,2,,Múltiples titulares
10250736,4,,Múltiples titulares
10250737,1,10101953,Titular único
10250738,2,,Múltiples titulares
10250739,1,10141859,Titular único
10250740,6,,Múltiples titulares
10250741,9,,Múltiples titulares
10250742,2,,Múltiples titulares
10250744,3,,Múltiples titulares
10250745,2,,Múltiples titulares
10250746,3,,Múltiples titulares
10250747,4,,Múltiples titulares
10250748,1,373904,Titular único
10250749,2,,Múltiples titulares
10250751,1,10245205,Titular único
10250752,2,,Múltiples titulares
10250753,2,,Múltiples titulares
10250754,1,799682,Titular único
10250755,3,,Múltiples titulares
10250756,2,,Múltiples titulares
10250757,4,,Múltiples titulares
10250758,1,10324328,Titular único
10250759,1,802366,Titular único
10250760,1,528002,Titular único
10250762,1,10229432,Titular único
10250763,2,,Múltiples titulares
10250788,1,10265660,Titular único
10250802,1,804132,Titular único
10251304,1,10323826,Titular único
10251401,4,,Múltiples titulares
10251407,1,531396,Titular único
10251408,1,521709,Titular único
10251414,1,803697,Titular único
10251419,1,397920,Titular único
10251420,1,529583,Titular único
10251421,2,,Múltiples titulares
10251422,1,795961,Titular único
10251424,1,195870,Titular único
10251425,2,,Múltiples titulares
10251426,1,798024,Titular único
10251427,2,,Múltiples titulares
10251428,2,,Múltiples titulares
10251429,2,,Múltiples titulares
10251430,4,,Múltiples titulares
10251431,2,,Múltiples titulares
10251432,4,,Múltiples titulares
10251433,5,,Múltiples titulares
10251434,2,,Múltiples titulares
10251435,1,520840,Titular único
10251436,1,635071,Titular único
10251438,2,,Múltiples titulares
10251439,2,,Múltiples titulares
10251440,2,,Múltiples titulares
10251442,4,,Múltiples titulares
10251443,3,,Múltiples titulares
10251444,2,,Múltiples titulares
10251445,1,150450,Titular único
10251446,3,,Múltiples titulares
10251447,3,,Múltiples titulares
10251448,1,798678,Titular único
10251449,3,,Múltiples titulares
10251450,4,,Múltiples titulares
10251451,1,528859,Titular único
10251452,3,,Múltiples titulares
10251453,2,,Múltiples titulares
10251454,2,,Múltiples titulares
10251455,3,,Múltiples titulares
10251456,1,644778,Titular único
10251457,4,,Múltiples titulares
10251458,2,,Múltiples titulares
10251459,1,10190907,Titular único
10251460,1,10533332,Titular único
10251461,3,,Múltiples titulares
10251462,5,,Múltiples titulares
10251463,5,,Múltiples titulares
10251465,1,801579,Titular único
10251466,3,,Múltiples titulares
10251467,4,,Múltiples titulares
10251468,4,,Múltiples titulares
10251469,1,10141984,Titular único
10251470,6,,Múltiples titulares
10251471,4,,Múltiples titulares
10251472,3,,Múltiples titulares
10251473,4,,Múltiples titulares
10251474,2,,Múltiples titulares
10251475,2,,Múltiples titulares
10251476,4,,Múltiples titulares
10251477,1,10223424,Titular único
10251478,3,,Múltiples titulares
10251480,5,,Múltiples titulares
10251481,3,,Múltiples titulares
10251482,3,,Múltiples titulares
10251483,8,,Múltiples titulares
10251484,1,523451,Titular único
10251485,1,400764,Titular único
10251486,4,,Múltiples titulares
10251487,6,,Múltiples titulares
10251488,2,,Múltiples titulares
10251489,2,,Múltiples titulares
10251490,3,,Múltiples titulares
10251491,3,,Múltiples titulares
10251492,3,,Múltiples titulares
10251493,4,,Múltiples titulares
10251494,3,,Múltiples titulares
10251495,4,,Múltiples titulares
10251496,4,,Múltiples titulares
10251497,3,,Múltiples titulares
10251498,3,,Múltiples titulares
10251499,2,,Múltiples titulares
10251500,3,,Múltiples titulares
10251501,2,,Múltiples titulares
10251502,2,,Múltiples titulares
10251503,2,,Múltiples titulares
10251504,4,,Múltiples titulares
10251506,2,,Múltiples titulares
10251507,2,,Múltiples titulares
10251508,2,,Múltiples titulares
10251509,5,,Múltiples titulares
10251510,1,10324388,Titular único
10251512,1,796286,Titular único
10251513,1,10038223,Titular único
10251514,3,,Múltiples titulares
10251515,3,,Múltiples titulares
10251516,1,670326,Titular único
10251517,2,,Múltiples titulares
10251519,2,,Múltiples titulares
10251520,2,,Múltiples titulares
10251521,2,,Múltiples titulares
10251522,1,10337443,Titular único
10251524,1,10136053,Titular único
10251525,7,,Múltiples titulares
10251526,2,,Múltiples titulares
10251527,2,,Múltiples titulares
10251528,1,802151,Titular único
10251530,1,10323848,Titular único
10251531,1,808319,Titular único
10251532,3,,Múltiples titulares
10251533,1,531145,Titular único
10251534,4,,Múltiples titulares
10252486,1,73150,Titular único
10253203,1,717104,Titular único
10253204,4,,Múltiples titulares
10253206,1,521061,Titular único
10253208,2,,Múltiples titulares
10253210,3,,Múltiples titulares
10253211,4,,Múltiples titulares
10253221,3,,Múltiples titulares
10253222,1,518446,Titular único
10253223,1,521853,Titular único
10253224,2,,Múltiples titulares
10253226,2,,Múltiples titulares
10253227,1,528074,Titular único
10253228,2,,Múltiples titulares
10253229,1,522539,Titular único
10253231,1,807987,Titular único
10253232,6,,Múltiples titulares
10253234,4,,Múltiples titulares
10253235,2,,Múltiples titulares
10253236,1,801278,Titular único
10253237,1,526922,Titular único
10253238,3,,Múltiples titulares
10253239,2,,Múltiples titulares
10253240,2,,Múltiples titulares
10253242,2,,Múltiples titulares
10253243,2,,Múltiples titulares
10253244,3,,Múltiples titulares
10253245,4,,Múltiples titulares
10253246,4,,Múltiples titulares
10253249,1,153735,Titular único
10253250,1,390942,Titular único
10253251,2,,Múltiples titulares
10253252,1,524370,Titular único
10253253,2,,Múltiples titulares
10253254,1,657377,Titular único
10253255,3,,Múltiples titulares
10253257,2,,Múltiples titulares
10253259,3,,Múltiples titulares
10253260,3,,Múltiples titulares
10253261,1,10311488,Titular único
10253262,2,,Múltiples titulares
10253265,1,10184041,Titular único
10253266,3,,Múltiples titulares
10253267,1,10305907,Titular único
10253269,2,,Múltiples titulares
10253270,3,,Múltiples titulares
10253271,1,530314,Titular único
10253272,3,,Múltiples titulares
10253273,1,730156,Titular único
10253274,3,,Múltiples titulares
10253275,2,,Múltiples titulares
10253276,1,529916,Titular único
10253277,4,,Múltiples titulares
10253278,3,,Múltiples titulares
10253279,3,,Múltiples titulares
10253281,2,,Múltiples titulares
10253282,3,,Múltiples titulares
10253283,1,523380,Titular único
10253284,2,,Múltiples titulares
10253285,3,,Múltiples titulares
10253286,1,10852588,Titular único
10253287,1,10101724,Titular único
10253288,2,,Múltiples titulares
10253289,2,,Múltiples titulares
10253290,1,71809,Titular único
10253435,1,792131,Titular único
10253739,1,10323643,Titular único
10254600,2,,Múltiples titulares
10254601,3,,Múltiples titulares
10254603,3,,Múltiples titulares
10254604,3,,Múltiples titulares
10254605,3,,Múltiples titulares
10254607,5,,Múltiples titulares
10254608,1,522516,Titular único
10254609,3,,Múltiples titulares
10254610,1,801652,Titular único
10254611,2,,Múltiples titulares
10254612,6,,Múltiples titulares
10254613,3,,Múltiples titulares
10254614,3,,Múltiples titulares
10254615,4,,Múltiples titulares
10254616,1,522794,Titular único
10254617,5,,Múltiples titulares
10254618,2,,Múltiples titulares
10254620,2,,Múltiples titulares
10254621,3,,Múltiples titulares
10254622,3,,Múltiples titulares
10254623,4,,Múltiples titulares
10254624,4,,Múltiples titulares
10254625,2,,Múltiples titulares
10254626,3,,Múltiples titulares
10254627,4,,Múltiples titulares
10254628,3,,Múltiples titulares
10255201,2,,Múltiples titulares
10255203,1,800713,Titular único
10255204,1,932033,Titular único
10255205,2,,Múltiples titulares
10255208,2,,Múltiples titulares
10255209,1,525290,Titular único
10255212,1,911344,Titular único
10255213,1,73332,Titular único
10255214,1,530750,Titular único
10255215,1,352856,Titular único
10255216,1,137453,Titular único
10255219,1,797604,Titular único
10255220,1,796657,Titular único
10255224,1,800558,Titular único
10255226,1,807433,Titular único
10255228,1,800713,Titular único
10255229,2,,Múltiples titulares
10255232,1,854399,Titular único
10255233,1,797367,Titular único
10255234,1,796398,Titular único
10255237,2,,Múltiples titulares
10255238,2,,Múltiples titulares
10255239,1,792161,Titular único
10255241,1,10135896,Titular único
10255243,1,522340,Titular único
10255247,1,528185,Titular único
10255249,2,,Múltiples titulares
10255253,1,530391,Titular único
10255254,1,798925,Titular único
10255257,2,,Múltiples titulares
10255258,2,,Múltiples titulares
10255259,1,522412,Titular único
10255260,1,530890,Titular único
10255261,1,530739,Titular único
10255262,2,,Múltiples titulares
10255263,1,528750,Titular único
10255264,1,525186,Titular único
10255266,1,10311261,Titular único
10255267,4,,Múltiples titulares
10255270,1,912549,Titular único
10255271,2,,Múltiples titulares
10255272,2,,Múltiples titulares
10255276,1,10135904,Titular único
10255277,2,,Múltiples titulares
10255280,2,,Múltiples titulares
10255282,2,,Múltiples titulares
10255284,1,528775,Titular único
10255285,3,,Múltiples titulares
10255286,1,10223255,Titular único
10255287,1,525243,Titular único
10255288,2,,Múltiples titulares
10255289,2,,Múltiples titulares
10255292,2,,Múltiples titulares
10255294,1,530753,Titular único
10255295,3,,Múltiples titulares
10255297,1,397601,Titular único
10255299,2,,Múltiples titulares
10255300,2,,Múltiples titulares
10255303,1,790047,Titular único
10255305,1,797988,Titular único
10255306,1,29509,Titular único
10255308,2,,Múltiples titulares
10255309,2,,Múltiples titulares
10255310,2,,Múltiples titulares
10255311,1,528573,Titular único
10255312,2,,Múltiples titulares
10255313,1,531146,Titular único
10255315,1,161616,Titular único
10255317,3,,Múltiples titulares
10255318,1,530936,Titular único
10255319,1,10244717,Titular único
10255322,1,802576,Titular único
10255323,1,519197,Titular único
10255325,1,10136041,Titular único
10255326,1,10136093,Titular único
10255327,2,,Múltiples titulares
10255328,2,,Múltiples titulares
10255329,1,529025,Titular único
10255332,1,530139,Titular único
10255334,1,801445,Titular único
10255336,2,,Múltiples titulares
10255337,1,711753,Titular único
10255338,1,529616,Titular único
10255339,1,522205,Titular único
10255340,2,,Múltiples titulares
10255341,3,,Múltiples titulares
10255343,2,,Múltiples titulares
10255344,1,10223819,Titular único
10255345,1,30332,Titular único
10255346,1,854910,Titular único
10255347,2,,Múltiples titulares
10255349,2,,Múltiples titulares
10255350,1,528317,Titular único
10255352,2,,Múltiples titulares
10255354,1,802595,Titular único
10255356,1,10752307,Titular único
10255357,1,81298,Titular único
10255358,2,,Múltiples titulares
10255360,1,375756,Titular único
10255361,1,799897,Titular único
10255365,1,743021,Titular único
10255366,1,10160071,Titular único
10255367,1,10305955,Titular único
10255369,1,802838,Titular único
10255370,1,801097,Titular único
10255372,1,10537241,Titular único
10255373,1,10244693,Titular único
10255374,2,,Múltiples titulares
10255375,2,,Múltiples titulares
10255376,2,,Múltiples titulares
10255377,2,,Múltiples titulares
10255379,2,,Múltiples titulares
10255381,1,10337183,Titular único
10255384,1,10190357,Titular único
10255386,3,,Múltiples titulares
10255387,1,797603,Titular único
10255388,2,,Múltiples titulares
10255393,2,,Múltiples titulares
10255394,2,,Múltiples titulares
10255396,3,,Múltiples titulares
10255397,1,802229,Titular único
10255398,2,,Múltiples titulares
10255402,1,10245048,Titular único
10255404,2,,Múltiples titulares
10255405,3,,Múltiples titulares
10255406,1,240422,Titular único
10255407,5,,Múltiples titulares
10255410,3,,Múltiples titulares
10255411,2,,Múltiples titulares
10255412,1,530913,Titular único
10255413,1,530913,Titular único
10255414,4,,Múltiples titulares
10255416,1,522339,Titular único
10255417,1,103076,Titular único
10255418,1,10323933,Titular único
10255421,3,,Múltiples titulares
10255423,1,799695,Titular único
10255424,1,530413,Titular único
10255425,2,,Múltiples titulares
10255426,3,,Múltiples titulares
10255427,2,,Múltiples titulares
10255428,1,530396,Titular único
10255430,1,146984,Titular único
10255431,1,522034,Titular único
10255432,1,531145,Titular único
10255433,1,528385,Titular único
10255434,1,10311441,Titular único
10255437,1,529519,Titular único
10255438,2,,Múltiples titulares
10255439,1,808318,Titular único
10255440,1,10305437,Titular único
10255441,3,,Múltiples titulares
10255442,2,,Múltiples titulares
10255443,1,528975,Titular único
10255444,1,497884,Titular único
10255445,2,,Múltiples titulares
10255446,1,528316,Titular único
10255448,2,,Múltiples titulares
10255449,2,,Múltiples titulares
10255450,5,,Múltiples titulares
10255455,2,,Múltiples titulares
10255456,4,,Múltiples titulares
10255459,1,10244674,Titular único
10255460,1,58250,Titular único
10255462,1,10262867,Titular único
10255463,5,,Múltiples titulares
10255464,2,,Múltiples titulares
10255465,5,,Múltiples titulares
10255467,1,808099,Titular único
10255468,2,,Múltiples titulares
10255469,2,,Múltiples titulares
10255470,3,,Múltiples titulares
10255473,6,,Múltiples titulares
10255474,3,,Múltiples titulares
10255475,1,807380,Titular único
10255476,1,528210,Titular único
10255477,2,,Múltiples titulares
10255478,3,,Múltiples titulares
10255480,2,,Múltiples titulares
10255481,2,,Múltiples titulares
10255483,1,10136376,Titular único
10255484,1,10136019,Titular único
10255485,4,,Múltiples titulares
10255486,1,10306043,Titular único
10255488,3,,Múltiples titulares
10255489,4,,Múltiples titulares
10255490,1,91491,Titular único
10255491,2,,Múltiples titulares
10255492,3,,Múltiples titulares
10255493,1,523645,Titular único
10255494,2,,Múltiples titulares
10255495,2,,Múltiples titulares
10255496,1,10262576,Titular único
10255497,5,,Múltiples titulares
10255498,3,,Múltiples titulares
10255499,1,10136143,Titular único
10255500,1,801080,Titular único
10255501,1,10488479,Titular único
10255503,2,,Múltiples titulares
10255504,2,,Múltiples titulares
10255506,2,,Múltiples titulares
10255507,3,,Múltiples titulares
10255508,4,,Múltiples titulares
10255509,3,,Múltiples titulares
10255510,1,10223250,Titular único
10255511,1,10101819,Titular único
10255513,2,,Múltiples titulares
10255514,5,,Múltiples titulares
10255515,4,,Múltiples titulares
10255516,3,,Múltiples titulares
10255517,2,,Múltiples titulares
10255518,1,800567,Titular único
10255519,2,,Múltiples titulares
10255520,2,,Múltiples titulares
10255521,5,,Múltiples titulares
10255522,4,,Múltiples titulares
10255523,1,527315,Titular único
10255524,6,,Múltiples titulares
10255525,3,,Múltiples titulares
10255526,1,10678377,Titular único
10255527,3,,Múltiples titulares
10255528,1,3491,Titular único
10255529,2,,Múltiples titulares
10255530,1,807348,Titular único
10255531,1,10323911,Titular único
10255532,2,,Múltiples titulares
10255533,2,,Múltiples titulares
10255534,3,,Múltiples titulares
10255536,3,,Múltiples titulares
10255537,2,,Múltiples titulares
10255538,6,,Múltiples titulares
10255539,1,10337047,Titular único
10255540,1,10337360,Titular único
10255541,2,,Múltiples titulares
10255543,1,802431,Titular único
10255544,1,10337870,Titular único
10255545,1,802092,Titular único
10255546,1,530363,Titular único
10255547,2,,Múltiples titulares
10255549,2,,Múltiples titulares
10255550,3,,Múltiples titulares
10255551,2,,Múltiples titulares
10255552,4,,Múltiples titulares
10255553,6,,Múltiples titulares
10255554,2,,Múltiples titulares
10255555,2,,Múltiples titulares
10255556,2,,Múltiples titulares
10255557,2,,Múltiples titulares
10255558,2,,Múltiples titulares
10255560,1,10324817,Titular único
10255562,1,10337597,Titular único
10255564,2,,Múltiples titulares
10255565,3,,Múltiples titulares
10255571,1,10324241,Titular único
10255572,1,10721897,Titular único
10255573,1,10311323,Titular único
10255575,1,10223255,Titular único
10255581,2,,Múltiples titulares
10255582,3,,Múltiples titulares
10255931,1,10323911,Titular único
10256389,1,10207368,Titular único
10256432,1,432767,Titular único
10256496,1,10204263,Titular único
10256503,1,160743,Titular único
10256526,1,10667197,Titular único
10256631,1,10239080,Titular único
10256634,1,10333681,Titular único
10256645,1,10136201,Titular único
10256701,1,10221226,Titular único
10257011,1,42905,Titular único
10257036,2,,Múltiples titulares
10257038,1,807932,Titular único
10257622,1,353790,Titular único
10257632,1,215329,Titular único
10257644,1,99118,Titular único
10257673,1,10336831,Titular único
10257678,1,11340640,Titular único
10258745,1,523831,Titular único
10258833,1,717686,Titular único
10258835,1,713824,Titular único
10258849,1,798777,Titular único
10258850,1,802021,Titular único
10258858,1,797540,Titular único
10258875,1,717593,Titular único
10258897,1,231819,Titular único
10258899,1,322595,Titular único
10258907,1,10171458,Titular único
10258924,2,,Múltiples titulares
10258968,1,11174970,Titular único
10258999,1,322568,Titular único
10259009,1,12167140,Titular único
10259368,1,10239289,Titular único
10260013,1,81262,Titular único
10260636,1,11068891,Titular único
10261430,1,801722,Titular único
10261528,1,800261,Titular único
10261582,1,800261,Titular único
10262167,1,10522171,Titular único
10262507,1,527303,Titular único
10262524,1,527809,Titular único
10262546,1,530442,Titular único
10262552,1,531553,Titular único
10262576,1,530131,Titular único
10262593,1,522676,Titular único
10262628,1,800606,Titular único
10262653,1,10223401,Titular único
10262701,1,10305709,Titular único
10262738,1,798828,Titular único
10262745,1,794953,Titular único
10262759,1,10262667,Titular único
10262762,1,10223270,Titular único
10262771,1,798407,Titular único
10262774,2,,Múltiples titulares
10262787,1,10245376,Titular único
10262799,1,10244937,Titular único
10262824,1,10101736,Titular único
10262857,1,10101900,Titular único
10262881,2,,Múltiples titulares
10262908,1,257736,Titular único
10262935,1,528864,Titular único
10262938,1,10324539,Titular único
10262939,1,10262934,Titular único
10262969,1,10154683,Titular único
10263203,1,10238612,Titular único
10265366,1,10324690,Titular único
10265501,1,519948,Titular único
10265506,1,933453,Titular único
10265510,1,184919,Titular único
10265517,1,10323565,Titular único
10265518,2,,Múltiples titulares
10265534,1,717018,Titular único
10265547,1,10144762,Titular único
10265562,1,210824,Titular único
10265592,2,,Múltiples titulares
10265594,1,327961,Titular único
10265606,1,528223,Titular único
10265639,1,10229436,Titular único
10265650,1,801580,Titular único
10265660,1,519759,Titular único
10265662,1,10265588,Titular único
10265664,1,73094,Titular único
10265667,2,,Múltiples titulares
10265672,1,854703,Titular único
10265673,1,194632,Titular único
10265677,1,523227,Titular único
10265684,1,15930,Titular único
10265686,1,807947,Titular único
10265697,1,527073,Titular único
10265704,1,10305445,Titular único
10265718,1,530677,Titular único
10265748,1,519733,Titular único
10265749,1,10136199,Titular único
10265750,1,797045,Titular único
10265753,2,,Múltiples titulares
10265760,1,931552,Titular único
10265765,1,808826,Titular único
10265770,2,,Múltiples titulares
10265771,1,10265649,Titular único
10265782,1,10265529,Titular único
10265788,1,10239284,Titular único
10265805,1,10665118,Titular único
10265807,2,,Múltiples titulares
10265809,1,10184113,Titular único
10265819,1,10324735,Titular único
10265820,1,10523949,Titular único
10265821,2,,Múltiples titulares
10265822,1,10265816,Titular único
10265835,2,,Múltiples titulares
10265839,1,10306583,Titular único
10265841,2,,Múltiples titulares
10265842,1,10265633,Titular único
10265844,1,10224073,Titular único
10265847,1,10305969,Titular único
10265851,1,525235,Titular único
10265853,1,10190661,Titular único
10265855,1,10229959,Titular único
10265858,1,10473888,Titular único
10265859,2,,Múltiples titulares
10265862,1,10244714,Titular único
10265864,1,10123400,Titular único
10265865,1,799541,Titular único
10265868,1,10265950,Titular único
10265872,1,10160666,Titular único
10265875,1,10336967,Titular único
10265879,1,10305982,Titular único
10265883,1,10337405,Titular único
10265895,2,,Múltiples titulares
10265900,1,10000077,Titular único
10265905,1,10665118,Titular único
10265907,1,10123437,Titular único
10265908,1,780375,Titular único
10265909,1,10522171,Titular único
10265912,1,10262581,Titular único
10265914,1,794834,Titular único
10265917,1,10324387,Titular único
10265922,1,10191171,Titular único
10265926,1,10136376,Titular único
10266909,1,10522171,Titular único
10267811,1,528397,Titular único
10269268,1,10262811,Titular único
10269474,1,10184416,Titular único
10269511,1,10190872,Titular único
10269542,1,527916,Titular único
10271500,2,,Múltiples titulares
10271501,1,523439,Titular único
10271502,1,519182,Titular único
10271503,1,60148,Titular único
10271505,3,,Múltiples titulares
10271506,3,,Múltiples titulares
10271507,2,,Múltiples titulares
10271510,3,,Múltiples titulares
10271511,3,,Múltiples titulares
10271512,2,,Múltiples titulares
10271514,1,527995,Titular único
10271515,5,,Múltiples titulares
10271516,4,,Múltiples titulares
10271517,3,,Múltiples titulares
10271518,4,,Múltiples titulares
10271519,2,,Múltiples titulares
10271520,2,,Múltiples titulares
10271522,1,798951,Titular único
10271523,2,,Múltiples titulares
10271524,4,,Múltiples titulares
10271525,5,,Múltiples titulares
10271526,3,,Múltiples titulares
10271527,3,,Múltiples titulares
10271528,2,,Múltiples titulares
10271529,4,,Múltiples titulares
10271530,6,,Múltiples titulares
10271531,5,,Múltiples titulares
10271538,1,10153979,Titular único
10271539,4,,Múltiples titulares
10271540,1,206891,Titular único
10272100,1,915162,Titular único
10272101,4,,Múltiples titulares
10272102,5,,Múltiples titulares
10272103,1,802424,Titular único
10272104,6,,Múltiples titulares
10272105,2,,Múltiples titulares
10272107,7,,Múltiples titulares
10272108,3,,Múltiples titulares
10272109,3,,Múltiples titulares
10272111,2,,Múltiples titulares
10272112,2,,Múltiples titulares
10272113,3,,Múltiples titulares
10272114,1,801344,Titular único
10272115,2,,Múltiples titulares
10272116,2,,Múltiples titulares
10272117,4,,Múltiples titulares
10272119,1,529695,Titular único
10272120,3,,Múltiples titulares
10272121,3,,Múltiples titulares
10272123,1,801363,Titular único
10272394,1,10101851,Titular único
10272800,1,388719,Titular único
10272801,2,,Múltiples titulares
10272802,3,,Múltiples titulares
10272803,1,798582,Titular único
10272806,1,524159,Titular único
10272807,1,807556,Titular único
10272808,3,,Múltiples titulares
10272810,6,,Múltiples titulares
10272811,2,,Múltiples titulares
10272812,2,,Múltiples titulares
10272813,1,524291,Titular único
10272815,2,,Múltiples titulares
10272816,1,801948,Titular único
10272817,1,527143,Titular único
10272818,3,,Múltiples titulares
10272821,2,,Múltiples titulares
10272822,2,,Múltiples titulares
10272823,3,,Múltiples titulares
10272824,4,,Múltiples titulares
10272825,3,,Múltiples titulares
10272826,2,,Múltiples titulares
10272827,3,,Múltiples titulares
10272828,1,397790,Titular único
10272829,5,,Múltiples titulares
10272830,2,,Múltiples titulares
10272831,4,,Múltiples titulares
10272832,4,,Múltiples titulares
10272834,2,,Múltiples titulares
10272835,4,,Múltiples titulares
10272836,1,528867,Titular único
10272837,4,,Múltiples titulares
10272838,2,,Múltiples titulares
10272839,8,,Múltiples titulares
10272840,1,353542,Titular único
10272841,3,,Múltiples titulares
10272842,3,,Múltiples titulares
10272843,6,,Múltiples titulares
10272844,3,,Múltiples titulares
10272845,3,,Múltiples titulares
10272846,3,,Múltiples titulares
10272847,2,,Múltiples titulares
10272848,2,,Múltiples titulares
10272849,8,,Múltiples titulares
10272850,2,,Múltiples titulares
10272851,4,,Múltiples titulares
10272852,3,,Múltiples titulares
10272853,1,333663,Titular único
10272855,5,,Múltiples titulares
10272856,2,,Múltiples titulares
10272857,2,,Múltiples titulares
10272858,2,,Múltiples titulares
10272859,5,,Múltiples titulares
10272860,2,,Múltiples titulares
10272861,4,,Múltiples titulares
10272862,1,528159,Titular único
10272863,1,529630,Titular único
10272864,1,10700104,Titular único
10272865,4,,Múltiples titulares
10272866,5,,Múltiples titulares
10272867,4,,Múltiples titulares
10272868,6,,Múltiples titulares
10272869,2,,Múltiples titulares
10272870,5,,Múltiples titulares
10272871,5,,Múltiples titulares
10272872,3,,Múltiples titulares
10272874,3,,Múltiples titulares
10272875,2,,Múltiples titulares
10272876,2,,Múltiples titulares
10272877,4,,Múltiples titulares
10272878,6,,Múltiples titulares
10272879,1,10690531,Titular único
10272880,3,,Múltiples titulares
10272881,1,10191054,Titular único
10272882,4,,Múltiples titulares
10272883,4,,Múltiples titulares
10272884,4,,Múltiples titulares
10272885,4,,Múltiples titulares
10272886,2,,Múltiples titulares
10272887,3,,Múltiples titulares
10272888,1,529792,Titular único
10272889,1,802138,Titular único
10272890,2,,Múltiples titulares
10272891,4,,Múltiples titulares
10272892,1,10239440,Titular único
10272893,2,,Múltiples titulares
10272895,2,,Múltiples titulares
10272896,2,,Múltiples titulares
10272897,2,,Múltiples titulares
10272898,3,,Múltiples titulares
10272899,2,,Múltiples titulares
10272900,6,,Múltiples titulares
10272901,3,,Múltiples titulares
10272902,3,,Múltiples titulares
10272903,4,,Múltiples titulares
10272904,2,,Múltiples titulares
10272905,2,,Múltiples titulares
10272906,2,,Múltiples titulares
10272907,3,,Múltiples titulares
10272908,1,523546,Titular único
10272909,2,,Múltiples titulares
10272910,3,,Múltiples titulares
10272911,3,,Múltiples titulares
10272912,3,,Múltiples titulares
10272913,2,,Múltiples titulares
10272914,4,,Múltiples titulares
10272915,4,,Múltiples titulares
10272917,6,,Múltiples titulares
10272918,1,521579,Titular único
10272919,1,10709534,Titular único
10272920,5,,Múltiples titulares
10272921,3,,Múltiples titulares
10272922,3,,Múltiples titulares
10272923,7,,Múltiples titulares
10272924,1,657953,Titular único
10272925,2,,Múltiples titulares
10272926,5,,Múltiples titulares
10272927,4,,Múltiples titulares
10272928,2,,Múltiples titulares
10272929,2,,Múltiples titulares
10272930,2,,Múltiples titulares
10272931,5,,Múltiples titulares
10272932,3,,Múltiples titulares
10272933,3,,Múltiples titulares
10272934,1,10711678,Titular único
10272935,6,,Múltiples titulares
10272936,5,,Múltiples titulares
10272937,3,,Múltiples titulares
10272938,3,,Múltiples titulares
10272939,3,,Múltiples titulares
10272940,5,,Múltiples titulares
10272941,5,,Múltiples titulares
10272942,4,,Múltiples titulares
10272943,5,,Múltiples titulares
10272944,2,,Múltiples titulares
10272945,3,,Múltiples titulares
10272946,1,539350,Titular único
10272947,2,,Múltiples titulares
10272948,1,10101763,Titular único
10272949,3,,Múltiples titulares
10272951,2,,Múltiples titulares
10272952,1,86493,Titular único
10272953,3,,Múltiples titulares
10272954,3,,Múltiples titulares
10272955,1,404373,Titular único
10272956,2,,Múltiples titulares
10272957,1,529159,Titular único
10272959,2,,Múltiples titulares
10272960,3,,Múltiples titulares
10272961,4,,Múltiples titulares
10272963,2,,Múltiples titulares
10272964,2,,Múltiples titulares
10272965,1,10190292,Titular único
10272966,1,10184356,Titular único
10272967,2,,Múltiples titulares
10272968,2,,Múltiples titulares
10272969,1,10160082,Titular único
10272970,2,,Múltiples titulares
10272974,1,197088,Titular único
10272975,3,,Múltiples titulares
10272976,2,,Múltiples titulares
10273990,2,,Múltiples titulares
10274001,1,46773,Titular único
10274004,2,,Múltiples titulares
10274005,1,10123244,Titular único
10274006,2,,Múltiples titulares
10274008,2,,Múltiples titulares
10274009,1,524379,Titular único
10274011,2,,Múltiples titulares
10274012,1,396787,Titular único
10274013,2,,Múltiples titulares
10274016,1,525851,Titular único
10274017,1,529526,Titular único
10274018,1,531647,Titular único
10274019,4,,Múltiples titulares
10274020,1,10337044,Titular único
10274021,1,524622,Titular único
10274022,1,802262,Titular único
10274024,4,,Múltiples titulares
10274025,3,,Múltiples titulares
10274027,1,523518,Titular único
10274029,2,,Múltiples titulares
10274030,1,11295156,Titular único
10274031,2,,Múltiples titulares
10274032,1,797096,Titular único
10275206,1,159905,Titular único
10275207,1,528700,Titular único
10275210,1,794462,Titular único
10275214,1,241914,Titular único
10275215,1,798226,Titular único
10275216,1,530485,Titular único
10275217,1,655555,Titular único
10275218,3,,Múltiples titulares
10275219,2,,Múltiples titulares
10275221,1,528591,Titular único
10275222,1,797261,Titular único
10275224,1,525225,Titular único
10275226,1,793129,Titular único
10275227,2,,Múltiples titulares
10275228,1,523748,Titular único
10275235,2,,Múltiples titulares
10275236,1,530368,Titular único
10275237,1,114510,Titular único
10275238,1,194492,Titular único
10275240,3,,Múltiples titulares
10275241,1,529003,Titular único
10275242,2,,Múltiples titulares
10275243,1,796609,Titular único
10275244,1,206890,Titular único
10275245,1,797576,Titular único
10275246,1,802358,Titular único
10275247,1,10238844,Titular único
10275248,2,,Múltiples titulares
10275249,1,530127,Titular único
10275250,2,,Múltiples titulares
10275253,1,528835,Titular único
10275256,3,,Múltiples titulares
10275259,1,530475,Titular único
10275262,1,10244831,Titular único
10275266,1,528385,Titular único
10275267,2,,Múltiples titulares
10275268,1,10311279,Titular único
10275269,1,803708,Titular único
10275270,1,10101697,Titular único
10275272,1,531294,Titular único
10275273,2,,Múltiples titulares
10275274,2,,Múltiples titulares
10275275,2,,Múltiples titulares
10275276,1,10135822,Titular único
10275277,1,802418,Titular único
10275278,1,59728,Titular único
10275280,2,,Múltiples titulares
10275281,2,,Múltiples titulares
10275282,1,525466,Titular único
10275285,1,10245153,Titular único
10275286,1,801207,Titular único
10275287,3,,Múltiples titulares
10275288,2,,Múltiples titulares
10275291,1,742608,Titular único
10275294,1,400285,Titular único
10275295,1,10337334,Titular único
10275299,2,,Múltiples titulares
10275300,2,,Múltiples titulares
10275302,3,,Múltiples titulares
10275303,3,,Múltiples titulares
10275305,3,,Múltiples titulares
10275312,3,,Múltiples titulares
10275313,1,10337597,Titular único
10275314,1,10324184,Titular único
10275315,1,930905,Titular único
10275317,1,10265610,Titular único
10275321,1,783229,Titular único
10275322,1,10337141,Titular único
10275323,2,,Múltiples titulares
10275328,2,,Múltiples titulares
10275329,1,381448,Titular único
10275330,1,794930,Titular único
10275331,2,,Múltiples titulares
10275332,1,798568,Titular único
10275333,1,10336878,Titular único
10275334,1,984322,Titular único
10275336,1,795823,Titular único
10275338,1,10336816,Titular único
10275339,1,10337593,Titular único
10275341,5,,Múltiples titulares
10275342,3,,Múltiples titulares
10275343,2,,Múltiples titulares
10275345,5,,Múltiples titulares
10275346,1,10135925,Titular único
10275347,1,10136572,Titular único
10275348,4,,Múltiples titulares
10275349,1,10337313,Titular único
10275351,2,,Múltiples titulares
10275352,1,10882957,Titular único
10275353,1,797285,Titular único
10275354,1,552305,Titular único
10275355,3,,Múltiples titulares
10275356,1,528511,Titular único
10275357,3,,Múltiples titulares
10275358,2,,Múltiples titulares
10275359,2,,Múltiples titulares
10275360,2,,Múltiples titulares
10275361,3,,Múltiples titulares
10275363,2,,Múltiples titulares
10275364,2,,Múltiples titulares
10275366,1,10336792,Titular único
10275367,2,,Múltiples titulares
10275368,1,528336,Titular único
10275369,1,10230151,Titular único
10275386,1,771610,Titular único
10275528,1,10336795,Titular único
10276608,1,716109,Titular único
10276615,1,215271,Titular único
10276618,1,717257,Titular único
10276619,1,435697,Titular único
10277405,1,530469,Titular único
10278006,1,432723,Titular único
10278022,1,985494,Titular único
10278053,1,717516,Titular único
10278069,1,11521923,Titular único
10278070,1,153745,Titular único
10278108,1,11524368,Titular único
10278873,1,10208101,Titular único
10279412,2,,Múltiples titulares
10279435,1,431478,Titular único
10279491,1,712543,Titular único
10279520,1,552379,Titular único
10279524,1,713529,Titular único
10279562,1,83212,Titular único
10279589,1,10407635,Titular único
10279638,1,712409,Titular único
10279983,1,394204,Titular único
10280045,1,394289,Titular único
10280141,1,10688142,Titular único
10280161,1,439194,Titular único
10280187,1,10403573,Titular único
10280202,1,10280170,Titular único
10280245,1,10015910,Titular único
10281412,1,771929,Titular único
10281493,1,10123736,Titular único
10281524,1,10184457,Titular único
10281526,1,807372,Titular único
10281530,1,800554,Titular único
10282875,1,526616,Titular único
10284001,1,109435,Titular único
10284002,1,124468,Titular único
10284003,1,10323728,Titular único
10284004,4,,Múltiples titulares
10284006,1,799150,Titular único
10284007,1,10324217,Titular único
10284011,2,,Múltiples titulares
10284012,1,530411,Titular único
10284017,2,,Múltiples titulares
10284018,2,,Múltiples titulares
10284019,1,288702,Titular único
10284022,1,10123352,Titular único
10284024,1,531253,Titular único
10284026,1,523920,Titular único
10284027,2,,Múltiples titulares
10284028,1,10207729,Titular único
10284029,2,,Múltiples titulares
10284032,1,10207567,Titular único
10284034,1,10207492,Titular único
10284035,1,10207518,Titular único
10284036,1,10208017,Titular único
10284039,1,797794,Titular único
10284040,2,,Múltiples titulares
10284044,2,,Múltiples titulares
10284045,2,,Múltiples titulares
10284046,2,,Múltiples titulares
10284047,1,771941,Titular único
10284048,2,,Múltiples titulares
10284049,1,841044,Titular único
10284050,3,,Múltiples titulares
10284051,1,10207571,Titular único
10284052,1,10208231,Titular único
10284053,2,,Múltiples titulares
10284054,3,,Múltiples titulares
10284056,4,,Múltiples titulares
10284058,1,10706036,Titular único
10284059,1,10229808,Titular único
10284060,1,10207501,Titular único
10284065,3,,Múltiples titulares
10284094,1,10154208,Titular único
10284400,7,,Múltiples titulares
10284401,4,,Múltiples titulares
10284402,8,,Múltiples titulares
10284403,4,,Múltiples titulares
10284404,5,,Múltiples titulares
10284405,4,,Múltiples titulares
10284406,4,,Múltiples titulares
10284407,3,,Múltiples titulares
10284408,9,,Múltiples titulares
10284409,9,,Múltiples titulares
10284410,7,,Múltiples titulares
10284411,8,,Múltiples titulares
10284412,11,,Múltiples titulares
10284413,14,,Múltiples titulares
10284414,5,,Múltiples titulares
10284415,4,,Múltiples titulares
10284416,6,,Múltiples titulares
10284417,4,,Múltiples titulares
10284418,1,808274,Titular único
10284419,3,,Múltiples titulares
10284420,7,,Múltiples titulares
10284421,3,,Múltiples titulares
10284422,6,,Múltiples titulares
10284423,5,,Múltiples titulares
10284424,9,,Múltiples titulares
10284425,10,,Múltiples titulares
10284426,3,,Múltiples titulares
10284427,4,,Múltiples titulares
10284428,11,,Múltiples titulares
10284429,7,,Múltiples titulares
10284430,4,,Múltiples titulares
10284431,4,,Múltiples titulares
10284432,4,,Múltiples titulares
10284433,2,,Múltiples titulares
10284434,4,,Múltiples titulares
10284435,7,,Múltiples titulares
10284436,7,,Múltiples titulares
10284437,2,,Múltiples titulares
10284438,8,,Múltiples titulares
10284439,3,,Múltiples titulares
10284440,4,,Múltiples titulares
10284441,7,,Múltiples titulares
10284442,5,,Múltiples titulares
10284443,7,,Múltiples titulares
10284444,5,,Múltiples titulares
10284445,5,,Múltiples titulares
10284446,4,,Múltiples titulares
10284447,4,,Múltiples titulares
10284448,2,,Múltiples titulares
10284450,4,,Múltiples titulares
10284451,4,,Múltiples titulares
10284452,4,,Múltiples titulares
10284518,1,11337756,Titular único
10284800,2,,Múltiples titulares
10284802,4,,Múltiples titulares
10284803,1,531650,Titular único
10284804,2,,Múltiples titulares
10284805,4,,Múltiples titulares
10284806,1,521778,Titular único
10284807,4,,Múltiples titulares
10284808,2,,Múltiples titulares
10284810,1,523330,Titular único
10284811,6,,Múltiples titulares
10284812,3,,Múltiples titulares
10284813,1,10207241,Titular único
10284814,2,,Múltiples titulares
10284815,2,,Múltiples titulares
10284816,3,,Múltiples titulares
10284819,2,,Múltiples titulares
10284820,1,716679,Titular único
10284822,1,518209,Titular único
10284823,1,521243,Titular único
10284824,1,531051,Titular único
10284826,1,800139,Titular único
10284827,1,798743,Titular único
10284829,2,,Múltiples titulares
10284831,2,,Múltiples titulares
10284832,1,207403,Titular único
10284833,2,,Múltiples titulares
10284834,2,,Múltiples titulares
10284835,3,,Múltiples titulares
10284836,1,530374,Titular único
10284837,2,,Múltiples titulares
10284838,1,525390,Titular único
10284839,2,,Múltiples titulares
10284840,2,,Múltiples titulares
10284841,3,,Múltiples titulares
10284842,3,,Múltiples titulares
10284844,1,807960,Titular único
10284845,1,807958,Titular único
10284847,3,,Múltiples titulares
10284848,1,801674,Titular único
10284849,4,,Múltiples titulares
10284852,2,,Múltiples titulares
10284853,1,10324039,Titular único
10284854,2,,Múltiples titulares
10284855,1,530658,Titular único
10284856,4,,Múltiples titulares
10284857,5,,Múltiples titulares
10284858,2,,Múltiples titulares
10284859,1,802192,Titular único
10284860,1,10244843,Titular único
10284862,1,799212,Titular único
10284863,1,523523,Titular único
10284867,4,,Múltiples titulares
10284868,3,,Múltiples titulares
10284869,3,,Múltiples titulares
10284870,1,523960,Titular único
10284871,3,,Múltiples titulares
10284872,1,538928,Titular único
10284873,1,807298,Titular único
10284874,3,,Múltiples titulares
10284875,2,,Múltiples titulares
10284876,2,,Múltiples titulares
10284877,2,,Múltiples titulares
10284878,3,,Múltiples titulares
10284879,2,,Múltiples titulares
10284880,1,800561,Titular único
10284882,5,,Múltiples titulares
10284883,2,,Múltiples titulares
10284884,2,,Múltiples titulares
10284885,2,,Múltiples titulares
10284886,1,10324010,Titular único
10284887,1,528899,Titular único
10284888,3,,Múltiples titulares
10284889,1,528785,Titular único
10284891,2,,Múltiples titulares
10284892,2,,Múltiples titulares
10284893,3,,Múltiples titulares
10284894,2,,Múltiples titulares
10284895,2,,Múltiples titulares
10284897,2,,Múltiples titulares
10284898,7,,Múltiples titulares
10284899,2,,Múltiples titulares
10284900,2,,Múltiples titulares
10284901,2,,Múltiples titulares
10284903,2,,Múltiples titulares
10284904,1,10238927,Titular único
10284905,2,,Múltiples titulares
10284906,2,,Múltiples titulares
10284907,1,808149,Titular único
10284908,1,10159966,Titular único
10284909,1,800112,Titular único
10284910,4,,Múltiples titulares
10284911,4,,Múltiples titulares
10284912,1,553024,Titular único
10284914,2,,Múltiples titulares
10284915,3,,Múltiples titulares
10284916,1,530973,Titular único
10284917,2,,Múltiples titulares
10284918,2,,Múltiples titulares
10284920,1,808950,Titular único
10284921,1,526916,Titular único
10284922,1,10229314,Titular único
10284923,4,,Múltiples titulares
10284926,1,10305225,Titular único
10284927,2,,Múltiples titulares
10284928,4,,Múltiples titulares
10284930,5,,Múltiples titulares
10284931,1,527918,Titular único
10284932,1,10223277,Titular único
10284933,4,,Múltiples titulares
10284934,8,,Múltiples titulares
10284935,6,,Múltiples titulares
10284936,1,807940,Titular único
10284937,1,798957,Titular único
10284938,1,807932,Titular único
10284939,4,,Múltiples titulares
10284940,1,520109,Titular único
10284941,2,,Múltiples titulares
10284942,1,10229555,Titular único
10284943,1,183973,Titular único
10284944,3,,Múltiples titulares
10284945,7,,Múltiples titulares
10284946,2,,Múltiples titulares
10284947,3,,Múltiples titulares
10284948,6,,Múltiples titulares
10284949,3,,Múltiples titulares
10284950,2,,Múltiples titulares
10284951,5,,Múltiples titulares
10284952,1,131753,Titular único
10284953,1,10262662,Titular único
10284954,2,,Múltiples titulares
10284955,3,,Múltiples titulares
10284956,5,,Múltiples titulares
10284957,1,10324130,Titular único
10284958,2,,Múltiples titulares
10284959,5,,Múltiples titulares
10284960,2,,Múltiples titulares
10284961,6,,Múltiples titulares
10284962,2,,Múltiples titulares
10284963,3,,Múltiples titulares
10284964,1,528260,Titular único
10284965,2,,Múltiples titulares
10284966,1,10306462,Titular único
10284967,1,522363,Titular único
10284968,4,,Múltiples titulares
10284969,2,,Múltiples titulares
10284970,3,,Múltiples titulares
10284971,3,,Múltiples titulares
10284972,3,,Múltiples titulares
10284973,8,,Múltiples titulares
10284974,7,,Múltiples titulares
10284975,2,,Múltiples titulares
10284976,4,,Múltiples titulares
10284977,2,,Múltiples titulares
10284978,3,,Múltiples titulares
10284979,1,800359,Titular único
10284980,4,,Múltiples titulares
10284981,3,,Múltiples titulares
10284982,1,10305641,Titular único
10284983,3,,Múltiples titulares
10284984,1,528830,Titular único
10284985,3,,Múltiples titulares
10284986,3,,Múltiples titulares
10284987,2,,Múltiples titulares
10284988,5,,Múltiples titulares
10284989,1,530537,Titular único
10284990,1,527867,Titular único
10284991,2,,Múltiples titulares
10284992,3,,Múltiples titulares
10284993,3,,Múltiples titulares
10284994,5,,Múltiples titulares
10284995,3,,Múltiples titulares
10284997,8,,Múltiples titulares
10284998,4,,Múltiples titulares
10284999,1,799790,Titular único
10285393,1,528720,Titular único
10286202,2,,Múltiples titulares
10286203,1,10136106,Titular único
10286205,2,,Múltiples titulares
10286207,2,,Múltiples titulares
10286209,2,,Múltiples titulares
10286210,2,,Múltiples titulares
10286211,3,,Múltiples titulares
10286213,2,,Múltiples titulares
10286214,1,86493,Titular único
10286215,2,,Múltiples titulares
10286216,1,10337035,Titular único
10286218,1,10311593,Titular único
10286219,1,142954,Titular único
10286220,3,,Múltiples titulares
10286222,2,,Múltiples titulares
10286223,4,,Múltiples titulares
10286224,4,,Múltiples titulares
10286225,2,,Múltiples titulares
10286417,1,11048673,Titular único
10286602,1,524689,Titular único
10286604,1,530466,Titular único
10286610,1,801217,Titular único
10286612,1,797614,Titular único
10286615,1,807257,Titular único
10286617,1,10238844,Titular único
10286626,1,10238667,Titular único
10286627,2,,Múltiples titulares
10286628,2,,Múltiples titulares
10286629,1,780277,Titular único
10286637,2,,Múltiples titulares
10286639,1,10337033,Titular único
10286640,2,,Múltiples titulares
10286641,1,15928,Titular único
10286642,1,799737,Titular único
10286643,1,10337369,Titular único
10286644,1,10649825,Titular único
10286650,1,719862,Titular único
10286653,1,10238981,Titular único
10286655,1,10135941,Titular único
10286656,1,525256,Titular único
10286660,2,,Múltiples titulares
10286662,1,10238736,Titular único
10286666,1,528608,Titular único
10286667,1,10239020,Titular único
10286668,2,,Múltiples titulares
10286669,2,,Múltiples titulares
10286672,2,,Múltiples titulares
10286673,3,,Múltiples titulares
10286674,1,527269,Titular único
10286675,1,10973322,Titular único
10286676,3,,Múltiples titulares
10286677,1,59760,Titular único
10286682,1,530074,Titular único
10286683,3,,Múltiples titulares
10286684,2,,Múltiples titulares
10286685,1,354212,Titular único
10286686,2,,Múltiples titulares
10286687,1,801209,Titular único
10286692,1,802046,Titular único
10286693,1,719492,Titular único
10286694,4,,Múltiples titulares
10286696,1,10238985,Titular único
10286697,1,10136245,Titular único
10286698,1,530307,Titular único
10286699,1,10238868,Titular único
10286700,1,10102331,Titular único
10286701,1,10239502,Titular único
10286703,1,115113,Titular único
10286705,2,,Múltiples titulares
10286709,1,10005870,Titular único
10286710,1,156460,Titular único
10286762,1,527039,Titular único
10286800,1,528682,Titular único
10286801,1,10135988,Titular único
10286803,2,,Múltiples titulares
10286804,3,,Múltiples titulares
10286808,1,527509,Titular único
10286809,1,807757,Titular único
10286810,1,797258,Titular único
10286813,2,,Múltiples titulares
10286815,1,10135934,Titular único
10286818,1,10101826,Titular único
10286822,1,10229388,Titular único
10286823,2,,Múltiples titulares
10286826,1,10311328,Titular único
10286828,2,,Múltiples titulares
10286829,1,797364,Titular único
10286830,1,531555,Titular único
10286831,2,,Múltiples titulares
10286832,2,,Múltiples titulares
10286835,3,,Múltiples titulares
10286836,1,10239161,Titular único
10286837,2,,Múltiples titulares
10287001,1,529594,Titular único
10287002,1,10207344,Titular único
10287005,1,531352,Titular único
10287007,1,10736699,Titular único
10287009,1,10727034,Titular único
10287010,1,10736991,Titular único
10287012,2,,Múltiples titulares
10287014,1,520651,Titular único
10287016,2,,Múltiples titulares
10287019,3,,Múltiples titulares
10287200,3,,Múltiples titulares
10287201,3,,Múltiples titulares
10287202,6,,Múltiples titulares
10287203,5,,Múltiples titulares
10287204,5,,Múltiples titulares
10287205,2,,Múltiples titulares
10287207,2,,Múltiples titulares
10287208,4,,Múltiples titulares
10287209,1,10184136,Titular único
10287210,2,,Múltiples titulares
10287211,3,,Múltiples titulares
10287212,4,,Múltiples titulares
10287214,2,,Múltiples titulares
10287215,1,10305715,Titular único
10287216,2,,Múltiples titulares
10287217,2,,Múltiples titulares
10287218,4,,Múltiples titulares
10287219,2,,Múltiples titulares
10287220,7,,Múltiples titulares
10287221,1,10265721,Titular único
10287222,5,,Múltiples titulares
10287223,2,,Múltiples titulares
10287224,2,,Múltiples titulares
10287225,4,,Múltiples titulares
10287226,4,,Múltiples titulares
10287227,4,,Múltiples titulares
10287228,7,,Múltiples titulares
10287229,6,,Múltiples titulares
10287230,3,,Múltiples titulares
10287231,3,,Múltiples titulares
10287232,2,,Múltiples titulares
10287233,2,,Múltiples titulares
10287234,1,797186,Titular único
10287235,3,,Múltiples titulares
10287236,2,,Múltiples titulares
10287237,3,,Múltiples titulares
10287238,3,,Múltiples titulares
10287239,4,,Múltiples titulares
10287240,4,,Múltiples titulares
10287241,3,,Múltiples titulares
10287242,2,,Múltiples titulares
10287243,1,10324341,Titular único
10287244,6,,Múltiples titulares
10287245,6,,Múltiples titulares
10287246,2,,Múltiples titulares
10287247,3,,Múltiples titulares
10287248,4,,Múltiples titulares
10287249,3,,Múltiples titulares
10287250,3,,Múltiples titulares
10287251,2,,Múltiples titulares
10287252,1,10142886,Titular único
10287253,1,10154539,Titular único
10287254,2,,Múltiples titulares
10287255,1,10190071,Titular único
10287256,3,,Múltiples titulares
10287258,1,10154167,Titular único
10287259,2,,Múltiples titulares
10287261,2,,Múltiples titulares
10287262,1,10184318,Titular único
10287263,2,,Múltiples titulares
10287264,1,10766505,Titular único
10287800,1,10229493,Titular único
10287801,1,529699,Titular único
10287804,1,528309,Titular único
10287806,1,802451,Titular único
10287807,1,521616,Titular único
10287809,1,808968,Titular único
10287810,1,530753,Titular único
10287811,1,528397,Titular único
10287812,5,,Múltiples titulares
10287815,1,527614,Titular único
10287820,1,302304,Titular único
10287822,1,787005,Titular único
10287825,1,530368,Titular único
10287826,1,519631,Titular único
10287827,3,,Múltiples titulares
10287830,2,,Múltiples titulares
10287834,1,797435,Titular único
10287835,1,924494,Titular único
10287836,1,797178,Titular único
10287842,2,,Múltiples titulares
10287843,1,538918,Titular único
10287844,3,,Múltiples titulares
10287847,3,,Múltiples titulares
10287849,2,,Múltiples titulares
10287850,1,10229563,Titular único
10287852,2,,Múltiples titulares
10287854,2,,Múltiples titulares
10287855,1,802595,Titular único
10287859,1,10337203,Titular único
10287860,1,522314,Titular único
10287861,2,,Múltiples titulares
10287866,1,521994,Titular único
10287867,2,,Múltiples titulares
10287868,2,,Múltiples titulares
10287869,1,527539,Titular único
10287870,1,10305300,Titular único
10287872,1,10136000,Titular único
10287874,2,,Múltiples titulares
10287876,1,10223748,Titular único
10287878,1,10311530,Titular único
10287880,4,,Múltiples titulares
10287881,1,10262759,Titular único
10287882,1,10688075,Titular único
10287884,1,10778603,Titular único
10287885,2,,Múltiples titulares
10287887,1,10230056,Titular único
10287890,1,10245033,Titular único
10287891,3,,Múltiples titulares
10287892,1,10136285,Titular único
10287893,1,798191,Titular único
10287894,1,10337375,Titular único
10287896,1,10223610,Titular único
10287897,1,10244798,Titular único
10287898,3,,Múltiples titulares
10287899,1,10337299,Titular único
10287900,1,10337586,Titular único
10287903,1,10123222,Titular único
10287904,2,,Múltiples titulares
10287906,1,10337468,Titular único
10287907,2,,Múltiples titulares
10287909,1,528373,Titular único
10287910,1,10154484,Titular único
10288001,1,10033687,Titular único
10288002,3,,Múltiples titulares
10288003,1,10323781,Titular único
10288004,1,10336792,Titular único
10288005,1,10336929,Titular único
10288006,1,530507,Titular único
10288007,2,,Múltiples titulares
10288009,1,10756552,Titular único
10288010,2,,Múltiples titulares
10288011,1,807206,Titular único
10288013,3,,Múltiples titulares
10288202,1,10123246,Titular único
10288206,1,10694746,Titular único
10288208,1,10123520,Titular único
10288209,1,10123789,Titular único
10288212,3,,Múltiples titulares
10288214,1,10123736,Titular único
10288215,2,,Múltiples titulares
10288216,1,10245501,Titular único
10288298,1,10124432,Titular único
10288340,1,10223234,Titular único
10288404,1,527609,Titular único
10288405,1,11046985,Titular único
10288406,1,10305262,Titular único
10288412,2,,Múltiples titulares
10288415,1,780761,Titular único
10288416,1,796112,Titular único
10288429,2,,Múltiples titulares
10288430,1,10223234,Titular único
10288431,1,934783,Titular único
10288432,2,,Múltiples titulares
10288433,1,10123556,Titular único
10288434,3,,Múltiples titulares
10288435,1,10516554,Titular único
10288437,3,,Múltiples titulares
10288438,4,,Múltiples titulares
10288439,2,,Múltiples titulares
10288489,1,10190775,Titular único
10288600,2,,Múltiples titulares
10288603,2,,Múltiples titulares
10288605,1,932941,Titular único
10288606,3,,Múltiples titulares
10288607,1,807354,Titular único
10288609,2,,Múltiples titulares
10288610,4,,Múltiples titulares
10288611,2,,Múltiples titulares
10288612,2,,Múltiples titulares
10288613,1,530416,Titular único
10288614,2,,Múltiples titulares
10288616,2,,Múltiples titulares
10288617,1,10245503,Titular único
10288618,3,,Múltiples titulares
10288619,1,10229330,Titular único
10288620,4,,Múltiples titulares
10288621,1,523159,Titular único
10288622,2,,Múltiples titulares
10288623,1,795196,Titular único
10288624,1,10135929,Titular único
10288625,1,10123194,Titular único
10288626,4,,Múltiples titulares
10288627,1,522185,Titular único
10288628,1,10735070,Titular único
10288629,1,802316,Titular único
10288630,3,,Múltiples titulares
10288631,2,,Múltiples titulares
10288632,4,,Múltiples titulares
10288633,6,,Múltiples titulares
10288634,1,530024,Titular único
10288635,1,795069,Titular único
10288636,2,,Múltiples titulares
10288637,3,,Múltiples titulares
10288638,1,373992,Titular único
10288639,2,,Múltiples titulares
10288640,1,521752,Titular único
10288642,3,,Múltiples titulares
10288643,2,,Múltiples titulares
10288644,1,288802,Titular único
10288645,3,,Múltiples titulares
10288646,1,530394,Titular único
10288647,1,538915,Titular único
10288648,1,808535,Titular único
10288649,3,,Múltiples titulares
10288651,2,,Múltiples titulares
10288652,4,,Múltiples titulares
10288653,2,,Múltiples titulares
10288654,3,,Múltiples titulares
10288655,3,,Múltiples titulares
10288656,2,,Múltiples titulares
10288657,2,,Múltiples titulares
10288658,2,,Múltiples titulares
10288659,2,,Múltiples titulares
10288660,6,,Múltiples titulares
10288661,5,,Múltiples titulares
10288664,4,,Múltiples titulares
10288665,1,529613,Titular único
10288666,1,801692,Titular único
10288667,1,797375,Titular único
10288668,1,38387,Titular único
10288670,2,,Múltiples titulares
10288671,2,,Múltiples titulares
10288672,2,,Múltiples titulares
10288673,5,,Múltiples titulares
10288674,2,,Múltiples titulares
10288675,4,,Múltiples titulares
10288676,3,,Múltiples titulares
10288677,2,,Múltiples titulares
10288678,4,,Múltiples titulares
10288679,1,531320,Titular único
10288680,3,,Múltiples titulares
10288681,3,,Múltiples titulares
10288682,1,10305576,Titular único
10288683,5,,Múltiples titulares
10288684,6,,Múltiples titulares
10288685,4,,Múltiples titulares
10288686,3,,Múltiples titulares
10288689,1,802131,Titular único
10288690,3,,Múltiples titulares
10288691,4,,Múltiples titulares
10288692,2,,Múltiples titulares
10288693,2,,Múltiples titulares
10288694,2,,Múltiples titulares
10288695,3,,Múltiples titulares
10288696,4,,Múltiples titulares
10288697,3,,Múltiples titulares
10288698,7,,Múltiples titulares
10288699,3,,Múltiples titulares
10288701,1,796951,Titular único
10288702,3,,Múltiples titulares
10288703,3,,Múltiples titulares
10288704,4,,Múltiples titulares
10288705,5,,Múltiples titulares
10288706,4,,Múltiples titulares
10288707,3,,Múltiples titulares
10288708,1,802543,Titular único
10288709,3,,Múltiples titulares
10288710,1,914328,Titular único
10288711,1,115108,Titular único
10288712,2,,Múltiples titulares
10288713,2,,Múltiples titulares
10288714,5,,Múltiples titulares
10288715,2,,Múltiples titulares
10288716,2,,Múltiples titulares
10288717,2,,Múltiples titulares
10288718,2,,Múltiples titulares
10288719,2,,Múltiples titulares
10288720,1,11203522,Titular único
10288721,2,,Múltiples titulares
10288722,4,,Múltiples titulares
10288723,3,,Múltiples titulares
10288724,2,,Múltiples titulares
10288725,1,10735032,Titular único
10288726,6,,Múltiples titulares
10288727,3,,Múltiples titulares
10288728,2,,Múltiples titulares
10288730,3,,Múltiples titulares
10288731,5,,Múltiples titulares
10288732,2,,Múltiples titulares
10288733,2,,Múltiples titulares
10288734,3,,Múltiples titulares
10288735,4,,Múltiples titulares
10288736,4,,Múltiples titulares
10288737,3,,Múltiples titulares
10288738,4,,Múltiples titulares
10288739,3,,Múltiples titulares
10288740,5,,Múltiples titulares
10288741,1,801432,Titular único
10288743,5,,Múltiples titulares
10288744,2,,Múltiples titulares
10288745,3,,Múltiples titulares
10288746,3,,Múltiples titulares
10288747,1,801096,Titular único
10288748,2,,Múltiples titulares
10288749,4,,Múltiples titulares
10288750,3,,Múltiples titulares
10288751,2,,Múltiples titulares
10288752,1,528393,Titular único
10288753,1,798166,Titular único
10288754,1,10022775,Titular único
10288755,6,,Múltiples titulares
10288757,4,,Múltiples titulares
10288758,3,,Múltiples titulares
10288759,1,10142435,Titular único
10288760,1,199555,Titular único
10288761,5,,Múltiples titulares
10288762,2,,Múltiples titulares
10288763,3,,Múltiples titulares
10288764,4,,Múltiples titulares
10288765,1,10245201,Titular único
10288766,2,,Múltiples titulares
10288767,5,,Múltiples titulares
10288768,4,,Múltiples titulares
10288769,2,,Múltiples titulares
10288772,5,,Múltiples titulares
10288773,3,,Múltiples titulares
10288774,1,10305893,Titular único
10288775,1,799058,Titular único
10288777,1,804433,Titular único
10288801,1,531322,Titular único
10288803,1,10305384,Titular único
10288807,1,743282,Titular único
10288808,1,807699,Titular único
10288811,1,634538,Titular único
10288813,2,,Múltiples titulares
10288814,2,,Múltiples titulares
10288818,2,,Múltiples titulares
10288819,3,,Múltiples titulares
10288822,1,10223365,Titular único
10288823,1,522492,Titular único
10288824,2,,Múltiples titulares
10288825,2,,Múltiples titulares
10288826,1,525084,Titular único
10288828,2,,Múltiples titulares
10288829,2,,Múltiples titulares
10288832,1,787596,Titular único
10288833,2,,Múltiples titulares
10288835,2,,Múltiples titulares
10288836,1,527674,Titular único
10288838,1,10123461,Titular único
10288840,3,,Múltiples titulares
10288841,2,,Múltiples titulares
10288847,1,10678965,Titular único
10288848,1,194803,Titular único
10288850,2,,Múltiples titulares
10288852,2,,Múltiples titulares
10288853,1,10184078,Titular único
10288854,1,247300,Titular único
10288855,1,802169,Titular único
10288856,1,530971,Titular único
10288858,2,,Múltiples titulares
10288860,2,,Múltiples titulares
10288862,1,528427,Titular único
10288863,1,529711,Titular único
10288865,1,731884,Titular único
10288867,3,,Múltiples titulares
10288868,4,,Múltiples titulares
10288873,3,,Múltiples titulares
10288874,1,10305679,Titular único
10288878,1,890038,Titular único
10288881,2,,Múltiples titulares
10288882,1,10305230,Titular único
10288884,2,,Múltiples titulares
10288886,1,11127867,Titular único
10288887,1,11104466,Titular único
10288889,1,10306482,Titular único
10288890,1,10244944,Titular único
10288893,1,10323582,Titular único
10288895,1,10306074,Titular único
10288896,1,800309,Titular único
10288898,2,,Múltiples titulares
10288900,1,10223329,Titular único
10288901,4,,Múltiples titulares
10288902,1,10124179,Titular único
10288904,4,,Múltiples titulares
10288905,1,11046985,Titular único
10288907,2,,Múltiples titulares
10288908,3,,Múltiples titulares
10288909,2,,Múltiples titulares
10288911,2,,Múltiples titulares
10288913,1,10154135,Titular único
10288914,2,,Múltiples titulares
10288915,1,807692,Titular único
10288916,2,,Múltiples titulares
10288917,1,657993,Titular único
10288918,2,,Múltiples titulares
10288919,2,,Múltiples titulares
10288920,1,529845,Titular único
10288921,3,,Múltiples titulares
10288922,1,11164385,Titular único
10288923,2,,Múltiples titulares
10288924,4,,Múltiples titulares
10288925,2,,Múltiples titulares
10288927,1,10223396,Titular único
10288928,2,,Múltiples titulares
10288929,1,530797,Titular único
10288930,2,,Múltiples titulares
10288931,2,,Múltiples titulares
10288932,1,88315,Titular único
10288934,1,529938,Titular único
10288935,1,10160199,Titular único
10288936,2,,Múltiples titulares
10288938,1,10305952,Titular único
10288942,1,10306461,Titular único
10288945,3,,Múltiples titulares
10288946,3,,Múltiples titulares
10288947,2,,Múltiples titulares
10288949,1,10306185,Titular único
10288950,1,799777,Titular único
10288951,1,10160611,Titular único
10288952,3,,Múltiples titulares
10288953,1,10305235,Titular único
10288955,1,10142025,Titular único
10288956,4,,Múltiples titulares
10288958,1,934138,Titular único
10288959,2,,Múltiples titulares
10288960,1,10305895,Titular único
10288961,1,12334911,Titular único
10288962,2,,Múltiples titulares
10288964,1,802230,Titular único
10288965,1,10306132,Titular único
10288967,1,10792914,Titular único
10288970,1,10306045,Titular único
10288975,1,10305658,Titular único
10288978,1,10124330,Titular único
10289001,2,,Múltiples titulares
10289002,3,,Múltiples titulares
10289003,2,,Múltiples titulares
10289004,1,10305582,Titular único
10289005,2,,Múltiples titulares
10289006,3,,Múltiples titulares
10289007,2,,Múltiples titulares
10289008,3,,Múltiples titulares
10289009,2,,Múltiples titulares
10289010,1,10262971,Titular único
10289011,2,,Múltiples titulares
10289013,1,10306339,Titular único
10289014,2,,Múltiples titulares
10289400,2,,Múltiples titulares
10289402,1,531774,Titular único
10289403,1,799226,Titular único
10289404,2,,Múltiples titulares
10289409,1,88166,Titular único
10289410,1,10190037,Titular único
10289412,2,,Múltiples titulares
10289413,3,,Múltiples titulares
10289414,2,,Múltiples titulares
10289415,2,,Múltiples titulares
10289417,3,,Múltiples titulares
10289418,2,,Múltiples titulares
10289419,1,231784,Titular único
10289420,5,,Múltiples titulares
10289422,2,,Múltiples titulares
10289424,1,793965,Titular único
10289427,1,10123837,Titular único
10289429,2,,Múltiples titulares
10289430,2,,Múltiples titulares
10289431,2,,Múltiples titulares
10289434,1,10207313,Titular único
10289436,2,,Múltiples titulares
10289437,2,,Múltiples titulares
10289439,4,,Múltiples titulares
10289440,1,800554,Titular único
10289441,1,530431,Titular único
10289442,3,,Múltiples titulares
10289444,3,,Múltiples titulares
10289446,1,801259,Titular único
10289447,2,,Múltiples titulares
10289448,1,808815,Titular único
10289449,2,,Múltiples titulares
10289452,1,10190886,Titular único
10289453,3,,Múltiples titulares
10289454,1,10223237,Titular único
10289455,2,,Múltiples titulares
10289456,1,10190727,Titular único
10289458,1,10037189,Titular único
10289459,1,527381,Titular único
10289460,1,38058,Titular único
10289461,2,,Múltiples titulares
10289462,1,10190272,Titular único
10289463,1,11104436,Titular único
10289464,3,,Múltiples titulares
10289465,1,10184512,Titular único
10289470,1,10142435,Titular único
10289471,1,10101732,Titular único
10289474,1,10262573,Titular único
10289478,1,10323960,Titular único
10289479,2,,Múltiples titulares
10289482,3,,Múltiples titulares
10289483,1,10100580,Titular único
10289484,8,,Múltiples titulares
10289485,4,,Múltiples titulares
10289486,3,,Múltiples titulares
10289487,2,,Múltiples titulares
10289489,4,,Múltiples titulares
10289490,1,11433381,Titular único
10289491,1,721697,Titular único
10289492,1,10024893,Titular único
10289493,2,,Múltiples titulares
10289494,2,,Múltiples titulares
10289495,2,,Múltiples titulares
10289496,1,10588431,Titular único
10289498,4,,Múltiples titulares
10289499,1,137219,Titular único
10289500,5,,Múltiples titulares
10289502,2,,Múltiples titulares
10289503,1,10191229,Titular único
10289504,2,,Múltiples titulares
10289505,5,,Múltiples titulares
10289506,2,,Múltiples titulares
10289507,5,,Múltiples titulares
10289508,1,530683,Titular único
10289509,4,,Múltiples titulares
10289511,4,,Múltiples titulares
10289512,2,,Múltiples titulares
10289513,2,,Múltiples titulares
10289514,4,,Múltiples titulares
10289515,3,,Múltiples titulares
10289516,1,10154635,Titular único
10289517,2,,Múltiples titulares
10289518,5,,Múltiples titulares
10289519,2,,Múltiples titulares
10289521,1,96986,Titular único
10289525,3,,Múltiples titulares
10289532,2,,Múltiples titulares
10289534,1,10720265,Titular único
10289535,1,10190401,Titular único
10289539,1,807591,Titular único
10289540,1,528179,Titular único
10289717,1,10337103,Titular único
10289856,1,10160700,Titular único
10289956,1,10184482,Titular único
10290600,3,,Múltiples titulares
10290601,5,,Múltiples titulares
10290602,2,,Múltiples titulares
10290603,1,10154254,Titular único
10290604,2,,Múltiples titulares
10290605,2,,Múltiples titulares
10290606,3,,Múltiples titulares
10290609,4,,Múltiples titulares
10290611,2,,Múltiples titulares
10290612,2,,Múltiples titulares
10290613,1,10191063,Titular único
10290615,3,,Múltiples titulares
10290616,3,,Múltiples titulares
10291403,4,,Múltiples titulares
10291404,1,130544,Titular único
10291405,1,792795,Titular único
10291407,3,,Múltiples titulares
10291408,3,,Múltiples titulares
10291409,3,,Múltiples titulares
10291411,3,,Múltiples titulares
10291412,1,528595,Titular único
10291413,2,,Múltiples titulares
10291414,1,804271,Titular único
10291415,2,,Múltiples titulares
10291416,1,397983,Titular único
10291418,1,520837,Titular único
10291421,3,,Múltiples titulares
10291422,2,,Múltiples titulares
10291424,1,803876,Titular único
10291425,1,351989,Titular único
10291426,5,,Múltiples titulares
10291427,1,522628,Titular único
10291428,1,530712,Titular único
10291429,3,,Múltiples titulares
10291432,1,528740,Titular único
10291434,1,796001,Titular único
10291435,2,,Múltiples titulares
10291436,2,,Múltiples titulares
10291437,4,,Múltiples titulares
10291440,1,521927,Titular único
10291444,1,10265547,Titular único
10291445,2,,Múltiples titulares
10291448,2,,Múltiples titulares
10291449,4,,Múltiples titulares
10291450,2,,Múltiples titulares
10291451,3,,Múltiples titulares
10291452,3,,Múltiples titulares
10291453,2,,Múltiples titulares
10291454,2,,Múltiples titulares
10291455,2,,Múltiples titulares
10291456,2,,Múltiples titulares
10291457,3,,Múltiples titulares
10291458,3,,Múltiples titulares
10291461,1,531360,Titular único
10291463,1,809323,Titular único
10291465,3,,Múltiples titulares
10291466,5,,Múltiples titulares
10291467,4,,Múltiples titulares
10291468,4,,Múltiples titulares
10291469,1,522279,Titular único
10291473,2,,Múltiples titulares
10291474,5,,Múltiples titulares
10291475,2,,Múltiples titulares
10291476,3,,Múltiples titulares
10291477,3,,Múltiples titulares
10291478,3,,Múltiples titulares
10291479,1,10336921,Titular único
10291480,2,,Múltiples titulares
10291481,5,,Múltiples titulares
10291483,4,,Múltiples titulares
10291484,1,524960,Titular único
10291486,1,58254,Titular único
10291487,4,,Múltiples titulares
10291488,4,,Múltiples titulares
10291489,4,,Múltiples titulares
10291490,3,,Múltiples titulares
10291491,1,530946,Titular único
10291493,3,,Múltiples titulares
10291494,4,,Múltiples titulares
10291495,1,934565,Titular único
10291496,1,528362,Titular único
10291497,2,,Múltiples titulares
10291498,3,,Múltiples titulares
10291499,1,10238881,Titular único
10291500,5,,Múltiples titulares
10291501,1,10323688,Titular único
10291502,3,,Múltiples titulares
10291503,5,,Múltiples titulares
10291504,1,526159,Titular único
10291505,1,796947,Titular único
10291506,5,,Múltiples titulares
10291507,1,10736898,Titular único
10291508,1,529698,Titular único
10291509,5,,Múltiples titulares
10291510,1,799554,Titular único
10291511,1,10190518,Titular único
10291512,1,10323822,Titular único
10291513,3,,Múltiples titulares
10291515,4,,Múltiples titulares
10291516,2,,Múltiples titulares
10291517,1,523075,Titular único
10291518,3,,Múltiples titulares
10291520,4,,Múltiples titulares
10291521,1,527754,Titular único
10291522,5,,Múltiples titulares
10291523,2,,Múltiples titulares
10291524,1,10142640,Titular único
10291525,1,10949075,Titular único
10291526,3,,Múltiples titulares
10291528,1,531646,Titular único
10291530,3,,Múltiples titulares
10291531,1,10184513,Titular único
10291533,1,531545,Titular único
10291534,1,527494,Titular único
10291600,1,168588,Titular único
10291746,1,791705,Titular único
10292200,2,,Múltiples titulares
10292201,2,,Múltiples titulares
10292202,1,529521,Titular único
10292204,2,,Múltiples titulares
10292205,1,523829,Titular único
10292206,1,10244693,Titular único
10292207,1,801421,Titular único
10292209,1,10324059,Titular único
10292346,1,10239059,Titular único
10292804,1,804223,Titular único
10292814,1,10244955,Titular único
10292815,1,10779961,Titular único
10292819,1,10337057,Titular único
10292833,1,525480,Titular único
10292835,1,287190,Titular único
10292836,1,10323738,Titular único
10292844,1,10337339,Titular único
10292847,1,531221,Titular único
10292848,1,10245573,Titular único
10292850,2,,Múltiples titulares
10292851,1,10229418,Titular único
10292854,1,10986442,Titular único
10292855,2,,Múltiples titulares
10292857,1,527441,Titular único
10292862,4,,Múltiples titulares
10292863,1,802492,Titular único
10292865,1,11014459,Titular único
10292866,1,10229675,Titular único
10292869,2,,Múltiples titulares
10292870,1,11205695,Titular único
10292872,3,,Múltiples titulares
10292878,2,,Múltiples titulares
10292880,2,,Múltiples titulares
10292881,1,522882,Titular único
10292885,2,,Múltiples titulares
10292886,1,10229675,Titular único
10292887,1,393896,Titular único
10292889,1,10239392,Titular único
10292892,2,,Múltiples titulares
10292893,1,10229619,Titular único
10292894,2,,Múltiples titulares
10292895,1,11014459,Titular único
10292896,1,10245433,Titular único
10292900,1,10124241,Titular único
10292903,2,,Múltiples titulares
10292904,3,,Múltiples titulares
10292905,2,,Múltiples titulares
10292906,1,11098420,Titular único
10292907,3,,Múltiples titulares
10292909,1,88655,Titular único
10292913,1,421159,Titular único
10292914,1,10311473,Titular único
10292915,1,10265638,Titular único
10292919,1,11101725,Titular único
10292921,1,10230056,Titular único
10292922,1,10949272,Titular único
10292923,1,10337618,Titular único
10292924,2,,Múltiples titulares
10292925,1,10337115,Titular único
10292927,1,10190852,Titular único
10292930,1,10311463,Titular único
10292931,1,10337380,Titular único
10292934,1,10324828,Titular único
10292936,1,11027956,Titular único
10292938,1,10229678,Titular único
10292941,1,10245140,Titular único
10292943,1,11068955,Titular único
10292946,3,,Múltiples titulares
10292982,1,10337460,Titular único
10293003,1,122009,Titular único
10293802,1,410591,Titular único
10293807,1,11212052,Titular único
10293992,1,10142441,Titular único
10294008,1,915261,Titular único
10294416,1,520890,Titular único
10294997,1,10324209,Titular único
10295001,1,801017,Titular único
10295210,1,528376,Titular único
10295345,1,528306,Titular único
10295603,1,407820,Titular único
10295612,1,11175263,Titular único
10296210,1,10878230,Titular único
10296227,1,10617151,Titular único
10296441,1,11185366,Titular único
10296474,1,910182,Titular único
10296495,1,474388,Titular único
10296534,1,943090,Titular único
10296552,1,11181212,Titular único
10296556,2,,Múltiples titulares
10296566,1,10736822,Titular único
10296569,1,474357,Titular único
10296599,1,11218821,Titular único
10296609,1,914734,Titular único
10296653,1,10038251,Titular único
10296686,1,11185451,Titular único
10297203,1,732425,Titular único
10297209,1,10678469,Titular único
10298614,1,179035,Titular único
10298633,1,10311234,Titular único
10298644,1,11165485,Titular único
10298833,1,10752205,Titular único
10298841,1,11175060,Titular único
10298848,1,10752141,Titular único
10298871,1,77216,Titular único
10298873,1,496694,Titular único
10298896,1,77188,Titular único
10298897,1,10838705,Titular único
10298899,1,10042258,Titular único
10298902,1,10752410,Titular único
10298906,1,10752870,Titular único
10299484,1,808724,Titular único
10299507,1,10245335,Titular único
10299623,1,10949167,Titular único
10299644,1,860740,Titular único
10299645,1,529794,Titular único
10299811,1,634371,Titular único
10299812,1,523534,Titular único
10299814,1,401880,Titular único
10299820,1,404402,Titular único
10299824,1,802817,Titular único
10299825,1,860634,Titular único
10299847,1,11218266,Titular único
10299860,1,523534,Titular único
10299862,1,797024,Titular único
10299863,1,800034,Titular único
10299866,1,860835,Titular único
10299876,1,11218868,Titular único
10299898,1,300826,Titular único
10299919,1,529979,Titular único
10299921,1,11218609,Titular único
10299924,1,11219137,Titular único
10299952,1,11185348,Titular único
10299962,1,11181968,Titular único
10299968,1,11218353,Titular único
10299976,1,11221204,Titular único
10299980,2,,Múltiples titulares
10299985,1,523834,Titular único
10299986,1,10822486,Titular único
10300221,1,367510,Titular único
10300233,1,367532,Titular único
10300818,1,83295,Titular único
10300820,1,273621,Titular único
10301001,1,183969,Titular único
10301005,1,10794085,Titular único
10301009,1,97379,Titular único
10301087,1,10323570,Titular único
10301273,1,10171849,Titular único
10301410,1,10882431,Titular único
10301413,1,10932199,Titular único
10301820,1,10229802,Titular único
10301932,2,,Múltiples titulares
10301952,1,10690991,Titular único
10301955,1,10731589,Titular único
10302208,2,,Múltiples titulares
10302405,1,922603,Titular único
10302408,1,10722482,Titular único
10302413,1,922603,Titular único
10302422,1,925475,Titular único
10302430,1,10055750,Titular único
10302438,2,,Múltiples titulares
10302445,1,11014563,Titular único
10302466,2,,Múltiples titulares
10302801,1,421246,Titular único
10302803,1,11104466,Titular único
10302807,1,10135896,Titular único
10302815,1,11064833,Titular único
10302827,1,506403,Titular único
10302829,1,140133,Titular único
10302837,1,11104925,Titular único
10302843,1,10741855,Titular único
10302853,1,10160018,Titular único
10302862,1,10337863,Titular único
10302872,1,11056849,Titular único
10302873,1,11104857,Titular único
10302887,1,10207673,Titular único
10304946,1,10160636,Titular único
10305202,2,,Múltiples titulares
10305206,1,800065,Titular único
10305207,1,523132,Titular único
10305215,1,211184,Titular único
10305222,2,,Múltiples titulares
10305247,1,11046996,Titular único
10305256,1,529177,Titular único
10305263,1,527014,Titular único
10305275,1,530992,Titular único
10305276,2,,Múltiples titulares
10305282,1,808338,Titular único
10305298,1,793830,Titular único
10305303,1,527674,Titular único
10305317,1,10305365,Titular único
10305318,1,528424,Titular único
10305324,1,796580,Titular único
10305329,1,528423,Titular único
10305333,1,114454,Titular único
10305336,1,252882,Titular único
10305338,1,524736,Titular único
10305343,1,808454,Titular único
10305345,2,,Múltiples titulares
10305347,2,,Múltiples titulares
10305351,1,522339,Titular único
10305352,1,115205,Titular único
10305356,1,523143,Titular único
10305361,1,529750,Titular único
10305372,1,807329,Titular único
10305376,1,525035,Titular único
10305381,2,,Múltiples titulares
10305385,1,10305528,Titular único
10305389,3,,Múltiples titulares
10305400,1,794927,Titular único
10305406,1,802272,Titular único
10305411,2,,Múltiples titulares
10305415,3,,Múltiples titulares
10305420,1,531028,Titular único
10305426,1,10305651,Titular único
10305427,1,529790,Titular único
10305428,1,520753,Titular único
10305433,1,10305277,Titular único
10305438,2,,Múltiples titulares
10305440,1,807684,Titular único
10305443,1,10101722,Titular único
10305453,2,,Múltiples titulares
10305459,1,530995,Titular único
10305460,1,798318,Titular único
10305468,1,807440,Titular único
10305478,1,808085,Titular único
10305488,2,,Múltiples titulares
10305499,1,10305458,Titular único
10305500,2,,Múltiples titulares
10305551,1,531770,Titular único
10305555,2,,Múltiples titulares
10305556,1,531142,Titular único
10305560,1,800033,Titular único
10305563,2,,Múltiples titulares
10305566,1,529733,Titular único
10305571,1,797114,Titular único
10305581,1,10305838,Titular único
10305597,1,11381740,Titular único
10305600,1,10262756,Titular único
10305609,2,,Múltiples titulares
10305617,1,10223572,Titular único
10305619,1,808286,Titular único
10305620,1,531037,Titular único
10305632,1,795662,Titular único
10305639,1,10305544,Titular único
10305646,1,10305390,Titular único
10305661,2,,Múltiples titulares
10305662,1,808262,Titular único
10305674,1,925189,Titular único
10305680,1,799005,Titular único
10305682,1,10305415,Titular único
10305687,1,799997,Titular único
10305688,1,527623,Titular único
10305690,1,529191,Titular único
10305695,2,,Múltiples titulares
10305705,1,10305225,Titular único
10305717,1,529732,Titular único
10305720,1,523092,Titular único
10305728,1,807348,Titular único
10305734,2,,Múltiples titulares
10305737,1,530110,Titular único
10305772,1,529548,Titular único
10305778,1,528797,Titular único
10305796,1,802167,Titular único
10305811,1,10229384,Titular único
10305821,1,530994,Titular único
10305825,1,527662,Titular único
10305829,1,10305540,Titular único
10305837,2,,Múltiples titulares
10305840,4,,Múltiples titulares
10305841,1,743469,Titular único
10305849,1,10305664,Titular único
10305852,1,530416,Titular único
10305854,1,807791,Titular único
10305877,1,10160020,Titular único
10305879,1,10305996,Titular único
10305882,1,528338,Titular único
10305886,1,796261,Titular único
10305890,1,801522,Titular único
10305934,1,808813,Titular único
10305938,1,798897,Titular único
10305941,1,168596,Titular único
10305955,1,10305666,Titular único
10305959,1,207602,Titular único
10305969,1,20097,Titular único
10305985,1,10306126,Titular único
10306010,2,,Múltiples titulares
10306055,2,,Múltiples titulares
10306057,1,10850402,Titular único
10306061,1,807293,Titular único
10306065,1,10245240,Titular único
10306073,1,10948902,Titular único
10306079,1,10265701,Titular único
10306085,1,355320,Titular único
10306088,1,300834,Titular único
10306097,2,,Múltiples titulares
10306100,1,809204,Titular único
10306107,1,10223813,Titular único
10306123,1,10306188,Titular único
10306124,1,527791,Titular único
10306129,1,10306408,Titular único
10306150,1,10665696,Titular único
10306154,1,10101960,Titular único
10306165,1,10306121,Titular único
10306168,1,10229415,Titular único
10306169,1,10123419,Titular único
10306171,1,521744,Titular único
10306187,1,801506,Titular único
10306190,1,10123368,Titular único
10306191,1,10124062,Titular único
10306201,1,10265793,Titular único
10306208,1,529731,Titular único
10306210,1,10305615,Titular único
10306224,1,10239267,Titular único
10306226,1,10306084,Titular único
10306233,1,530980,Titular único
10306236,1,10472287,Titular único
10306241,1,11295130,Titular único
10306245,1,10160127,Titular único
10306278,1,10306349,Titular único
10306291,1,10123372,Titular único
10306295,1,10306247,Titular único
10306298,2,,Múltiples titulares
10306312,1,10124280,Titular único
10306315,1,10311421,Titular único
10306335,1,801097,Titular único
10306337,1,10306137,Titular único
10306347,1,115231,Titular único
10306365,1,10306224,Titular único
10306371,3,,Múltiples titulares
10306377,1,10306456,Titular único
10306384,1,10324172,Titular único
10306387,1,10305970,Titular único
10306396,1,10306610,Titular único
10306397,1,10305970,Titular único
10306399,1,531028,Titular único
10306403,2,,Múltiples titulares
10306404,1,10708107,Titular único
10306405,1,807786,Titular único
10306408,1,528435,Titular único
10306410,1,10305923,Titular único
10306413,1,10305551,Titular único
10306418,1,531016,Titular único
10306422,1,10538003,Titular único
10306423,1,10305814,Titular único
10306431,1,797350,Titular único
10306432,2,,Múltiples titulares
10306435,1,10076457,Titular único
10306441,1,10305749,Titular único
10306442,1,530091,Titular único
10306443,1,10123993,Titular único
10306444,1,10305648,Titular único
10306445,1,112568,Titular único
10306446,1,10124189,Titular único
10306448,1,10305799,Titular único
10306449,1,807235,Titular único
10306453,1,528410,Titular único
10306454,1,10306370,Titular único
10306456,2,,Múltiples titulares
10306457,1,10305592,Titular único
10306465,1,329068,Titular único
10306471,2,,Múltiples titulares
10306474,1,10160570,Titular único
10306475,1,10244903,Titular único
10306477,1,10306414,Titular único
10306478,1,802355,Titular único
10306483,1,525335,Titular único
10306484,1,10337897,Titular único
10306485,1,10697545,Titular único
10306486,2,,Múltiples titulares
10306489,1,11100601,Titular único
10306492,1,10154442,Titular único
10306495,1,10305836,Titular único
10306499,1,10101921,Titular único
10306500,1,10123256,Titular único
10306504,1,10001226,Titular único
10306552,1,10141784,Titular único
10306553,1,10306237,Titular único
10306560,2,,Múltiples titulares
10306562,1,10306754,Titular único
10306568,1,10745764,Titular único
10306569,1,79373,Titular único
10306570,1,854341,Titular único
10306573,1,10721926,Titular único
10306574,1,10223451,Titular único
10306578,1,10323807,Titular único
10306590,2,,Múltiples titulares
10306593,1,10306125,Titular único
10306598,1,382878,Titular único
10306599,1,10060273,Titular único
10306601,1,10306295,Titular único
10306606,1,10305797,Titular único
10306610,1,524286,Titular único
10306613,1,10630806,Titular único
10306620,1,10306579,Titular único
10306624,1,10305831,Titular único
10306628,1,10244824,Titular único
10306629,2,,Múltiples titulares
10306631,1,807748,Titular único
10306634,1,10223917,Titular único
10306638,1,800732,Titular único
10306651,1,411705,Titular único
10306655,2,,Múltiples titulares
10306659,2,,Múltiples titulares
10306664,1,10306164,Titular único
10306666,1,10305956,Titular único
10306669,2,,Múltiples titulares
10306671,1,10306655,Titular único
10306672,1,10306584,Titular único
10306677,1,10306576,Titular único
10306680,1,10520521,Titular único
10306683,1,10154524,Titular único
10306691,1,10123617,Titular único
10306694,1,10142458,Titular único
10306701,1,10305709,Titular único
10306704,1,10239109,Titular único
10306705,1,10688078,Titular único
10306708,1,521059,Titular único
10306721,1,10306771,Titular único
10306729,1,10229714,Titular único
10306731,1,10306726,Titular único
10306735,2,,Múltiples titulares
10306742,1,114517,Titular único
10306750,1,10160768,Titular único
10306751,1,10123814,Titular único
10306765,1,10305428,Titular único
10306771,1,10184419,Titular único
10306782,1,10223954,Titular único
10306785,1,807358,Titular único
10306795,1,10305813,Titular único
10306798,1,801582,Titular único
10306803,1,529179,Titular único
10306806,1,800990,Titular único
10306811,1,801929,Titular único
10306814,1,10306768,Titular único
10306830,1,10306171,Titular único
10306842,1,808340,Titular único
10306997,1,11262563,Titular único
10307236,1,520311,Titular único
10308310,1,914723,Titular único
10310347,1,10734277,Titular único
10311209,2,,Múltiples titulares
10311214,1,56793,Titular único
10311216,1,796616,Titular único
10311218,1,528609,Titular único
10311225,1,10323777,Titular único
10311234,1,376701,Titular único
10311238,1,530390,Titular único
10311252,1,528595,Titular único
10311254,1,10311272,Titular único
10311255,1,530422,Titular único
10311278,1,794360,Titular único
10311279,1,524587,Titular único
10311281,1,10336799,Titular único
10311300,1,523820,Titular único
10311302,1,10311311,Titular único
10311303,1,801560,Titular único
10311307,1,10012694,Titular único
10311311,1,11295005,Titular único
10311317,1,797637,Titular único
10311338,1,432533,Titular único
10311349,1,807450,Titular único
10311359,1,797591,Titular único
10311360,1,10424211,Titular único
10311362,1,10245005,Titular único
10311363,1,10245037,Titular único
10311375,1,530381,Titular único
10311380,1,914479,Titular único
10311389,1,10324000,Titular único
10311397,1,10336955,Titular único
10311400,1,10474348,Titular único
10311402,2,,Múltiples titulares
10311404,2,,Múltiples titulares
10311411,1,803685,Titular único
10311412,2,,Múltiples titulares
10311414,1,10311461,Titular único
10311415,2,,Múltiples titulares
10311420,2,,Múltiples titulares
10311423,1,780290,Titular único
10311431,2,,Múltiples titulares
10311440,1,527377,Titular único
10311448,1,794691,Titular único
10311453,1,10336832,Titular único
10311455,1,10337624,Titular único
10311463,1,10136052,Titular único
10311468,2,,Múltiples titulares
10311473,1,10336942,Titular único
10311483,2,,Múltiples titulares
10311484,2,,Múltiples titulares
10311486,1,10311245,Titular único
10311488,1,10736841,Titular único
10311489,1,10738193,Titular único
10311493,1,10311528,Titular único
10311496,1,530897,Titular único
10311506,1,10136131,Titular único
10311513,2,,Múltiples titulares
10311515,2,,Múltiples titulares
10311517,1,10160732,Titular único
10311521,1,10262712,Titular único
10311522,2,,Múltiples titulares
10311527,2,,Múltiples titulares
10311530,1,10311322,Titular único
10311535,1,10305687,Titular único
10311538,1,72777,Titular único
10311539,1,10337724,Titular único
10311544,1,10262574,Titular único
10311546,2,,Múltiples titulares
10311548,1,10337027,Titular único
10311557,1,10311348,Titular único
10311562,1,10007239,Titular único
10311566,2,,Múltiples titulares
10311577,1,11180713,Titular único
10311584,1,10311491,Titular único
10311585,1,11025777,Titular único
10311593,1,10136402,Titular único
10311597,1,10323608,Titular único
10311608,1,10244709,Titular único
10311609,1,802563,Titular único
10311611,1,10337178,Titular único
10311620,2,,Múltiples titulares
10311625,1,10986890,Titular único
10311626,1,10338080,Titular único
10311631,1,10207553,Titular único
10311633,1,10311373,Titular único
10311635,1,10337565,Titular único
10311637,2,,Múltiples titulares
10311639,1,11295142,Titular único
10311641,1,801014,Titular único
10311643,1,807501,Titular único
10311646,1,228671,Titular único
10311648,1,531234,Titular único
10311651,1,525073,Titular único
10311658,1,10424253,Titular único
10311660,1,10305620,Titular único
10311664,1,10311599,Titular único
10311673,1,10336998,Titular único
10311676,1,10311354,Titular único
10311682,1,10311669,Titular único
10311685,1,531174,Titular único
10311686,2,,Múltiples titulares
10311689,1,10708112,Titular único
10311711,1,10135956,Titular único
10311719,1,10337539,Titular único
10311721,1,10323698,Titular único
10311723,1,528596,Titular único
10311727,1,801281,Titular único
10311729,1,11098439,Titular único
10311733,1,10239045,Titular único
10311753,1,10311375,Titular único
10312351,1,352540,Titular único
10313061,1,523805,Titular único
10313202,1,530663,Titular único
10313218,1,523950,Titular único
10313266,1,10262737,Titular único
10313372,1,10154367,Titular único
10314200,1,795782,Titular único
10314202,2,,Múltiples titulares
10314203,2,,Múltiples titulares
10314205,2,,Múltiples titulares
10314207,1,143228,Titular único
10314208,2,,Múltiples titulares
10314211,1,523787,Titular único
10314213,2,,Múltiples titulares
10314214,1,524606,Titular único
10314215,4,,Múltiples titulares
10314216,2,,Múltiples titulares
10314217,2,,Múltiples titulares
10314218,2,,Múltiples titulares
10314219,2,,Múltiples titulares
10314221,1,518202,Titular único
10314222,1,529093,Titular único
10314223,4,,Múltiples titulares
10314225,1,807661,Titular único
10314226,1,521815,Titular único
10314227,2,,Múltiples titulares
10314228,2,,Múltiples titulares
10314232,1,807261,Titular único
10314233,1,60043,Titular único
10314234,3,,Múltiples titulares
10314236,4,,Múltiples titulares
10314240,2,,Múltiples titulares
10314241,1,10697196,Titular único
10314242,3,,Múltiples titulares
10314243,3,,Múltiples titulares
10314244,3,,Múltiples titulares
10314245,4,,Múltiples titulares
10314247,1,372717,Titular único
10314248,3,,Múltiples titulares
10314249,4,,Múltiples titulares
10314250,4,,Múltiples titulares
10314251,2,,Múltiples titulares
10314252,3,,Múltiples titulares
10314253,3,,Múltiples titulares
10314254,5,,Múltiples titulares
10314255,4,,Múltiples titulares
10314256,3,,Múltiples titulares
10314462,1,10224033,Titular único
10315400,1,704538,Titular único
10315401,1,801281,Titular único
10315402,2,,Múltiples titulares
10315404,1,530527,Titular único
10315405,4,,Múltiples titulares
10315411,1,530496,Titular único
10315413,2,,Múltiples titulares
10315414,1,925566,Titular único
10315415,2,,Múltiples titulares
10315416,3,,Múltiples titulares
10315417,2,,Múltiples titulares
10315419,1,796725,Titular único
10315420,1,10238824,Titular único
10315421,2,,Múltiples titulares
10315422,2,,Múltiples titulares
10315423,1,10324341,Titular único
10315424,1,524747,Titular único
10315425,1,11433355,Titular único
10315427,1,793778,Titular único
10315428,1,528385,Titular único
10315430,1,528703,Titular único
10315431,2,,Múltiples titulares
10315432,1,10262813,Titular único
10315434,3,,Múltiples titulares
10315435,2,,Múltiples titulares
10315437,3,,Múltiples titulares
10315439,1,10238874,Titular único
10315440,3,,Múltiples titulares
10315561,1,10101618,Titular único
10316101,3,,Múltiples titulares
10316102,3,,Múltiples titulares
10316103,2,,Múltiples titulares
10316104,5,,Múltiples titulares
10316105,1,657586,Titular único
10316106,1,10101720,Titular único
10316108,1,944316,Titular único
10316109,4,,Múltiples titulares
10316110,3,,Múltiples titulares
10316111,1,530164,Titular único
10316112,1,802552,Titular único
10316298,1,10496163,Titular único
10316400,1,530663,Titular único
10316401,2,,Múltiples titulares
10316403,2,,Múltiples titulares
10316404,3,,Múltiples titulares
10316407,2,,Múltiples titulares
10316408,1,526023,Titular único
10316410,3,,Múltiples titulares
10316411,2,,Múltiples titulares
10316412,2,,Múltiples titulares
10316413,1,798639,Titular único
10316414,2,,Múltiples titulares
10316415,1,523469,Titular único
10316416,1,524345,Titular único
10316417,3,,Múltiples titulares
10316419,2,,Múltiples titulares
10316420,2,,Múltiples titulares
10316422,1,912713,Titular único
10316424,1,519761,Titular único
10316426,3,,Múltiples titulares
10316427,2,,Múltiples titulares
10316428,2,,Múltiples titulares
10316429,1,799142,Titular único
10316432,2,,Múltiples titulares
10316433,1,57739,Titular único
10316434,2,,Múltiples titulares
10316435,2,,Múltiples titulares
10316436,1,10190086,Titular único
10316437,2,,Múltiples titulares
10316439,4,,Múltiples titulares
10316440,1,944517,Titular único
10316441,1,397924,Titular único
10316442,3,,Múltiples titulares
10316443,3,,Múltiples titulares
10316444,2,,Múltiples titulares
10316445,1,808221,Titular único
10316446,1,519780,Titular único
10316447,2,,Múltiples titulares
10316449,3,,Múltiples titulares
10316451,2,,Múltiples titulares
10316452,7,,Múltiples titulares
10316453,4,,Múltiples titulares
10316454,3,,Múltiples titulares
10316455,1,523287,Titular único
10316456,3,,Múltiples titulares
10316459,1,522137,Titular único
10316460,2,,Múltiples titulares
10316462,3,,Múltiples titulares
10316463,2,,Múltiples titulares
10316464,5,,Múltiples titulares
10316465,2,,Múltiples titulares
10316466,4,,Múltiples titulares
10316467,3,,Múltiples titulares
10316468,1,508848,Titular único
10316469,3,,Múltiples titulares
10316471,1,808210,Titular único
10316472,1,10190161,Titular único
10316473,1,799137,Titular único
10316474,2,,Múltiples titulares
10316475,2,,Múltiples titulares
10316477,3,,Múltiples titulares
10316478,1,526968,Titular único
10316479,1,527994,Titular único
10316480,2,,Múltiples titulares
10316481,1,522632,Titular único
10316482,2,,Múltiples titulares
10316484,2,,Múltiples titulares
10316485,3,,Múltiples titulares
10316486,2,,Múltiples titulares
10316487,2,,Múltiples titulares
10316488,2,,Múltiples titulares
10316489,2,,Múltiples titulares
10316490,1,522582,Titular único
10316491,4,,Múltiples titulares
10316492,2,,Múltiples titulares
10316493,1,523494,Titular único
10316495,4,,Múltiples titulares
10316496,3,,Múltiples titulares
10316497,2,,Múltiples titulares
10316498,1,114103,Titular único
10316499,2,,Múltiples titulares
10316500,5,,Múltiples titulares
10316502,3,,Múltiples titulares
10316503,1,10336844,Titular único
10316505,2,,Múltiples titulares
10316506,3,,Múltiples titulares
10316507,1,771613,Titular único
10316508,1,10323720,Titular único
10316509,1,134974,Titular único
10316510,2,,Múltiples titulares
10316511,4,,Múltiples titulares
10316512,2,,Múltiples titulares
10316513,3,,Múltiples titulares
10316514,3,,Múltiples titulares
10316515,1,860652,Titular único
10316516,2,,Múltiples titulares
10316518,3,,Múltiples titulares
10316519,3,,Múltiples titulares
10316521,2,,Múltiples titulares
10316522,3,,Múltiples titulares
10316523,1,523912,Titular único
10316524,2,,Múltiples titulares
10316525,6,,Múltiples titulares
10316526,1,797119,Titular único
10316528,3,,Múltiples titulares
10316529,1,345686,Titular único
10316531,1,528112,Titular único
10316532,1,209059,Titular único
10316533,2,,Múltiples titulares
10316534,1,527848,Titular único
10316536,4,,Múltiples titulares
10316537,1,801832,Titular único
10316538,3,,Múltiples titulares
10316539,2,,Múltiples titulares
10316540,3,,Múltiples titulares
10316541,2,,Múltiples titulares
10316542,2,,Múltiples titulares
10316543,2,,Múltiples titulares
10316544,3,,Múltiples titulares
10316545,5,,Múltiples titulares
10316546,3,,Múltiples titulares
10316547,3,,Múltiples titulares
10316548,3,,Múltiples titulares
10316549,1,527996,Titular único
10316550,1,797543,Titular único
10316552,2,,Múltiples titulares
10316553,2,,Múltiples titulares
10316554,2,,Múltiples titulares
10316555,2,,Múltiples titulares
10316556,2,,Múltiples titulares
10316557,4,,Múltiples titulares
10316558,2,,Múltiples titulares
10316559,1,466802,Titular único
10316561,1,722037,Titular único
10316562,3,,Múltiples titulares
10316563,4,,Múltiples titulares
10316564,3,,Múltiples titulares
10316565,3,,Múltiples titulares
10316566,3,,Múltiples titulares
10318002,1,933503,Titular único
10318005,2,,Múltiples titulares
10318006,2,,Múltiples titulares
10318007,1,122761,Titular único
10318008,1,798711,Titular único
10318009,1,801813,Titular único
10318011,2,,Múltiples titulares
10318014,1,366417,Titular único
10318015,2,,Múltiples titulares
10318017,3,,Múltiples titulares
10318018,1,914423,Titular único
10318020,1,225190,Titular único
10318021,3,,Múltiples titulares
10318022,2,,Múltiples titulares
10318023,1,831681,Titular único
10318024,1,530642,Titular único
10318025,5,,Múltiples titulares
10318026,1,265721,Titular único
10318027,1,795035,Titular único
10318028,4,,Múltiples titulares
10318029,2,,Múltiples titulares
10318030,2,,Múltiples titulares
10318032,3,,Múltiples titulares
10318034,1,173399,Titular único
10318035,1,798759,Titular único
10318037,1,10190327,Titular único
10318039,2,,Múltiples titulares
10318040,3,,Múltiples titulares
10318042,2,,Múltiples titulares
10318043,2,,Múltiples titulares
10318044,1,75735,Titular único
10318046,3,,Múltiples titulares
10318048,2,,Múltiples titulares
10318050,6,,Múltiples titulares
10318053,1,523373,Titular único
10318054,2,,Múltiples titulares
10318055,1,140123,Titular único
10318057,1,495521,Titular único
10318058,1,239142,Titular único
10318059,3,,Múltiples titulares
10318061,1,808199,Titular único
10318062,1,10323665,Titular único
10318063,1,43806,Titular único
10318064,2,,Múltiples titulares
10318065,2,,Múltiples titulares
10318066,1,10238605,Titular único
10318067,1,795767,Titular único
10318068,1,808750,Titular único
10318069,3,,Múltiples titulares
10318070,1,801792,Titular único
10318072,1,798686,Titular único
10318073,2,,Múltiples titulares
10318074,2,,Múltiples titulares
10318075,3,,Múltiples titulares
10318076,1,683025,Titular único
10318078,1,530708,Titular único
10318079,2,,Múltiples titulares
10318080,2,,Múltiples titulares
10318081,1,528075,Titular único
10318082,1,731652,Titular único
10318083,1,234980,Titular único
10318085,2,,Múltiples titulares
10318086,2,,Múltiples titulares
10318087,3,,Múltiples titulares
10318092,3,,Múltiples titulares
10318094,2,,Múltiples titulares
10318095,2,,Múltiples titulares
10318096,4,,Múltiples titulares
10318097,3,,Múltiples titulares
10318098,1,92702,Titular único
10318099,3,,Múltiples titulares
10318100,6,,Múltiples titulares
10318101,2,,Múltiples titulares
10318102,1,10678365,Titular único
10318103,1,792467,Titular único
10318104,1,10190228,Titular único
10318105,3,,Múltiples titulares
10318106,1,798885,Titular único
10318107,1,742823,Titular único
10318108,2,,Múltiples titulares
10318109,3,,Múltiples titulares
10318110,1,10324135,Titular único
10318111,1,799233,Titular único
10318112,1,10190274,Titular único
10318113,1,10190077,Titular único
10318116,3,,Múltiples titulares
10318118,1,798720,Titular único
10318120,1,529900,Titular único
10318122,2,,Múltiples titulares
10318124,3,,Múltiples titulares
10318126,4,,Múltiples titulares
10318127,5,,Múltiples titulares
10318129,1,10190178,Titular único
10318131,1,10190313,Titular único
10318132,2,,Múltiples titulares
10318133,1,797534,Titular único
10318135,2,,Múltiples titulares
10318136,2,,Múltiples titulares
10318137,1,808178,Titular único
10318138,1,73855,Titular único
10318139,1,10323720,Titular único
10318140,1,243410,Titular único
10318141,4,,Múltiples titulares
10318142,1,742457,Titular único
10318143,1,798889,Titular único
10318144,3,,Múltiples titulares
10318145,1,801791,Titular único
10318147,1,910715,Titular único
10318149,3,,Múltiples titulares
10318150,1,523283,Titular único
10318151,2,,Múltiples titulares
10318152,2,,Múltiples titulares
10318153,1,807554,Titular único
10318154,3,,Múltiples titulares
10318155,3,,Múltiples titulares
10318157,3,,Múltiples titulares
10318158,1,10033089,Titular único
10318160,1,552277,Titular único
10318161,2,,Múltiples titulares
10318162,1,525874,Titular único
10318163,1,10154303,Titular único
10318164,2,,Múltiples titulares
10318165,2,,Múltiples titulares
10318166,1,743603,Titular único
10318167,3,,Múltiples titulares
10318168,1,239738,Titular único
10318169,1,735507,Titular único
10318170,2,,Múltiples titulares
10318171,2,,Múltiples titulares
10318172,1,10190259,Titular único
10318174,1,10778435,Titular único
10318176,2,,Múltiples titulares
10318177,4,,Múltiples titulares
10318178,1,713528,Titular único
10318179,3,,Múltiples titulares
10318180,4,,Múltiples titulares
10318181,1,10324064,Titular único
10318182,3,,Múltiples titulares
10318184,1,112555,Titular único
10318185,6,,Múltiples titulares
10318187,6,,Múltiples titulares
10318188,3,,Múltiples titulares
10318189,1,529930,Titular único
10318190,1,787068,Titular único
10318191,2,,Múltiples titulares
10318194,1,261177,Titular único
10318196,3,,Múltiples titulares
10318197,1,11009481,Titular único
10318198,2,,Múltiples titulares
10318199,1,10190518,Titular único
10318200,4,,Múltiples titulares
10318201,1,712402,Titular único
10318202,2,,Múltiples titulares
10318203,2,,Múltiples titulares
10318204,2,,Múltiples titulares
10318205,2,,Múltiples titulares
10318206,1,10708104,Titular único
10318207,1,527166,Titular único
10318208,5,,Múltiples titulares
10318209,2,,Múltiples titulares
10318210,4,,Múltiples titulares
10318211,3,,Múltiples titulares
10318212,3,,Múltiples titulares
10318213,3,,Múltiples titulares
10318214,3,,Múltiples titulares
10318216,3,,Múltiples titulares
10318218,2,,Múltiples titulares
10318219,3,,Múltiples titulares
10318220,4,,Múltiples titulares
10318221,3,,Múltiples titulares
10318222,3,,Múltiples titulares
10318223,4,,Múltiples titulares
10318224,2,,Múltiples titulares
10318225,2,,Múltiples titulares
10318226,3,,Múltiples titulares
10318227,1,120223,Titular único
10318229,1,524980,Titular único
10318230,3,,Múltiples titulares
10318231,2,,Múltiples titulares
10318232,1,529641,Titular único
10318233,1,10190478,Titular único
10318234,3,,Múltiples titulares
10318236,1,509088,Titular único
10318237,4,,Múltiples titulares
10318238,3,,Múltiples titulares
10318239,3,,Múltiples titulares
10318240,5,,Múltiples titulares
10318241,4,,Múltiples titulares
10318242,1,10724240,Titular único
10318243,5,,Múltiples titulares
10318246,3,,Múltiples titulares
10318247,2,,Múltiples titulares
10318248,3,,Múltiples titulares
10318249,2,,Múltiples titulares
10318250,5,,Múltiples titulares
10318251,3,,Múltiples titulares
10318252,2,,Múltiples titulares
10318253,2,,Múltiples titulares
10318254,7,,Múltiples titulares
10318255,5,,Múltiples titulares
10318256,3,,Múltiples titulares
10318257,2,,Múltiples titulares
10318258,3,,Múltiples titulares
10318259,1,531676,Titular único
10318260,3,,Múltiples titulares
10318261,1,31469,Titular único
10318262,7,,Múltiples titulares
10318263,7,,Múltiples titulares
10318264,2,,Múltiples titulares
10318265,1,10709184,Titular único
10318266,3,,Múltiples titulares
10318267,2,,Múltiples titulares
10318268,2,,Múltiples titulares
10318269,1,10190289,Titular único
10318270,8,,Múltiples titulares
10318271,1,801001,Titular único
10318272,1,800991,Titular único
10318274,1,10324772,Titular único
10318275,2,,Múltiples titulares
10318276,5,,Múltiples titulares
10318277,3,,Múltiples titulares
10318278,2,,Múltiples titulares
10318279,4,,Múltiples titulares
10318280,2,,Múltiples titulares
10318281,2,,Múltiples titulares
10318282,3,,Múltiples titulares
10318283,1,10190681,Titular único
10318284,3,,Múltiples titulares
10318285,6,,Múltiples titulares
10318286,4,,Múltiples titulares
10318287,1,10190275,Titular único
10318289,6,,Múltiples titulares
10318290,3,,Múltiples titulares
10318291,1,808657,Titular único
10318292,3,,Múltiples titulares
10318293,3,,Múltiples titulares
10318294,3,,Múltiples titulares
10318296,3,,Múltiples titulares
10318298,5,,Múltiples titulares
10318299,2,,Múltiples titulares
10318301,1,799686,Titular único
10318302,3,,Múltiples titulares
10318303,4,,Múltiples titulares
10318304,4,,Múltiples titulares
10318305,2,,Múltiples titulares
10318306,3,,Múltiples titulares
10318307,2,,Múltiples titulares
10318308,3,,Múltiples titulares
10318309,3,,Múltiples titulares
10318310,2,,Múltiples titulares
10318311,1,11013863,Titular único
10318312,1,799583,Titular único
10318313,3,,Múltiples titulares
10318314,3,,Múltiples titulares
10318316,1,801794,Titular único
10318317,5,,Múltiples titulares
10318318,3,,Múltiples titulares
10318319,2,,Múltiples titulares
10318320,2,,Múltiples titulares
10318321,2,,Múltiples titulares
10318322,2,,Múltiples titulares
10318323,3,,Múltiples titulares
10318324,3,,Múltiples titulares
10318325,6,,Múltiples titulares
10318326,2,,Múltiples titulares
10318327,3,,Múltiples titulares
10318328,3,,Múltiples titulares
10318330,1,11006245,Titular único
10318331,1,10154342,Titular único
10318332,4,,Múltiples titulares
10318333,3,,Múltiples titulares
10318334,7,,Múltiples titulares
10318335,2,,Múltiples titulares
10318336,4,,Múltiples titulares
10318337,1,10190535,Titular único
10318338,6,,Múltiples titulares
10318339,2,,Múltiples titulares
10318340,5,,Múltiples titulares
10318341,2,,Múltiples titulares
10318343,1,132764,Titular único
10318344,2,,Múltiples titulares
10318345,2,,Múltiples titulares
10318346,6,,Múltiples titulares
10318347,4,,Múltiples titulares
10318348,3,,Múltiples titulares
10318349,3,,Múltiples titulares
10318350,3,,Múltiples titulares
10318351,4,,Múltiples titulares
10318352,3,,Múltiples titulares
10318353,2,,Múltiples titulares
10318354,6,,Múltiples titulares
10318355,2,,Múltiples titulares
10318356,4,,Múltiples titulares
10318357,2,,Múltiples titulares
10318358,2,,Múltiples titulares
10318359,2,,Múltiples titulares
10318360,2,,Múltiples titulares
10318361,6,,Múltiples titulares
10318362,3,,Múltiples titulares
10318363,5,,Múltiples titulares
10318364,1,10709248,Titular único
10318365,3,,Múltiples titulares
10318366,2,,Múltiples titulares
10318367,2,,Múltiples titulares
10318368,1,10337331,Titular único
10318369,5,,Múltiples titulares
10318370,1,10190215,Titular único
10318371,2,,Múltiples titulares
10318372,5,,Múltiples titulares
10318374,4,,Múltiples titulares
10318375,1,529667,Titular único
10318376,4,,Múltiples titulares
10318377,2,,Múltiples titulares
10318378,5,,Múltiples titulares
10318380,1,800742,Titular único
10318382,1,10190700,Titular único
10318383,5,,Múltiples titulares
10318384,3,,Múltiples titulares
10318385,1,807556,Titular único
10318386,2,,Múltiples titulares
10318387,2,,Múltiples titulares
10318388,3,,Múltiples titulares
10318389,3,,Múltiples titulares
10318390,3,,Múltiples titulares
10318391,3,,Múltiples titulares
10318392,3,,Múltiples titulares
10318393,1,10715787,Titular único
10318395,1,10191184,Titular único
10318396,2,,Múltiples titulares
10318397,4,,Múltiples titulares
10318398,2,,Múltiples titulares
10318399,2,,Múltiples titulares
10318400,5,,Múltiples titulares
10318401,1,10733233,Titular único
10318404,1,808278,Titular único
10318405,1,10678488,Titular único
10318406,1,11218563,Titular único
10318407,1,10154451,Titular único
10318409,1,10190535,Titular único
10318410,1,10191064,Titular único
10318411,1,801790,Titular único
10318412,1,10190703,Titular único
10318413,2,,Múltiples titulares
10318416,2,,Múltiples titulares
10318418,1,10136449,Titular único
10318419,1,800230,Titular único
10318420,1,10154626,Titular único
10318421,2,,Múltiples titulares
10318423,2,,Múltiples titulares
10318424,1,10154496,Titular único
10318425,1,12338901,Titular único
10318426,1,10190921,Titular único
10318427,1,283817,Titular único
10318428,2,,Múltiples titulares
10318429,2,,Múltiples titulares
10318430,1,10810272,Titular único
10318431,2,,Múltiples titulares
10318438,1,10142601,Titular único
10318439,1,882700,Titular único
10318440,2,,Múltiples titulares
10318569,1,10631607,Titular único
10318828,1,798751,Titular único
10318829,1,10190268,Titular único
10319095,1,802555,Titular único
10319310,1,10184694,Titular único
10320124,2,,Múltiples titulares
10320137,1,11283970,Titular único
10320160,1,11521958,Titular único
10320178,1,393154,Titular único
10320187,1,531015,Titular único
10320215,1,393278,Titular único
10320220,1,11521953,Titular único
10320235,1,11486982,Titular único
10320242,1,701635,Titular único
10320263,1,11521953,Titular único
10320978,1,432894,Titular único
10321829,1,10279485,Titular único
10321864,1,712560,Titular único
10322493,1,986531,Titular único
10322512,1,215902,Titular único
10322527,1,787305,Titular único
10322565,1,10322551,Titular único
10322566,1,10322543,Titular único
10322581,1,10322510,Titular único
10322582,1,10322575,Titular único
10323560,1,523564,Titular único
10323602,1,529362,Titular único
10323616,1,521584,Titular único
10323646,1,801627,Titular único
10323666,1,795712,Titular único
10323772,1,800721,Titular único
10323809,1,400327,Titular único
10323829,1,795829,Titular único
10323840,1,524106,Titular único
10323860,1,10323859,Titular único
10323978,1,797522,Titular único
10323997,1,530555,Titular único
10324013,1,801182,Titular único
10324112,1,10323911,Titular único
10324174,1,530763,Titular único
10324374,1,11057862,Titular único
10324375,2,,Múltiples titulares
10324378,2,,Múltiples titulares
10324387,1,797349,Titular único
10324395,1,10136152,Titular único
10324417,1,355286,Titular único
10324426,1,139568,Titular único
10324446,2,,Múltiples titulares
10324448,1,658239,Titular único
10324492,1,10568680,Titular único
10324502,2,,Múltiples titulares
10324520,2,,Múltiples titulares
10324521,1,354963,Titular único
10324522,2,,Múltiples titulares
10324544,1,10337457,Titular único
10324545,1,799028,Titular único
10324556,1,798629,Titular único
10324563,1,798838,Titular único
10324566,1,10101850,Titular único
10324570,1,799576,Titular único
10324571,1,10265723,Titular único
10324574,1,798004,Titular único
10324575,1,530677,Titular único
10324607,1,107826,Titular único
10324615,1,531160,Titular único
10324617,1,260087,Titular único
10324623,1,143234,Titular único
10324627,1,520881,Titular único
10324631,1,194466,Titular único
10324660,1,10123406,Titular único
10324664,1,791679,Titular único
10324665,1,797244,Titular único
10324666,1,529590,Titular único
10324671,1,529898,Titular único
10324686,1,10324381,Titular único
10324697,1,798627,Titular único
10324725,1,531160,Titular único
10324732,1,530943,Titular único
10324733,1,529180,Titular único
10324758,1,538932,Titular único
10324759,1,807319,Titular único
10324772,2,,Múltiples titulares
10324775,1,526201,Titular único
10324787,1,10101858,Titular único
10324825,1,10324764,Titular único
10324830,1,10324537,Titular único
10324849,1,800765,Titular único
10324873,1,796029,Titular único
10324874,1,799692,Titular único
10324877,1,796010,Titular único
10324897,1,10736012,Titular único
10324908,1,522714,Titular único
10324911,2,,Múltiples titulares
10324925,1,10697203,Titular único
10324939,2,,Múltiples titulares
10324950,1,10245211,Titular único
10324960,1,10223487,Titular único
10325132,1,10325126,Titular único
10326464,1,795989,Titular único
10326560,1,804529,Titular único
10326762,1,528901,Titular único
10326763,2,,Múltiples titulares
10326764,1,527412,Titular único
10326765,3,,Múltiples titulares
10326766,2,,Múltiples titulares
10326768,1,530135,Titular único
10326770,1,723263,Titular único
10326771,1,530145,Titular único
10326773,1,798257,Titular único
10326776,1,743247,Titular único
10326779,3,,Múltiples titulares
10326780,1,802516,Titular único
10326781,1,521681,Titular único
10326783,1,525330,Titular único
10326784,1,798257,Titular único
10326785,3,,Múltiples titulares
10326787,2,,Múltiples titulares
10326788,1,795249,Titular único
10326792,1,800124,Titular único
10326794,2,,Múltiples titulares
10326800,1,530026,Titular único
10326803,1,10184043,Titular único
10326804,3,,Múltiples titulares
10326805,2,,Múltiples titulares
10326806,3,,Múltiples titulares
10326809,1,796094,Titular único
10326811,1,528842,Titular único
10326813,1,809043,Titular único
10326814,1,10238670,Titular único
10326816,1,10262602,Titular único
10326817,1,529372,Titular único
10326818,2,,Múltiples titulares
10326820,4,,Múltiples titulares
10326822,4,,Múltiples titulares
10326824,2,,Múltiples titulares
10326826,1,10008015,Titular único
10326827,2,,Múltiples titulares
10326828,2,,Múltiples titulares
10326829,1,10160610,Titular único
10326830,4,,Múltiples titulares
10326832,5,,Múltiples titulares
10327412,1,102926,Titular único
10327961,2,,Múltiples titulares
10327964,1,521491,Titular único
10327966,3,,Múltiples titulares
10327967,1,167729,Titular único
10327969,1,10238798,Titular único
10327970,3,,Múltiples titulares
10327971,1,797484,Titular único
10327973,1,854387,Titular único
10327975,1,10136024,Titular único
10327976,1,798111,Titular único
10327978,4,,Múltiples titulares
10327979,3,,Múltiples titulares
10327982,1,797390,Titular único
10327984,2,,Múltiples titulares
10327985,3,,Múltiples titulares
10327986,4,,Múltiples titulares
10327987,1,10153959,Titular único
10327988,8,,Múltiples titulares
10327989,1,794819,Titular único
10327990,2,,Múltiples titulares
10327991,3,,Múltiples titulares
10327992,4,,Múltiples titulares
10327993,1,10709468,Titular único
10327994,2,,Múltiples titulares
10327995,1,10323702,Titular único
10327996,3,,Múltiples titulares
10327998,4,,Múltiples titulares
10327999,3,,Múltiples titulares
10328000,4,,Múltiples titulares
10328001,2,,Múltiples titulares
10328002,1,10207348,Titular único
10328004,2,,Múltiples titulares
10328005,1,934142,Titular único
10328006,2,,Múltiples titulares
10328760,5,,Múltiples titulares
10328761,2,,Múltiples titulares
10328763,1,519909,Titular único
10328764,6,,Múltiples titulares
10328765,2,,Múltiples titulares
10328766,4,,Múltiples titulares
10328767,4,,Múltiples titulares
10328768,5,,Múltiples titulares
10328769,4,,Múltiples titulares
10328770,3,,Múltiples titulares
10328771,4,,Múltiples titulares
10328772,9,,Múltiples titulares
10328773,4,,Múltiples titulares
10328774,4,,Múltiples titulares
10328775,4,,Múltiples titulares
10328776,6,,Múltiples titulares
10328777,8,,Múltiples titulares
10328778,2,,Múltiples titulares
10328780,2,,Múltiples titulares
10328781,2,,Múltiples titulares
10328783,2,,Múltiples titulares
10328784,1,228064,Titular único
10328785,1,10154304,Titular único
10328786,3,,Múltiples titulares
10328788,1,10160173,Titular único
10328789,2,,Múltiples titulares
10328790,2,,Múltiples titulares
10328791,1,522045,Titular único
10328792,2,,Múltiples titulares
10328793,3,,Múltiples titulares
10328794,5,,Múltiples titulares
10328795,3,,Múltiples titulares
10328943,1,797276,Titular único
10329360,1,526352,Titular único
10329361,3,,Múltiples titulares
10329362,1,797603,Titular único
10329364,2,,Múltiples titulares
10329365,1,945416,Titular único
10329368,2,,Múltiples titulares
10329369,1,984319,Titular único
10329370,1,797362,Titular único
10329371,2,,Múltiples titulares
10329372,3,,Múltiples titulares
10329373,1,41367,Titular único
10329375,2,,Múltiples titulares
10329376,1,353931,Titular único
10329377,1,525191,Titular único
10329378,4,,Múltiples titulares
10329379,4,,Múltiples titulares
10329381,1,530097,Titular único
10329383,2,,Múltiples titulares
10329384,4,,Múltiples titulares
10329385,1,528335,Titular único
10329386,2,,Múltiples titulares
10329387,1,521238,Titular único
10329388,1,793816,Titular único
10329389,2,,Múltiples titulares
10329392,3,,Múltiples titulares
10329393,2,,Múltiples titulares
10329397,5,,Múltiples titulares
10329398,1,527984,Titular único
10329399,1,528273,Titular único
10329400,1,432109,Titular único
10329403,2,,Múltiples titulares
10329405,2,,Múltiples titulares
10329406,2,,Múltiples titulares
10329408,2,,Múltiples titulares
10329409,2,,Múltiples titulares
10329410,2,,Múltiples titulares
10329413,4,,Múltiples titulares
10329414,2,,Múltiples titulares
10329415,1,750946,Titular único
10329416,1,722018,Titular único
10329417,2,,Múltiples titulares
10329418,1,521240,Titular único
10329419,2,,Múltiples titulares
10329420,1,800415,Titular único
10329421,2,,Múltiples titulares
10329422,2,,Múltiples titulares
10329423,2,,Múltiples titulares
10329424,3,,Múltiples titulares
10329426,2,,Múltiples titulares
10329427,1,10184110,Titular único
10329428,2,,Múltiples titulares
10329429,1,522964,Titular único
10329430,1,10135791,Titular único
10329431,5,,Múltiples titulares
10329432,1,10305225,Titular único
10329433,1,521221,Titular único
10329434,2,,Múltiples titulares
10329437,4,,Múltiples titulares
10329438,2,,Múltiples titulares
10329439,1,797389,Titular único
10329440,2,,Múltiples titulares
10329441,1,10135875,Titular único
10329442,5,,Múltiples titulares
10329443,3,,Múltiples titulares
10329445,2,,Múltiples titulares
10329446,1,10141878,Titular único
10329447,1,794558,Titular único
10329448,3,,Múltiples titulares
10329449,2,,Múltiples titulares
10329450,2,,Múltiples titulares
10330960,1,800124,Titular único
10330962,3,,Múltiples titulares
10330964,2,,Múltiples titulares
10330965,3,,Múltiples titulares
10330968,1,523192,Titular único
10330969,1,797851,Titular único
10330972,2,,Múltiples titulares
10330973,1,522571,Titular único
10330975,3,,Múltiples titulares
10330976,1,527016,Titular único
10330977,1,797780,Titular único
10330978,1,529926,Titular único
10330980,1,466821,Titular único
10330981,2,,Múltiples titulares
10330982,4,,Múltiples titulares
10330984,2,,Múltiples titulares
10330985,1,805053,Titular único
10330986,3,,Múltiples titulares
10330987,1,177050,Titular único
10330988,1,522065,Titular único
10330989,3,,Múltiples titulares
10330990,1,522566,Titular único
10330991,1,10207296,Titular único
10330992,1,799113,Titular único
10330993,1,529913,Titular único
10330994,2,,Múltiples titulares
10330995,2,,Múltiples titulares
10330996,1,801544,Titular único
10330999,2,,Múltiples titulares
10331002,2,,Múltiples titulares
10331003,2,,Múltiples titulares
10331004,1,801321,Titular único
10331005,4,,Múltiples titulares
10331006,1,800179,Titular único
10331008,5,,Múltiples titulares
10331009,1,797420,Titular único
10331010,1,526955,Titular único
10331011,3,,Múltiples titulares
10331012,3,,Múltiples titulares
10331013,4,,Múltiples titulares
10331014,2,,Múltiples titulares
10331015,3,,Múltiples titulares
10331016,4,,Múltiples titulares
10331017,4,,Múltiples titulares
10331018,2,,Múltiples titulares
10331019,3,,Múltiples titulares
10331020,1,528975,Titular único
10331021,3,,Múltiples titulares
10331022,8,,Múltiples titulares
10331023,1,525364,Titular único
10331024,5,,Múltiples titulares
10331025,1,801510,Titular único
10331026,4,,Múltiples titulares
10331027,3,,Múltiples titulares
10331028,4,,Múltiples titulares
10331030,2,,Múltiples titulares
10331031,2,,Múltiples titulares
10331032,2,,Múltiples titulares
10331033,1,10726584,Titular único
10331034,2,,Múltiples titulares
10331035,1,10207558,Titular único
10331036,2,,Múltiples titulares
10331037,5,,Múltiples titulares
10331038,3,,Múltiples titulares
10331039,3,,Múltiples titulares
10331040,2,,Múltiples titulares
10331041,1,524112,Titular único
10331042,1,882671,Titular único
10331043,1,800621,Titular único
10331044,2,,Múltiples titulares
10331045,4,,Múltiples titulares
10331046,1,531787,Titular único
10331047,1,523947,Titular único
10331048,1,525433,Titular único
10331050,1,236910,Titular único
10331052,3,,Múltiples titulares
10331053,1,796228,Titular único
10331054,2,,Múltiples titulares
10331055,3,,Múltiples titulares
10331056,2,,Múltiples titulares
10331057,2,,Múltiples titulares
10331060,3,,Múltiples titulares
10331061,2,,Múltiples titulares
10331062,1,528623,Titular único
10331064,1,10305425,Titular único
10331065,4,,Múltiples titulares
10331066,6,,Múltiples titulares
10331069,2,,Múltiples titulares
10331070,1,10190640,Titular único
10331071,2,,Múltiples titulares
10331072,4,,Múltiples titulares
10331073,3,,Múltiples titulares
10331074,2,,Múltiples titulares
10331075,2,,Múltiples titulares
10331076,1,539115,Titular único
10331077,2,,Múltiples titulares
10331078,4,,Múltiples titulares
10331079,4,,Múltiples titulares
10331080,3,,Múltiples titulares
10331082,1,526030,Titular único
10331083,3,,Múltiples titulares
10331084,2,,Múltiples titulares
10331087,5,,Múltiples titulares
10331088,1,10207456,Titular único
10331089,6,,Múltiples titulares
10331090,1,799475,Titular único
10331091,4,,Múltiples titulares
10331092,3,,Múltiples titulares
10331093,4,,Múltiples titulares
10331094,1,10700120,Titular único
10331096,5,,Múltiples titulares
10331098,3,,Múltiples titulares
10331099,3,,Múltiples titulares
10331100,1,10184082,Titular único
10331101,1,799589,Titular único
10331102,3,,Múltiples titulares
10331103,4,,Múltiples titulares
10331104,1,800891,Titular único
10331105,3,,Múltiples titulares
10331106,2,,Múltiples titulares
10331107,4,,Múltiples titulares
10331108,3,,Múltiples titulares
10331109,1,530018,Titular único
10331110,6,,Múltiples titulares
10331111,2,,Múltiples titulares
10331112,1,797301,Titular único
10331113,1,530014,Titular único
10331114,4,,Múltiples titulares
10331115,1,10207430,Titular único
10331116,3,,Múltiples titulares
10331117,2,,Múltiples titulares
10331118,2,,Múltiples titulares
10331119,4,,Múltiples titulares
10331120,4,,Múltiples titulares
10331122,4,,Múltiples titulares
10331123,2,,Múltiples titulares
10331124,4,,Múltiples titulares
10331125,5,,Múltiples titulares
10331126,2,,Múltiples titulares
10331127,4,,Múltiples titulares
10331129,3,,Múltiples titulares
10331130,2,,Múltiples titulares
10331131,3,,Múltiples titulares
10331132,1,497858,Titular único
10331133,3,,Múltiples titulares
10331134,1,10101854,Titular único
10331135,3,,Múltiples titulares
10331136,2,,Múltiples titulares
10331137,5,,Múltiples titulares
10331138,5,,Múltiples titulares
10331139,4,,Múltiples titulares
10331140,3,,Múltiples titulares
10331141,6,,Múltiples titulares
10331142,1,10207195,Titular único
10331143,2,,Múltiples titulares
10331144,2,,Múltiples titulares
10331145,6,,Múltiples titulares
10331146,4,,Múltiples titulares
10331147,4,,Múltiples titulares
10331148,4,,Múltiples titulares
10331149,2,,Múltiples titulares
10331150,2,,Múltiples titulares
10331151,2,,Múltiples titulares
10331152,1,10040049,Titular único
10331153,3,,Múltiples titulares
10331154,2,,Múltiples titulares
10331155,2,,Múltiples titulares
10331156,7,,Múltiples titulares
10331157,2,,Múltiples titulares
10331158,1,10190113,Titular único
10331159,3,,Múltiples titulares
10331160,1,10705930,Titular único
10331161,3,,Múltiples titulares
10331162,3,,Múltiples titulares
10331164,4,,Múltiples titulares
10331165,2,,Múltiples titulares
10331166,2,,Múltiples titulares
10331167,1,722607,Titular único
10331169,3,,Múltiples titulares
10331170,1,134879,Titular único
10331171,5,,Múltiples titulares
10331172,1,807443,Titular único
10331173,2,,Múltiples titulares
10331174,1,10207785,Titular único
10331175,1,802784,Titular único
10331176,2,,Múltiples titulares
10331177,1,395750,Titular único
10331179,2,,Múltiples titulares
10331195,1,722101,Titular único
10331209,1,800556,Titular único
10331249,1,10756507,Titular único
10331484,1,802587,Titular único
10331610,1,246064,Titular único
10331764,1,986703,Titular único
10331791,1,432708,Titular único
10331845,1,432585,Titular único
10331916,1,82016,Titular único
10331918,1,431838,Titular único
10331923,1,11284821,Titular único
10331967,1,10171813,Titular único
10332584,1,437586,Titular único
10332605,1,11284223,Titular único
10332632,1,717971,Titular único
10333672,1,426568,Titular único
10333709,1,987024,Titular único
10333738,1,10333708,Titular único
10334892,1,10203943,Titular único
10334913,2,,Múltiples titulares
10334914,1,10736810,Titular único
10335007,1,400456,Titular único
10336381,1,803670,Titular único
10336556,1,706327,Titular único
10336763,1,184628,Titular único
10336790,1,397677,Titular único
10336796,1,525460,Titular único
10336807,2,,Múltiples titulares
10336810,1,797257,Titular único
10336811,1,10336811,Titular único
10336814,1,527879,Titular único
10336822,1,530144,Titular único
10336831,1,803670,Titular único
10336832,1,529913,Titular único
10336835,1,808784,Titular único
10336841,1,808581,Titular único
10336845,1,530765,Titular único
10336846,1,10101768,Titular único
10336849,1,527420,Titular único
10336852,1,854696,Titular único
10336854,1,10323671,Titular único
10336855,1,527363,Titular único
10336859,1,527774,Titular único
10336863,1,925373,Titular único
10336875,1,78191,Titular único
10336885,1,10337107,Titular único
10336890,2,,Múltiples titulares
10336894,2,,Múltiples titulares
10336909,1,530440,Titular único
10336929,1,10311244,Titular único
10336931,2,,Múltiples titulares
10336934,1,794506,Titular único
10336949,1,72320,Titular único
10336955,1,924503,Titular único
10336970,1,795840,Titular único
10336972,1,524597,Titular único
10336988,3,,Múltiples titulares
10336993,1,524820,Titular único
10336996,2,,Múltiples titulares
10337009,1,130540,Titular único
10337015,1,523093,Titular único
10337019,1,801322,Titular único
10337023,1,243463,Titular único
10337030,1,365033,Titular único
10337045,1,10337030,Titular único
10337057,1,797257,Titular único
10337060,1,10229405,Titular único
10337064,1,10135986,Titular único
10337065,1,804388,Titular único
10337068,1,10336875,Titular único
10337070,1,10229522,Titular único
10337071,1,10337111,Titular único
10337072,1,803708,Titular único
10337099,1,527500,Titular único
10337101,1,10337101,Titular único
10337102,1,802104,Titular único
10337105,1,860688,Titular único
10337106,1,525243,Titular único
10337112,1,527365,Titular único
10337122,2,,Múltiples titulares
10337124,1,10244710,Titular único
10337135,1,525204,Titular único
10337141,1,527430,Titular único
10337147,1,522356,Titular único
10337148,1,10337146,Titular único
10337153,1,10336939,Titular único
10337158,1,10337090,Titular único
10337159,1,10337237,Titular único
10337161,1,10336897,Titular único
10337163,1,10311326,Titular único
10337164,1,10473881,Titular único
10337165,1,10311231,Titular único
10337167,1,527473,Titular único
10337168,4,,Múltiples titulares
10337172,2,,Múltiples titulares
10337174,1,102942,Titular único
10337177,1,807516,Titular único
10337180,1,57724,Titular único
10337187,1,66329,Titular único
10337196,2,,Múltiples titulares
10337200,2,,Múltiples titulares
10337203,2,,Múltiples titulares
10337211,1,808787,Titular único
10337218,1,798699,Titular único
10337226,1,509686,Titular único
10337239,1,797257,Titular único
10337243,1,529385,Titular único
10337246,1,527315,Titular único
10337254,2,,Múltiples titulares
10337267,1,807418,Titular único
10337268,1,10336959,Titular único
10337271,1,10265569,Titular único
10337283,1,801307,Titular único
10337289,1,10337235,Titular único
10337297,1,527519,Titular único
10337299,1,801315,Titular único
10337300,1,524609,Titular único
10337304,1,527451,Titular único
10337305,1,10337303,Titular único
10337311,1,799849,Titular único
10337314,1,528394,Titular único
10337318,1,10616243,Titular único
10337324,1,531530,Titular único
10337336,2,,Múltiples titulares
10337342,1,119021,Titular único
10337346,1,801320,Titular único
10337350,1,10323869,Titular único
10337361,1,524466,Titular único
10337362,3,,Múltiples titulares
10337383,1,10336849,Titular único
10337384,1,102942,Titular único
10337393,1,10636485,Titular único
10337396,1,531197,Titular único
10337397,1,528499,Titular único
10337403,1,10337651,Titular único
10337406,1,10076926,Titular único
10337407,1,522773,Titular único
10337410,1,10337291,Titular único
10337415,1,10001157,Titular único
10337420,3,,Múltiples titulares
10337424,1,797257,Titular único
10337426,1,10337489,Titular único
10337427,1,10336918,Titular único
10337428,1,10337453,Titular único
10337430,1,164012,Titular único
10337434,1,10337637,Titular único
10337437,1,10337650,Titular único
10337444,1,10464280,Titular único
10337446,2,,Múltiples titulares
10337450,1,807661,Titular único
10337467,2,,Múltiples titulares
10337471,1,10337429,Titular único
10337474,1,10026322,Titular único
10337487,3,,Múltiples titulares
10337491,2,,Múltiples titulares
10337492,1,528997,Titular único
10337496,1,526925,Titular único
10337499,1,10337529,Titular único
10337500,1,10337430,Titular único
10337504,1,10337226,Titular único
10337506,1,10337681,Titular único
10337509,1,10244971,Titular único
10337523,1,10190106,Titular único
10337531,1,10323653,Titular único
10337536,1,10337742,Titular único
10337545,1,10244846,Titular único
10337556,1,527478,Titular único
10337576,1,521313,Titular único
10337592,1,802494,Titular único
10337595,1,10736851,Titular único
10337609,1,10337703,Titular único
10337611,1,10229478,Titular único
10337616,1,10135933,Titular único
10337617,1,10337567,Titular único
10337627,1,10311483,Titular único
10337628,1,10337036,Titular único
10337641,2,,Múltiples titulares
10337645,1,10337489,Titular único
10337657,1,10311430,Titular único
10337659,1,10337381,Titular único
10337663,1,527459,Titular único
10337665,1,10101954,Titular único
10337667,1,10337175,Titular único
10337670,1,523609,Titular único
10337676,2,,Múltiples titulares
10337678,1,10337509,Titular único
10337682,1,10337252,Titular único
10337687,1,31410,Titular único
10337693,2,,Múltiples titulares
10337698,1,808582,Titular único
10337702,1,10337884,Titular único
10337703,1,10337498,Titular único
10337705,1,530373,Titular único
10337712,1,10245231,Titular único
10337713,1,11111926,Titular único
10337717,2,,Múltiples titulares
10337725,1,799039,Titular único
10337733,1,807450,Titular único
10337735,1,10337695,Titular único
10337739,2,,Múltiples titulares
10337744,1,802249,Titular único
10337748,1,10337307,Titular único
10337755,1,10337556,Titular único
10337756,1,10337742,Titular único
10337759,1,10336967,Titular único
10337760,1,10337714,Titular único
10337772,1,10061579,Titular único
10337783,2,,Múltiples titulares
10337788,1,520566,Titular único
10337789,1,10009338,Titular único
10337796,1,11431180,Titular único
10337799,1,10337393,Titular único
10337802,1,10337229,Titular único
10337803,1,10337822,Titular único
10337804,1,10337440,Titular único
10337813,1,932073,Titular único
10337814,2,,Múltiples titulares
10337828,1,521217,Titular único
10337829,1,10337400,Titular único
10337835,3,,Múltiples titulares
10337840,1,799866,Titular único
10337841,1,10449276,Titular único
10337846,2,,Múltiples titulares
10337849,1,10337390,Titular único
10337853,1,10488476,Titular único
10337856,2,,Múltiples titulares
10337857,1,10337819,Titular único
10337865,1,10324326,Titular único
10337866,1,10337949,Titular único
10337871,1,10338029,Titular único
10337874,1,10324256,Titular único
10337875,1,10337630,Titular único
10337880,1,10523946,Titular único
10337881,1,797264,Titular único
10337882,1,11094910,Titular único
10337884,1,10311540,Titular único
10337885,1,10337789,Titular único
10337894,1,10337986,Titular único
10337901,1,10337575,Titular único
10337919,1,531197,Titular único
10337920,1,10338026,Titular único
10337927,1,441583,Titular único
10337930,1,10337512,Titular único
10337938,1,10337487,Titular único
10337939,1,10245150,Titular único
10337943,1,10337899,Titular único
10337946,1,529321,Titular único
10337956,1,10337940,Titular único
10337961,1,10337707,Titular único
10337963,1,10337212,Titular único
10337964,1,10029382,Titular único
10337965,1,10311333,Titular único
10337976,1,10338072,Titular único
10337984,1,10337657,Titular único
10337991,1,10077874,Titular único
10338000,1,10337726,Titular único
10338010,1,305798,Titular único
10338016,1,10324591,Titular único
10338023,1,934450,Titular único
10338046,1,10311261,Titular único
10342760,2,,Múltiples titulares
10342763,1,804235,Titular único
10342764,1,51656,Titular único
10342766,1,522759,Titular único
10342768,1,860567,Titular único
10342774,4,,Múltiples titulares
10342776,1,396285,Titular único
10342781,1,529021,Titular único
10342787,3,,Múltiples titulares
10342788,2,,Múltiples titulares
10342803,2,,Múltiples titulares
10342806,1,194868,Titular único
10342807,1,808137,Titular único
10342814,2,,Múltiples titulares
10342817,1,801806,Titular único
10342825,1,912933,Titular único
10342826,1,944861,Titular único
10342828,1,10337263,Titular único
10342829,1,10324224,Titular único
10342832,2,,Múltiples titulares
10342834,1,519613,Titular único
10342836,1,798057,Titular único
10342837,1,807621,Titular único
10342847,1,531293,Titular único
10342848,1,31522,Titular único
10342851,1,798121,Titular único
10342852,1,798073,Titular único
10342856,1,799104,Titular único
10342868,1,521091,Titular único
10342869,1,798402,Titular único
10342871,1,808424,Titular único
10342876,1,882317,Titular único
10342879,3,,Múltiples titulares
10342881,1,378438,Titular único
10342884,2,,Múltiples titulares
10342885,1,167707,Titular único
10342886,1,530152,Titular único
10342892,1,799552,Titular único
10342893,1,521030,Titular único
10342895,1,527374,Titular único
10342897,5,,Múltiples titulares
10342902,2,,Múltiples titulares
10342908,1,10207342,Titular único
10342909,2,,Múltiples titulares
10342922,2,,Múltiples titulares
10342923,2,,Múltiples titulares
10342926,1,795235,Titular único
10342933,1,522421,Titular único
10342936,1,10101611,Titular único
10342937,1,529874,Titular único
10342938,1,527917,Titular único
10342940,1,528185,Titular único
10342944,2,,Múltiples titulares
10342949,2,,Múltiples titulares
10342952,1,808521,Titular único
10342956,1,524216,Titular único
10342958,1,10135793,Titular único
10342960,1,10184127,Titular único
10342966,1,10323791,Titular único
10342967,1,112259,Titular único
10342968,1,530098,Titular único
10342970,1,716979,Titular único
10342973,1,722801,Titular único
10342977,1,802438,Titular único
10342978,1,10726546,Titular único
10342980,3,,Múltiples titulares
10342983,1,10102177,Titular único
10342989,1,528838,Titular único
10342990,1,802419,Titular único
10342991,1,528160,Titular único
10342993,2,,Múltiples titulares
10342996,1,944861,Titular único
10342998,1,231819,Titular único
10343000,1,802445,Titular único
10343001,2,,Múltiples titulares
10343002,1,530415,Titular único
10343008,1,10102104,Titular único
10343009,3,,Múltiples titulares
10343010,1,808801,Titular único
10343011,1,801136,Titular único
10343016,2,,Múltiples titulares
10343017,1,369544,Titular único
10343022,1,794637,Titular único
10343024,1,102826,Titular único
10343030,1,934015,Titular único
10343031,1,10229354,Titular único
10343032,2,,Múltiples titulares
10343034,2,,Múltiples titulares
10343035,2,,Múltiples titulares
10343038,2,,Múltiples titulares
10343039,1,524574,Titular único
10343040,1,245811,Titular único
10343041,1,10184231,Titular único
10343042,3,,Múltiples titulares
10343043,1,522262,Titular único
10343045,1,10311305,Titular único
10343046,1,10546584,Titular único
10343048,1,523278,Titular único
10343049,2,,Múltiples titulares
10343050,1,524140,Titular único
10343051,1,796950,Titular único
10343052,2,,Múltiples titulares
10343054,1,10262764,Titular único
10343058,2,,Múltiples titulares
10343064,2,,Múltiples titulares
10343066,1,10943503,Titular único
10343068,2,,Múltiples titulares
10343070,1,797815,Titular único
10343073,2,,Múltiples titulares
10343083,1,10306129,Titular único
10343099,1,10343084,Titular único
10343107,1,10343102,Titular único
10343112,1,525242,Titular único
10343185,1,10160312,Titular único
10343885,1,800254,Titular único
10343960,2,,Múltiples titulares
10343961,1,518805,Titular único
10343962,1,521849,Titular único
10343963,3,,Múltiples titulares
10343964,3,,Múltiples titulares
10343965,1,396539,Titular único
10343966,2,,Múltiples titulares
10343969,1,522663,Titular único
10343970,3,,Múltiples titulares
10343973,2,,Múltiples titulares
10343974,6,,Múltiples titulares
10343975,2,,Múltiples titulares
10343976,1,521765,Titular único
10343977,2,,Múltiples titulares
10343979,4,,Múltiples titulares
10343980,1,243329,Titular único
10343981,4,,Múltiples titulares
10343983,2,,Múltiples titulares
10343984,3,,Múltiples titulares
10343985,2,,Múltiples titulares
10343986,1,46874,Titular único
10343987,4,,Múltiples titulares
10343989,2,,Múltiples titulares
10343990,1,529017,Titular único
10343991,2,,Múltiples titulares
10343992,1,531232,Titular único
10343993,3,,Múltiples titulares
10343994,2,,Múltiples titulares
10343995,2,,Múltiples titulares
10343997,4,,Múltiples titulares
10343998,5,,Múltiples titulares
10343999,1,524321,Titular único
10344000,2,,Múltiples titulares
10344001,2,,Múltiples titulares
10344002,2,,Múltiples titulares
10344003,2,,Múltiples titulares
10344004,2,,Múltiples titulares
10344005,2,,Múltiples titulares
10344006,3,,Múltiples titulares
10344007,3,,Múltiples titulares
10344008,1,528528,Titular único
10344009,3,,Múltiples titulares
10344010,2,,Múltiples titulares
10344011,2,,Múltiples titulares
10344012,1,633934,Titular único
10344013,3,,Múltiples titulares
10344014,1,10736792,Titular único
10344015,3,,Múltiples titulares
10344016,2,,Múltiples titulares
10344017,1,523480,Titular único
10344018,1,10123670,Titular único
10344019,2,,Múltiples titulares
10344020,1,529106,Titular único
10344021,2,,Múltiples titulares
10344022,2,,Múltiples titulares
10344023,3,,Múltiples titulares
10344025,1,225497,Titular único
10344026,1,205771,Titular único
10344027,5,,Múltiples titulares
10344028,8,,Múltiples titulares
10344029,1,10223694,Titular único
10344030,1,800267,Titular único
10344031,4,,Múltiples titulares
10344032,3,,Múltiples titulares
10344033,1,801655,Titular único
10344034,3,,Múltiples titulares
10344035,1,531238,Titular único
10344036,2,,Múltiples titulares
10344037,2,,Múltiples titulares
10344038,2,,Múltiples titulares
10344255,1,10100485,Titular único
10344279,1,801182,Titular único
10345161,3,,Múltiples titulares
10345162,1,526199,Titular único
10345163,4,,Múltiples titulares
10345164,1,519485,Titular único
10345166,3,,Múltiples titulares
10345167,2,,Múltiples titulares
10345168,4,,Múltiples titulares
10345169,3,,Múltiples titulares
10345170,3,,Múltiples titulares
10345171,5,,Múltiples titulares
10345172,6,,Múltiples titulares
10345173,4,,Múltiples titulares
10345174,1,800878,Titular único
10345175,5,,Múltiples titulares
10345176,4,,Múltiples titulares
10345177,5,,Múltiples titulares
10345178,3,,Múltiples titulares
10345179,1,793015,Titular único
10345180,8,,Múltiples titulares
10345181,4,,Múltiples titulares
10345182,5,,Múltiples titulares
10345183,1,527371,Titular único
10345184,5,,Múltiples titulares
10345185,3,,Múltiples titulares
10345186,10,,Múltiples titulares
10345187,6,,Múltiples titulares
10345188,2,,Múltiples titulares
10345189,1,528576,Titular único
10345190,7,,Múltiples titulares
10345191,5,,Múltiples titulares
10345192,3,,Múltiples titulares
10345193,6,,Múltiples titulares
10345194,4,,Múltiples titulares
10345195,2,,Múltiples titulares
10345196,1,795682,Titular único
10345197,3,,Múltiples titulares
10345198,1,794227,Titular único
10345199,4,,Múltiples titulares
10345200,3,,Múltiples titulares
10345201,3,,Múltiples titulares
10345202,5,,Múltiples titulares
10345203,6,,Múltiples titulares
10345204,3,,Múltiples titulares
10345205,6,,Múltiples titulares
10345206,6,,Múltiples titulares
10345207,3,,Múltiples titulares
10345208,2,,Múltiples titulares
10345209,2,,Múltiples titulares
10345210,6,,Múltiples titulares
10345211,1,797120,Titular único
10345212,2,,Múltiples titulares
10345213,7,,Múltiples titulares
10345214,6,,Múltiples titulares
10345215,1,10722506,Titular único
10345709,1,522019,Titular único
10345760,1,522607,Titular único
10345761,1,530411,Titular único
10345762,2,,Múltiples titulares
10345763,2,,Múltiples titulares
10345764,1,194395,Titular único
10345765,4,,Múltiples titulares
10345766,1,518582,Titular único
10345767,1,527083,Titular único
10345768,3,,Múltiples titulares
10345769,2,,Múltiples titulares
10345770,1,10153929,Titular único
10345771,1,796845,Titular único
10345772,3,,Múltiples titulares
10345773,3,,Múltiples titulares
10345774,2,,Múltiples titulares
10345775,3,,Múltiples titulares
10345776,4,,Múltiples titulares
10345777,4,,Múltiples titulares
10345778,2,,Múltiples titulares
10345779,3,,Múltiples titulares
10345781,2,,Múltiples titulares
10345782,3,,Múltiples titulares
10345783,2,,Múltiples titulares
10345784,2,,Múltiples titulares
10345785,4,,Múltiples titulares
10345786,6,,Múltiples titulares
10345787,1,525297,Titular único
10346013,1,241671,Titular único
10346561,1,795383,Titular único
10346564,1,522184,Titular único
10346565,2,,Múltiples titulares
10346567,2,,Múltiples titulares
10346568,1,161601,Titular único
10346569,1,793414,Titular único
10346570,1,527462,Titular único
10346571,2,,Múltiples titulares
10346573,1,801443,Titular único
10346574,2,,Múltiples titulares
10346576,1,523252,Titular único
10346578,1,527762,Titular único
10346579,2,,Múltiples titulares
10346580,1,800485,Titular único
10346581,1,10323686,Titular único
10346584,2,,Múltiples titulares
10346585,2,,Múltiples titulares
10346586,1,797907,Titular único
10346587,2,,Múltiples titulares
10346588,5,,Múltiples titulares
10346590,1,518584,Titular único
10346591,2,,Múltiples titulares
10346594,3,,Múltiples titulares
10346596,1,803861,Titular único
10346597,1,115111,Titular único
10346599,2,,Múltiples titulares
10346600,1,113243,Titular único
10346602,2,,Múltiples titulares
10346604,2,,Múltiples titulares
10346606,2,,Múltiples titulares
10346607,1,518535,Titular único
10346609,2,,Múltiples titulares
10346611,1,794296,Titular único
10346613,2,,Múltiples titulares
10346614,2,,Múltiples titulares
10346615,1,95352,Titular único
10346616,1,10123620,Titular único
10346619,1,122583,Titular único
10346620,2,,Múltiples titulares
10346622,1,397544,Titular único
10346623,3,,Múltiples titulares
10346624,1,793305,Titular único
10346627,1,934565,Titular único
10346628,1,802076,Titular único
10346629,1,520501,Titular único
10346630,1,799646,Titular único
10346633,4,,Múltiples titulares
10346634,1,529340,Titular único
10346635,1,56323,Titular único
10346636,1,10689273,Titular único
10346638,2,,Múltiples titulares
10346639,3,,Múltiples titulares
10346640,3,,Múltiples titulares
10346641,1,523930,Titular único
10346642,2,,Múltiples titulares
10346644,1,528547,Titular único
10346645,3,,Múltiples titulares
10346646,1,531168,Titular único
10346647,1,795339,Titular único
10346648,5,,Múltiples titulares
10346649,2,,Múltiples titulares
10346650,3,,Múltiples titulares
10346651,1,795384,Titular único
10346652,2,,Múltiples titulares
10346653,1,530985,Titular único
10346654,1,10711634,Titular único
10346655,5,,Múltiples titulares
10346656,1,529579,Titular único
10346657,2,,Múltiples titulares
10346658,2,,Múltiples titulares
10346659,1,10223663,Titular único
10346660,1,529844,Titular único
10346661,5,,Múltiples titulares
10346662,2,,Múltiples titulares
10346663,2,,Múltiples titulares
10346664,3,,Múltiples titulares
10346667,2,,Múltiples titulares
10346669,4,,Múltiples titulares
10346670,1,385524,Titular único
10346671,3,,Múltiples titulares
10346672,5,,Múltiples titulares
10346674,4,,Múltiples titulares
10346675,4,,Múltiples titulares
10346676,3,,Múltiples titulares
10346677,1,10007060,Titular único
10346678,1,10136288,Titular único
10346679,3,,Múltiples titulares
10346680,2,,Múltiples titulares
10346681,2,,Múltiples titulares
10346682,2,,Múltiples titulares
10346683,1,10160175,Titular único
10346684,3,,Múltiples titulares
10346685,1,113891,Titular único
10346686,2,,Múltiples titulares
10346689,3,,Múltiples titulares
10346690,1,10223546,Titular único
10346692,1,10124389,Titular único
10346693,1,529361,Titular único
10346694,1,10224074,Titular único
10346695,1,801129,Titular único
10346721,1,10101780,Titular único
10347630,1,800481,Titular único
10347761,1,84356,Titular único
10347763,1,524730,Titular único
10347767,2,,Múltiples titulares
10347768,1,803651,Titular único
10347774,1,521938,Titular único
10347775,3,,Múltiples titulares
10347776,2,,Múltiples titulares
10347780,3,,Múltiples titulares
10347781,1,525456,Titular único
10347782,2,,Múltiples titulares
10347783,2,,Múltiples titulares
10347784,2,,Múltiples titulares
10347785,1,527089,Titular único
10347786,1,531409,Titular único
10347789,3,,Múltiples titulares
10347791,2,,Múltiples titulares
10347793,1,944039,Titular único
10347795,1,807595,Titular único
10347796,3,,Múltiples titulares
10347797,2,,Múltiples titulares
10347799,2,,Múltiples titulares
10347800,1,530778,Titular único
10347801,1,169310,Titular único
10347802,3,,Múltiples titulares
10347803,2,,Múltiples titulares
10347804,2,,Múltiples titulares
10347806,2,,Múltiples titulares
10347809,3,,Múltiples titulares
10347810,1,282626,Titular único
10347811,3,,Múltiples titulares
10347812,1,528418,Titular único
10347813,2,,Múltiples titulares
10347814,1,31695,Titular único
10347816,1,797336,Titular único
10347817,1,10229407,Titular único
10347818,2,,Múltiples titulares
10347819,3,,Múltiples titulares
10347821,3,,Múltiples titulares
10347822,4,,Múltiples titulares
10347823,1,800696,Titular único
10347824,2,,Múltiples titulares
10347826,5,,Múltiples titulares
10347827,2,,Múltiples titulares
10347829,7,,Múltiples titulares
10347830,1,528277,Titular único
10347831,1,799727,Titular único
10347832,1,525156,Titular único
10347833,5,,Múltiples titulares
10347834,3,,Múltiples titulares
10347835,1,10305480,Titular único
10347838,2,,Múltiples titulares
10347839,1,519510,Titular único
10347840,3,,Múltiples titulares
10347842,2,,Múltiples titulares
10347843,2,,Múltiples titulares
10347844,1,797202,Titular único
10347845,2,,Múltiples titulares
10347846,4,,Múltiples titulares
10347847,4,,Múltiples titulares
10347848,1,795821,Titular único
10347849,2,,Múltiples titulares
10347850,3,,Múltiples titulares
10347851,1,10324261,Titular único
10347852,2,,Múltiples titulares
10347854,2,,Múltiples titulares
10347856,3,,Múltiples titulares
10347857,1,10207446,Titular único
10347858,2,,Múltiples titulares
10347859,1,10136362,Titular único
10347860,7,,Múltiples titulares
10347861,8,,Múltiples titulares
10347862,4,,Múltiples titulares
10347863,4,,Múltiples titulares
10347864,1,793347,Titular único
10347865,1,135412,Titular único
10347866,4,,Múltiples titulares
10347867,3,,Múltiples titulares
10347868,1,526576,Titular único
10347869,1,10223550,Titular único
10347870,3,,Múltiples titulares
10347871,1,10336936,Titular único
10347873,1,797169,Titular único
10347874,1,11056757,Titular único
10347875,3,,Múltiples titulares
10347877,1,10324484,Titular único
10347878,2,,Múltiples titulares
10347880,2,,Múltiples titulares
10347882,3,,Múltiples titulares
10347883,2,,Múltiples titulares
10347884,2,,Múltiples titulares
10347885,1,529758,Titular único
10347886,1,10737070,Titular único
10347887,1,801684,Titular único
10347888,2,,Múltiples titulares
10347889,1,802213,Titular único
10347890,3,,Múltiples titulares
10347912,1,525276,Titular único
10348041,1,10238672,Titular único
10349183,1,10204141,Titular único
10349187,1,701635,Titular único
10349197,1,86045,Titular único
10349215,1,10354284,Titular único
10349222,1,10171612,Titular único
10349872,1,717251,Titular único
10349873,1,321444,Titular único
10349875,1,721754,Titular único
10349881,1,716806,Titular único
10349893,2,,Múltiples titulares
10349900,1,10171329,Titular único
10349903,1,931259,Titular único
10349909,1,741815,Titular único
10349913,1,796334,Titular único
10349916,1,523872,Titular único
10349932,1,527121,Titular único
10349942,1,750829,Titular único
10349949,1,435932,Titular único
10349951,1,804253,Titular único
10349952,1,299516,Titular único
10349966,1,804218,Titular único
10349972,3,,Múltiples titulares
10349981,1,795054,Titular único
10349987,1,88517,Titular único
10349988,1,985530,Titular único
10350001,2,,Múltiples titulares
10350003,1,497749,Titular único
10350005,1,33966,Titular único
10350021,1,799410,Titular único
10350024,1,322096,Titular único
10350056,1,10375742,Titular único
10350062,1,321449,Titular único
10350068,1,945267,Titular único
10350073,1,521048,Titular único
10350074,1,731923,Titular único
10350076,1,524434,Titular único
10350682,1,10333389,Titular único
10351079,1,800861,Titular único
10351528,1,705307,Titular único
10351544,1,10333666,Titular único
10352290,1,986534,Titular único
10353290,1,10305347,Titular único
10356423,1,10412621,Titular único
10356465,1,10412574,Titular único
10356469,1,10412626,Titular único
10356988,1,524443,Titular único
10358008,1,701372,Titular único
10359122,1,10359120,Titular único
10359712,1,716636,Titular único
10359720,1,10336869,Titular único
10359782,1,439120,Titular único
10359789,1,10688062,Titular único
10362223,1,10061479,Titular único
10362554,1,525302,Titular único
10362605,1,10363977,Titular único
10362607,1,154427,Titular único
10364550,1,10136005,Titular único
10364561,1,528142,Titular único
10364574,1,10136005,Titular único
10365878,1,798027,Titular único
10366259,1,435798,Titular único
10366443,1,323525,Titular único
10366787,1,523237,Titular único
10367392,1,354237,Titular único
10368383,1,10368390,Titular único
10369398,1,10154006,Titular único
10369672,1,10363960,Titular único
10371198,1,322916,Titular único
10371238,1,10388109,Titular único
10371262,1,10388081,Titular único
10371267,1,10388091,Titular único
10371275,1,10388138,Titular único
10373682,1,10171264,Titular único
10374491,1,35564,Titular único
10374496,1,984626,Titular único
10374700,1,780786,Titular único
10374795,1,509330,Titular único
10374803,1,11927348,Titular único
10375020,1,10353907,Titular único
10375250,1,10369559,Titular único
10375411,1,794521,Titular único
10377500,1,10377502,Titular único
10377787,2,,Múltiples titulares
10380957,1,80559,Titular único
10380967,1,713881,Titular único
10380990,1,781145,Titular único
10381008,1,392818,Titular único
10381015,1,80574,Titular único
10381024,1,392877,Titular único
10381041,1,508982,Titular único
10381061,1,88453,Titular único
10381068,1,986554,Titular único
10381090,1,10672839,Titular único
10381108,1,10380924,Titular único
10381109,1,80563,Titular único
10381114,1,392828,Titular único
10381116,1,986563,Titular único
10381156,1,10670901,Titular único
10381181,1,10384356,Titular único
10381198,1,392800,Titular único
10381200,1,10381251,Titular único
10381212,1,80559,Titular único
10381218,1,392887,Titular único
10381252,1,10381177,Titular único
10381310,1,10380924,Titular único
10381311,1,10033086,Titular único
10381323,1,10381049,Titular único
10381350,1,10381049,Titular único
10381360,1,731305,Titular único
10381366,1,392800,Titular único
10381367,1,10033086,Titular único
10382638,1,801440,Titular único
10384345,1,354223,Titular único
10384372,1,438908,Titular único
10384768,1,10834623,Titular único
10384774,1,48411,Titular único
10384790,1,10015465,Titular único
10384798,1,781143,Titular único
10384815,1,10015505,Titular único
10384843,1,10015505,Titular único
10384898,1,10153938,Titular único
10386467,1,392874,Titular único
10387135,1,10136134,Titular único
10387361,1,524466,Titular único
10387990,1,780271,Titular único
10388043,1,712512,Titular único
10388085,1,10678465,Titular único
10388140,1,10390867,Titular único
10388689,1,436190,Titular único
10388696,1,333531,Titular único
10388707,1,10366117,Titular único
10388713,2,,Múltiples titulares
10388721,1,10655827,Titular único
10389275,1,322188,Titular único
10389960,1,10383582,Titular único
10390818,1,322040,Titular único
10390841,1,10279487,Titular único
10390874,1,10390891,Titular único
10390914,1,261399,Titular único
10390932,1,10390970,Titular único
10390993,1,10390828,Titular único
10394681,1,944953,Titular único
10395169,1,797575,Titular único
10396536,1,10850373,Titular único
10396782,1,220302,Titular único
10396886,1,10171405,Titular único
10396922,1,11479350,Titular único
10396939,1,10171405,Titular único
10396989,2,,Múltiples titulares
10397390,1,426926,Titular único
10397846,1,707567,Titular único
10397881,1,11408191,Titular único
10398351,1,10191180,Titular único
10399706,1,10412048,Titular único
10399972,1,10305247,Titular único
10400313,1,153821,Titular único
10401000,1,10396954,Titular único
10403510,2,,Múltiples titulares
10403536,1,10403576,Titular único
10403558,1,393149,Titular único
10403590,1,10403576,Titular único
10403640,1,10403675,Titular único
10403695,2,,Múltiples titulares
10403747,1,10280062,Titular único
10403754,1,10403697,Titular único
10404410,1,1792,Titular único
10404903,1,222468,Titular único
10405016,1,82031,Titular único
10405025,1,441204,Titular único
10405040,1,109997,Titular único
10405064,1,10075358,Titular único
10405122,1,10190335,Titular único
10405722,1,797039,Titular único
10407605,1,109306,Titular único
10407615,1,11440374,Titular único
10408726,1,10220326,Titular único
10408772,1,10559175,Titular único
10410517,1,194068,Titular único
10410887,1,10017414,Titular único
10411291,1,528200,Titular único
10412335,1,10412339,Titular único
10412583,1,780327,Titular único
10413155,1,527671,Titular único
10413323,1,10305275,Titular único
10414400,1,434633,Titular único
10415140,2,,Múltiples titulares
10415142,1,526168,Titular único
10415144,1,786992,Titular único
10416352,1,10306481,Titular único
10416902,1,107754,Titular único
10416928,1,327972,Titular único
10416943,1,552343,Titular único
10416952,1,11295755,Titular único
10416954,1,11295175,Titular único
10416968,1,10142552,Titular único
10416974,1,10655642,Titular único
10416979,1,521848,Titular único
10417733,1,328386,Titular único
10417760,1,328386,Titular único
10418505,1,787682,Titular único
10418915,1,226141,Titular único
10419007,1,10418950,Titular único
10419708,1,38173,Titular único
10419772,1,731689,Titular único
10419811,1,355345,Titular único
10419816,1,79217,Titular único
10419824,1,88547,Titular único
10419830,1,10473717,Titular único
10419837,1,10473976,Titular único
10419852,1,509695,Titular único
10419853,1,10473865,Titular único
10419871,1,10678397,Titular único
10419888,1,797805,Titular único
10419929,1,11032182,Titular único
10419939,1,10474192,Titular único
10420019,1,10420019,Titular único
10420036,1,10420039,Titular único
10420924,1,801196,Titular único
10421501,1,10123704,Titular único
10422133,1,10422131,Titular único
10422403,1,349445,Titular único
10422409,1,131669,Titular único
10422416,1,763099,Titular único
10422463,1,11408729,Titular único
10422465,1,722242,Titular único
10422490,1,100178,Titular único
10422506,1,854621,Titular único
10422579,1,722316,Titular único
10422580,1,722767,Titular único
10422618,1,328765,Titular único
10422635,1,552505,Titular único
10422638,1,722217,Titular único
10422643,1,724351,Titular único
10422663,1,84878,Titular único
10422688,1,10456779,Titular único
10424399,1,10265608,Titular único
10425767,1,722014,Titular único
10425815,1,457560,Titular único
10425818,1,793822,Titular único
10425826,1,530751,Titular único
10425855,1,11280597,Titular único
10425867,1,10473945,Titular único
10425870,1,10077547,Titular único
10425872,1,840838,Titular único
10425893,1,529869,Titular único
10425899,3,,Múltiples titulares
10425918,1,10324510,Titular único
10425928,1,750813,Titular único
10426066,1,308817,Titular único
10426080,1,10449119,Titular único
10426861,1,10610468,Titular único
10427327,1,10792907,Titular único
10427678,1,218168,Titular único
10428494,1,11295274,Titular único
10428498,1,798172,Titular único
10428517,1,720217,Titular único
10428518,1,722338,Titular único
10428563,1,10452288,Titular único
10428569,1,572701,Titular único
10428597,2,,Múltiples titulares
10428611,1,11295742,Titular único
10428619,1,722456,Titular único
10428627,2,,Múltiples titulares
10428628,1,10472314,Titular único
10429787,1,10429693,Titular único
10430116,1,10020225,Titular único
10430209,1,10430217,Titular único
10430221,1,10430159,Titular único
10430236,1,10418965,Titular único
10431174,1,722358,Titular único
10431220,1,722461,Titular único
10431260,1,724320,Titular único
10431395,1,11281670,Titular único
10431407,1,11431309,Titular único
10431512,1,87962,Titular único
10431516,1,329416,Titular único
10431523,1,76429,Titular único
10431551,1,720081,Titular único
10431593,1,85212,Titular único
10431646,1,11431207,Titular único
10431698,1,10078893,Titular único
10431705,1,921917,Titular único
10431713,1,11431336,Titular único
10431715,1,10018749,Titular único
10431749,2,,Múltiples titulares
10431762,1,722461,Titular único
10431796,1,10424245,Titular único
10431797,1,10424506,Titular único
10431832,1,10847278,Titular único
10431856,1,11408688,Titular único
10432948,1,791557,Titular único
10432984,1,731558,Titular único
10432991,1,735820,Titular único
10432997,1,731859,Titular único
10433043,1,81668,Titular único
10433060,1,81668,Titular único
10433103,1,10474309,Titular único
10433118,1,227907,Titular único
10433146,1,258783,Titular único
10433148,1,528222,Titular único
10433156,1,322414,Titular único
10433160,2,,Múltiples titulares
10433169,1,797786,Titular único
10433171,1,732050,Titular único
10433183,1,377474,Titular único
10433190,1,10474136,Titular único
10433199,1,92949,Titular único
10433203,1,793164,Titular único
10433210,1,474266,Titular único
10433211,1,763277,Titular único
10433220,1,735723,Titular único
10434389,1,327760,Titular único
10434417,1,723092,Titular único
10434429,1,722159,Titular único
10434433,1,88001,Titular único
10434456,1,724332,Titular único
10434464,1,226573,Titular único
10434508,2,,Múltiples titulares
10434515,1,720162,Titular único
10434535,1,225636,Titular único
10434550,1,732716,Titular único
10434553,1,11295693,Titular único
10434561,1,803778,Titular único
10434586,1,10457144,Titular único
10434599,1,722158,Titular único
10434601,1,11408645,Titular único
10434604,1,226573,Titular único
10434622,1,225205,Titular único
10434624,1,11432463,Titular único
10434629,1,11432270,Titular único
10434638,1,10423487,Titular único
10434653,1,10456677,Titular único
10434669,2,,Múltiples titulares
10434798,1,227055,Titular único
10435871,2,,Múltiples titulares
10435919,1,85252,Titular único
10435951,2,,Múltiples titulares
10435957,1,328559,Titular único
10435978,1,10452496,Titular único
10436092,1,10436072,Titular único
10436370,1,455533,Titular único
10436376,1,525587,Titular único
10436387,2,,Múltiples titulares
10436421,1,796947,Titular único
10436425,1,455624,Titular único
10436426,1,712554,Titular único
10436445,1,308407,Titular único
10436466,1,647058,Titular único
10436491,1,732049,Titular único
10436515,1,731984,Titular único
10436542,1,457155,Titular único
10436556,1,455583,Titular único
10436573,1,109446,Titular único
10436580,1,455475,Titular único
10436586,1,10518865,Titular único
10436592,1,180105,Titular único
10436626,1,552399,Titular único
10436638,1,724299,Titular único
10436665,1,522288,Titular único
10436731,1,723393,Titular único
10436771,1,553017,Titular único
10436788,1,552330,Titular único
10436841,1,10429977,Titular único
10436848,1,722545,Titular único
10436893,2,,Múltiples titulares
10436903,1,10482898,Titular único
10436917,1,10072697,Titular único
10436979,1,796012,Titular único
10438407,1,720973,Titular único
10438514,1,10438491,Titular único
10438730,1,10438722,Titular único
10438753,1,10438707,Titular único
10438768,1,10419028,Titular único
10438907,1,720973,Titular único
10439646,2,,Múltiples titulares
10439714,1,167892,Titular único
10439720,1,179012,Titular único
10439731,1,79181,Titular único
10439732,1,457652,Titular único
10439738,2,,Múltiples titulares
10439760,1,731678,Titular único
10439771,1,730225,Titular único
10439776,1,10678397,Titular único
10439784,1,227996,Titular único
10439789,1,925431,Titular único
10439796,1,800207,Titular único
10439811,2,,Múltiples titulares
10439815,1,17317,Titular único
10439821,1,105937,Titular único
10439855,1,10473887,Titular único
10439877,2,,Múltiples titulares
10439878,1,528428,Titular único
10439892,2,,Múltiples titulares
10439932,1,10474215,Titular único
10439933,1,10474187,Titular único
10439967,1,10473949,Titular único
10439970,1,11433389,Titular único
10439972,1,455544,Titular único
10439982,1,10474151,Titular único
10440008,1,10474344,Titular único
10441220,1,10238021,Titular único
10441501,1,153294,Titular único
10442110,1,328737,Titular único
10442131,1,10444213,Titular único
10442132,1,722704,Titular único
10442151,1,328653,Titular único
10442157,1,529510,Titular único
10442189,1,409932,Titular único
10442210,1,101069,Titular único
10442224,1,10153951,Titular único
10442228,1,720017,Titular único
10443909,1,10443904,Titular único
10444316,1,10444295,Titular único
10444420,1,225859,Titular único
10445317,1,854732,Titular único
10446018,2,,Múltiples titulares
10446163,1,722207,Titular único
10446166,1,11408316,Titular único
10446195,1,85728,Titular único
10446202,1,722456,Titular único
10446210,1,10472211,Titular único
10446260,1,85093,Titular único
10446276,1,11431228,Titular único
10446309,1,328375,Titular único
10446353,1,722689,Titular único
10446406,1,724310,Titular único
10446451,1,11431211,Titular único
10446469,1,722334,Titular único
10446471,1,11295317,Titular único
10446501,1,10482811,Titular único
10446533,1,10424458,Titular único
10446534,1,10456753,Titular único
10446544,1,10473597,Titular único
10446571,1,11431146,Titular único
10448261,1,328007,Titular único
10448271,1,10081000,Titular único
10448764,1,799804,Titular único
10449081,1,333577,Titular único
10449095,1,38178,Titular único
10449177,1,38178,Titular único
10449324,1,10449091,Titular único
10449880,1,750834,Titular único
10450225,1,10265604,Titular único
10450310,1,11432481,Titular único
10450464,1,30071,Titular único
10450489,1,10679247,Titular único
10451431,1,10678540,Titular único
10451672,1,226691,Titular único
10451682,1,10438706,Titular único
10452276,1,86438,Titular único
10452463,1,11408729,Titular único
10452487,1,10020698,Titular único
10452495,1,10020698,Titular único
10454240,1,10454233,Titular único
10454302,1,321191,Titular único
10454323,1,10224072,Titular único
10454845,1,10954842,Titular único
10454955,1,10454925,Titular único
10454973,1,394291,Titular único
10454974,1,712400,Titular único
10454976,1,393111,Titular único
10455005,1,393154,Titular único
10455102,1,10455045,Titular único
10455136,1,81683,Titular único
10455141,1,11044049,Titular único
10455159,1,10280098,Titular único
10455167,1,10412589,Titular único
10455212,1,10280098,Titular único
10456680,1,732911,Titular único
10456887,1,11295104,Titular único
10457047,1,722878,Titular único
10457092,1,10513581,Titular único
10457125,1,552364,Titular único
10457449,1,10457310,Titular único
10457474,1,10457414,Titular único
10457479,1,722775,Titular único
10457574,1,10018688,Titular único
10462680,1,226100,Titular único
10462724,1,10462664,Titular único
10462730,1,712423,Titular único
10463395,1,88174,Titular único
10464005,1,11927481,Titular único
10464028,1,10081000,Titular único
10464031,1,197898,Titular único
10464042,1,800253,Titular único
10464283,1,10021023,Titular único
10464291,1,10464274,Titular único
10464296,1,10245826,Titular único
10465290,1,713519,Titular único
10465292,1,10403501,Titular único
10465366,1,10279475,Titular único
10467047,1,722570,Titular único
10467064,1,227465,Titular único
10467102,2,,Múltiples titulares
10467111,1,225149,Titular único
10467113,1,224622,Titular único
10467118,1,435379,Titular único
10467132,2,,Múltiples titulares
10467184,1,167344,Titular único
10467186,1,10457098,Titular único
10467191,1,11295680,Titular único
10467220,2,,Múltiples titulares
10467227,1,722579,Titular único
10467230,1,441504,Titular único
10467239,1,722899,Titular único
10467243,1,800497,Titular único
10467246,1,10828414,Titular único
10467251,1,11295429,Titular único
10467311,1,85090,Titular único
10467979,1,10010348,Titular único
10469059,1,10333703,Titular único
10470366,2,,Múltiples titulares
10470377,1,10424189,Titular único
10470448,1,10444231,Titular único
10470493,2,,Múltiples titulares
10470559,1,10457255,Titular único
10472266,1,281345,Titular único
10472287,1,786452,Titular único
10473472,1,84981,Titular único
10473738,1,731877,Titular único
10473778,1,456867,Titular único
10473994,1,308407,Titular único
10474053,1,455210,Titular único
10474148,1,731877,Titular único
10474327,1,10323752,Titular único
10474338,1,10075914,Titular único
10474383,2,,Múltiples titulares
10474428,1,243478,Titular único
10474459,1,10473949,Titular único
10474500,1,732062,Titular único
10474588,1,10474192,Titular único
10474627,1,10072289,Titular único
10474633,2,,Múltiples titulares
10474651,1,10474688,Titular único
10474719,1,10072289,Titular único
10474755,1,10474008,Titular único
10474828,1,11433914,Titular único
10474914,1,10509665,Titular único
10479653,1,430746,Titular único
10480653,1,327552,Titular único
10480687,1,722507,Titular único
10480705,1,552291,Titular único
10480713,1,328728,Titular único
10480717,1,227374,Titular único
10480733,1,797049,Titular único
10480734,1,10456678,Titular único
10480767,1,10444240,Titular único
10480771,1,721985,Titular único
10484044,1,10473370,Titular único
10484341,1,90983,Titular único
10484358,1,10473842,Titular único
10484376,1,801475,Titular único
10484427,1,455294,Titular único
10484439,1,731868,Titular único
10484440,1,79210,Titular único
10484449,1,455570,Titular único
10484540,1,496972,Titular único
10484552,1,800659,Titular único
10484582,1,257850,Titular único
10484594,1,10529602,Titular único
10485561,1,10485555,Titular único
10485803,1,79609,Titular único
10485805,1,198974,Titular único
10486054,1,10486025,Titular único
10486616,1,733779,Titular único
10487132,1,11044159,Titular único
10489336,1,10489343,Titular único
10489372,1,10022753,Titular único
10489388,1,735062,Titular único
10489942,1,730217,Titular único
10490225,1,10490243,Titular único
10490881,1,732363,Titular único
10490888,1,10527011,Titular único
10490889,1,197747,Titular único
10490892,1,10527020,Titular único
10492347,1,10576900,Titular único
10492662,1,10072805,Titular único
10492911,1,39850,Titular único
10493197,1,91165,Titular único
10493205,1,67950,Titular único
10493213,1,10022968,Titular único
10493238,1,10072762,Titular único
10493254,1,10493205,Titular único
10493471,1,308558,Titular único
10493496,1,11929067,Titular único
10494123,1,10494122,Titular único
10495327,1,79604,Titular único
10495344,1,808892,Titular único
10495350,1,79597,Titular único
10495361,2,,Múltiples titulares
10495371,1,10424199,Titular único
10495641,1,10495636,Titular único
10495655,1,10834623,Titular único
10496025,1,796205,Titular único
10496043,1,743711,Titular único
10496253,1,10733803,Titular único
10496333,1,71712,Titular único
10496501,1,10552734,Titular único
10498277,1,330265,Titular único
10498299,2,,Múltiples titulares
10498960,1,854426,Titular único
10498964,1,10498941,Titular único
10498970,1,10652326,Titular único
10498972,1,10850970,Titular único
10499246,1,91588,Titular único
10499262,1,91577,Titular único
10499274,1,10499274,Titular único
10499329,2,,Múltiples titulares
10499340,1,10499302,Titular único
10499350,1,91588,Titular único
10499352,1,10100687,Titular único
10499360,1,91579,Titular único
10499404,1,10499329,Titular único
10499409,1,10499329,Titular único
10499410,1,10499371,Titular único
10499491,1,11275857,Titular único
10500904,1,795747,Titular único
10500922,1,333759,Titular único
10500927,1,67674,Titular único
10500949,1,910157,Titular único
10500966,1,240530,Titular único
10500969,1,333664,Titular único
10500975,1,93971,Titular único
10500992,1,400448,Titular único
10500994,1,10496246,Titular único
10501001,1,10496256,Titular único
10501003,1,750834,Titular único
10501006,1,93509,Titular único
10501859,1,526921,Titular único
10501862,1,10223631,Titular único
10502204,1,10502205,Titular único
10502777,1,734319,Titular único
10502815,1,734345,Titular único
10502829,1,10024401,Titular único
10503984,1,10503978,Titular único
10504003,1,10522166,Titular único
10504275,1,438907,Titular único
10504290,1,227979,Titular único
10504574,1,197522,Titular único
10504577,1,197526,Titular único
10504582,1,10516617,Titular único
10504586,1,197522,Titular único
10504612,1,10504571,Titular único
10504837,1,455472,Titular único
10505456,1,10670937,Titular único
10506016,1,102916,Titular único
10506073,1,10496179,Titular único
10506074,2,,Múltiples titulares
10506080,1,524275,Titular único
10506122,1,71648,Titular único
10506131,1,10496251,Titular único
10506145,1,67724,Titular único
10506147,1,400345,Titular único
10506149,1,10496023,Titular único
10506161,1,71648,Titular único
10506168,1,10496196,Titular único
10506177,1,10496113,Titular único
10506187,1,796011,Titular único
10506188,1,333656,Titular único
10506190,1,10496353,Titular único
10506199,1,193884,Titular único
10507213,1,10529584,Titular único
10507221,1,10529502,Titular único
10507227,1,228155,Titular único
10507236,1,90995,Titular único
10507240,1,10529739,Titular único
10507241,1,10529760,Titular único
10507251,1,10529808,Titular único
10507254,1,10529592,Titular único
10507256,1,10529582,Titular único
10507270,1,10024919,Titular único
10507275,1,10507190,Titular único
10507288,1,10529582,Titular único
10507300,1,10507190,Titular único
10507313,1,10464031,Titular único
10507321,1,944341,Titular único
10507332,1,10529634,Titular único
10507792,1,10305651,Titular único
10507812,1,71805,Titular único
10507816,1,10656318,Titular único
10507822,1,10507806,Titular único
10507823,1,10851677,Titular único
10508383,1,90212,Titular único
10508399,1,10516624,Titular único
10508405,1,10076618,Titular único
10508414,1,10516589,Titular único
10508420,1,10850970,Titular único
10508422,1,10190339,Titular único
10508427,1,10076618,Titular único
10508436,1,10141868,Titular único
10508437,1,10516576,Titular único
10508441,1,10516699,Titular único
10508447,1,227367,Titular único
10509184,1,376882,Titular único
10509490,1,10509457,Titular único
10509570,1,328719,Titular único
10509581,1,10056490,Titular único
10509687,1,10509687,Titular único
10509698,1,10509493,Titular único
10510653,1,743759,Titular único
10510675,1,400391,Titular único
10510676,1,743759,Titular único
10510730,1,400406,Titular único
10510733,1,71810,Titular único
10510738,1,635427,Titular único
10514183,1,10514181,Titular único
10515505,1,804099,Titular único
10516553,1,92713,Titular único
10516558,1,11063936,Titular único
10516583,1,92720,Titular único
10516600,2,,Múltiples titulares
10516618,1,332235,Titular único
10516692,1,10516631,Titular único
10516709,1,10516611,Titular único
10516710,1,38864,Titular único
10516716,1,10850970,Titular único
10516725,1,92713,Titular único
10516735,1,10516743,Titular único
10516772,1,197697,Titular único
10516774,1,11484500,Titular único
10516775,1,11261191,Titular único
10516777,1,11276529,Titular único
10517363,1,10438958,Titular único
10517378,1,10517366,Titular único
10517409,1,735845,Titular único
10517415,1,10024249,Titular único
10517425,1,10517389,Titular único
10517426,1,10517374,Titular único
10517427,1,10517422,Titular único
10518178,1,332729,Titular único
10518213,1,10518185,Titular único
10518247,1,732261,Titular único
10518254,1,10518151,Titular único
10518266,1,10518172,Titular único
10518280,1,732298,Titular único
10518420,1,10337299,Titular único
10518850,1,231144,Titular único
10518867,1,735948,Titular único
10518872,1,11239946,Titular único
10518874,1,735940,Titular único
10518902,1,735940,Titular único
10520519,1,10520527,Titular único
10520534,2,,Múltiples titulares
10520688,1,734295,Titular único
10520823,1,11094908,Titular único
10521461,1,522687,Titular único
10521874,1,10022775,Titular único
10522024,1,10545474,Titular único
10522438,1,90229,Titular único
10523259,1,882317,Titular único
10523845,1,527958,Titular único
10523979,1,464585,Titular único
10524027,1,240493,Titular único
10524053,1,466710,Titular único
10524070,1,798852,Titular único
10525257,1,733176,Titular único
10525713,1,10509183,Titular único
10525720,1,10072746,Titular único
10527022,1,852045,Titular único
10527301,1,10527319,Titular único
10527402,1,12350491,Titular único
10528328,1,10500373,Titular único
10528383,1,207404,Titular único
10528435,1,10523960,Titular único
10528439,1,10523959,Titular único
10529420,1,330695,Titular único
10529436,1,799183,Titular único
10529485,1,47943,Titular único
10529497,1,735448,Titular único
10529514,1,10529459,Titular único
10529534,1,10529459,Titular único
10529541,1,48057,Titular único
10529543,1,330658,Titular único
10529568,1,90236,Titular único
10529586,1,10529583,Titular único
10529589,1,39089,Titular único
10529616,1,90239,Titular único
10529633,1,10529427,Titular único
10529658,1,10509531,Titular único
10529666,1,10999618,Titular único
10529703,1,10529718,Titular único
10529706,1,90227,Titular único
10529717,1,10529488,Titular único
10529718,1,10529760,Titular único
10529725,1,10024873,Titular único
10529740,1,10529502,Titular único
10529752,1,10229586,Titular único
10529770,1,10464001,Titular único
10529832,1,10529760,Titular único
10529857,1,10024974,Titular único
10529858,1,10024959,Titular único
10529868,2,,Múltiples titulares
10529886,1,10529515,Titular único
10529920,1,10023720,Titular único
10529924,3,,Múltiples titulares
10529930,2,,Múltiples titulares
10529934,1,10529994,Titular único
10529945,1,10530027,Titular único
10529967,1,10529965,Titular único
10529970,1,10141980,Titular único
10529978,1,10529628,Titular único
10529979,1,10688166,Titular único
10529981,1,10999642,Titular único
10529982,1,10529969,Titular único
10529984,2,,Múltiples titulares
10529987,1,10034588,Titular único
10530014,1,732432,Titular único
10530107,1,38711,Titular único
10531220,1,91577,Titular único
10531228,1,10961882,Titular único
10531249,2,,Múltiples titulares
10531255,2,,Múltiples titulares
10531258,1,10078425,Titular único
10531262,1,10499386,Titular único
10531268,1,10262702,Titular único
10531353,1,10499432,Titular único
10533230,1,803106,Titular único
10533248,1,337039,Titular único
10533260,1,239954,Titular único
10533297,1,403867,Titular único
10533334,1,73138,Titular único
10533370,1,10565042,Titular único
10533377,1,73147,Titular único
10533451,1,10533248,Titular único
10534427,1,95329,Titular único
10534443,1,854657,Titular único
10534448,1,743731,Titular único
10534454,1,787533,Titular único
10534482,1,10959138,Titular único
10534485,1,10524043,Titular único
10535596,1,10244668,Titular único
10536086,1,741301,Titular único
10536104,1,10536092,Titular único
10536134,1,10536050,Titular único
10537240,1,241574,Titular único
10537248,1,10537243,Titular único
10537658,2,,Múltiples titulares
10537709,1,10537706,Titular único
10537735,1,248535,Titular único
10537758,1,804303,Titular único
10537769,1,243350,Titular único
10537783,1,751003,Titular único
10537915,1,243381,Titular único
10537990,1,523950,Titular único
10538066,1,98599,Titular único
10538321,1,801782,Titular único
10538521,1,303992,Titular único
10541461,1,743591,Titular único
10541463,1,67727,Titular único
10541465,1,743227,Titular único
10541466,1,743224,Titular único
10541468,1,808495,Titular único
10542521,1,743894,Titular único
10542834,1,743714,Titular único
10542861,1,10791731,Titular único
10542888,1,741854,Titular único
10542891,1,10523911,Titular único
10543981,1,419532,Titular único
10543984,2,,Múltiples titulares
10543992,1,10323657,Titular único
10543995,1,11306175,Titular único
10544006,1,302353,Titular único
10544781,1,10549892,Titular único
10544804,1,44146,Titular único
10544817,1,247179,Titular único
10545383,1,303900,Titular único
10545388,1,10733209,Titular único
10545395,1,523530,Titular único
10545406,1,101806,Titular único
10545445,1,802560,Titular único
10545447,1,247131,Titular único
10545449,1,101713,Titular único
10545460,1,914956,Titular único
10545475,1,101842,Titular único
10545482,1,246522,Titular único
10545484,1,182571,Titular único
10545485,2,,Múltiples titulares
10545500,1,142749,Titular único
10545504,1,101845,Titular único
10545516,1,303907,Titular único
10545520,1,717221,Titular único
10545532,1,355328,Titular único
10545546,1,101890,Titular único
10545548,1,10616565,Titular único
10545555,1,10700042,Titular único
10545572,2,,Múltiples titulares
10545575,1,101845,Titular único
10545578,1,247176,Titular único
10545580,1,44386,Titular único
10545594,1,10545403,Titular único
10545595,1,10733217,Titular único
10545601,2,,Múltiples titulares
10545613,1,910468,Titular único
10545618,1,10545471,Titular único
10545628,1,31333,Titular único
10545633,1,11111990,Titular único
10545644,1,10545444,Titular único
10545656,1,10486007,Titular único
10548014,1,10190786,Titular único
10548576,1,113487,Titular único
10548577,2,,Múltiples titulares
10548591,2,,Múltiples titulares
10548610,1,159898,Titular único
10548617,1,12994,Titular único
10548624,2,,Múltiples titulares
10548626,1,160782,Titular único
10548627,1,302369,Titular único
10548630,1,304049,Titular único
10548637,1,102836,Titular único
10548642,1,354277,Titular único
10548646,2,,Múltiples titulares
10548649,1,161617,Titular único
10548681,1,303978,Titular único
10548685,1,102740,Titular único
10548691,1,750820,Titular único
10548710,1,750813,Titular único
10548725,1,10538149,Titular único
10548747,1,10537847,Titular único
10548752,1,10537941,Titular único
10548756,1,44728,Titular único
10548762,1,10239067,Titular único
10548774,2,,Múltiples titulares
10548777,2,,Múltiples titulares
10548780,1,102908,Titular único
10548798,2,,Múltiples titulares
10548805,1,160720,Titular único
10548809,1,243353,Titular único
10548815,1,10537935,Titular único
10548818,2,,Múltiples titulares
10548819,1,167831,Titular único
10548827,1,798946,Titular único
10548840,1,750716,Titular único
10548843,1,10538517,Titular único
10548844,1,750806,Titular único
10548869,1,528030,Titular único
10548888,1,102795,Titular único
10549014,1,10538092,Titular único
10549186,2,,Múltiples titulares
10551263,1,71765,Titular único
10551280,1,910152,Titular único
10552464,1,523716,Titular único
10552732,1,10552730,Titular único
10553150,1,10123847,Titular único
10553590,1,303184,Titular único
10553591,1,10537645,Titular único
10553602,1,750930,Titular único
10553603,1,10190051,Titular único
10553616,1,10538004,Titular único
10553622,1,44380,Titular único
10553624,1,10545556,Titular único
10555508,1,531163,Titular único
10556866,1,10311230,Titular único
10557522,1,303266,Titular único
10557533,1,44146,Titular único
10557535,1,945278,Titular único
10557537,1,10537978,Titular único
10557541,3,,Múltiples titulares
10557543,2,,Múltiples titulares
10557564,2,,Múltiples titulares
10557574,1,750880,Titular único
10557600,1,10537967,Titular único
10557601,1,10538204,Titular único
10557608,1,10549890,Titular único
10558305,1,243731,Titular único
10558316,1,10558309,Titular único
10558902,1,302262,Titular único
10558905,1,159905,Titular único
10558908,1,10721976,Titular único
10559165,1,750033,Titular único
10559183,1,11934602,Titular único
10559187,1,10559186,Titular único
10560282,1,239958,Titular único
10560283,1,239959,Titular único
10561200,1,750667,Titular único
10561202,1,243382,Titular único
10561223,1,243321,Titular único
10561225,1,243321,Titular único
10561231,1,102678,Titular único
10561236,1,750910,Titular único
10561238,1,750774,Titular único
10561247,2,,Múltiples titulares
10561270,1,10537868,Titular único
10561273,1,751014,Titular único
10561275,1,160740,Titular único
10561276,1,10538135,Titular único
10561279,1,10537764,Titular único
10561283,1,750989,Titular único
10561284,1,751050,Titular único
10561288,1,801631,Titular único
10561289,1,10606524,Titular único
10561303,1,796319,Titular único
10561306,1,10549173,Titular único
10561316,1,523488,Titular único
10561319,1,750894,Titular único
10561325,1,455333,Titular único
10561337,1,807398,Titular único
10565022,1,10565022,Titular único
10567082,1,232849,Titular único
10567682,1,44384,Titular único
10567695,1,58332,Titular único
10567725,1,10567733,Titular único
10567755,1,10160434,Titular único
10567774,1,10160672,Titular único
10567779,1,10567755,Titular único
10567789,1,10142336,Titular único
10567797,1,77328,Titular único
10567800,1,10567773,Titular único
10567804,1,72556,Titular único
10567811,1,10733234,Titular único
10567842,1,58263,Titular único
10567854,2,,Múltiples titulares
10568021,2,,Múltiples titulares
10570154,1,10570148,Titular único
10570950,1,943690,Titular único
10570957,1,634730,Titular único
10570959,2,,Múltiples titulares
10570962,1,844586,Titular único
10571847,1,240709,Titular único
10573312,1,10588178,Titular único
10574881,1,799980,Titular único
10575153,1,10992101,Titular único
10575166,1,10575140,Titular único
10575473,1,10523939,Titular único
10575868,1,10992062,Titular único
10576035,1,10575989,Titular único
10576230,1,10656408,Titular único
10577580,1,10577583,Titular único
10577840,1,10577821,Titular único
10577874,1,10577861,Titular único
10579780,1,463765,Titular único
10579806,1,10575799,Titular único
10579810,1,741861,Titular único
10579826,1,10535849,Titular único
10579827,1,10575836,Titular único
10579837,1,10535858,Titular único
10579843,1,741865,Titular único
10580785,1,10549176,Titular único
10580796,1,10549218,Titular único
10580799,1,10549231,Titular único
10581396,1,44157,Titular único
10581403,1,397528,Titular único
10581411,1,10549897,Titular único
10581994,1,11286251,Titular único
10582000,1,10733236,Titular único
10582001,1,10559172,Titular único
10582003,1,10986360,Titular único
10582014,1,101858,Titular único
10582015,1,11068919,Titular único
10582018,1,11218181,Titular único
10582024,2,,Múltiples titulares
10582025,1,10545630,Titular único
10582034,1,10733256,Titular único
10582297,1,796283,Titular único
10583246,1,10583247,Titular único
10583528,1,797331,Titular único
10583529,1,520475,Titular único
10583545,1,10575779,Titular único
10583551,1,95181,Titular único
10583554,1,741867,Titular único
10583555,1,10791731,Titular único
10583558,1,463863,Titular único
10583574,1,740852,Titular único
10583585,1,741867,Titular único
10584831,1,355244,Titular único
10585501,1,10616993,Titular único
10585505,1,10617395,Titular único
10588455,1,10616546,Titular único
10589347,1,102936,Titular único
10591192,1,10588443,Titular único
10592086,2,,Múltiples titulares
10592398,1,252821,Titular único
10592420,1,181841,Titular único
10592462,1,114432,Titular único
10592581,1,10692565,Titular único
10594442,1,103877,Titular único
10596004,1,10596003,Titular único
10596054,1,10904362,Titular único
10597100,1,10265819,Titular único
10597651,1,10029383,Titular único
10600106,1,11113331,Titular único
10600391,1,10500391,Titular único
10600405,1,10616557,Titular único
10600409,1,10616568,Titular único
10602390,1,10602380,Titular único
10602673,1,750604,Titular único
10602966,2,,Múltiples titulares
10604868,1,102980,Titular único
10606481,1,751471,Titular único
10609868,2,,Múltiples titulares
10609892,1,10609891,Titular único
10611158,1,10590465,Titular único
10612194,1,10612219,Titular único
10612225,2,,Múltiples titulares
10612790,2,,Múltiples titulares
10612792,1,10598103,Titular único
10614317,1,10612015,Titular único
10617289,1,763124,Titular único
10617426,1,10323715,Titular único
10617503,1,743757,Titular único
10617802,1,10878230,Titular único
10620801,1,122818,Titular único
10622761,1,46533,Titular único
10622976,1,10622812,Titular único
10622984,1,104880,Titular único
10623049,1,47601,Titular único
10623054,1,760449,Titular único
10623067,1,104933,Titular único
10623076,1,10622920,Titular único
10624039,1,10623977,Titular único
10624289,1,262266,Titular único
10624348,1,509446,Titular único
10624356,1,10244640,Titular único
10624360,1,107715,Titular único
10624372,1,10649809,Titular único
10624374,1,523878,Titular único
10624379,1,107799,Titular único
10624394,1,110022,Titular único
10624397,1,10678793,Titular único
10624407,1,109023,Titular único
10624414,1,10678919,Titular único
10624431,1,110001,Titular único
10624434,1,150470,Titular único
10624436,1,780347,Titular único
10624437,1,10678985,Titular único
10624441,1,10678390,Titular único
10625273,1,10678964,Titular único
10625275,1,10679387,Titular único
10625291,1,10678453,Titular único
10625293,1,10820644,Titular único
10625301,1,10670943,Titular único
10625305,1,10191236,Titular único
10625306,1,11529363,Titular único
10625324,1,11025800,Titular único
10625330,1,10739955,Titular único
10625344,2,,Múltiples titulares
10625350,1,10030785,Titular único
10626063,1,156461,Titular único
10626068,1,10649844,Titular único
10626072,1,10649896,Titular único
10626077,2,,Múltiples titulares
10626078,1,10649849,Titular único
10626080,1,10649896,Titular único
10626083,1,156461,Titular único
10626752,1,109810,Titular único
10626773,1,109810,Titular único
10626786,1,10626754,Titular único
10626788,1,110366,Titular único
10626790,1,110373,Titular único
10626792,1,10305616,Titular único
10626800,1,10678600,Titular único
10626801,1,10626758,Titular único
10626812,1,306675,Titular único
10626822,1,10631383,Titular único
10628077,1,10628076,Titular único
10628126,1,10628066,Titular único
10628749,1,10658672,Titular único
10629106,1,10915331,Titular único
10629116,1,10658760,Titular único
10629592,1,10678643,Titular único
10629605,1,787153,Titular único
10629617,1,10678845,Titular único
10629644,1,350116,Titular único
10629649,1,110016,Titular único
10629667,1,109348,Titular único
10629675,1,10649984,Titular único
10629695,1,509864,Titular único
10629707,1,10678614,Titular único
10629718,2,,Múltiples titulares
10629723,1,10678852,Titular único
10629727,1,10678714,Titular único
10629732,1,10678798,Titular único
10629739,2,,Múltiples titulares
10629745,1,10678935,Titular único
10629754,1,378642,Titular único
10629765,1,10649868,Titular único
10629775,1,10679397,Titular único
10629778,1,10381030,Titular único
10629793,1,10056789,Titular único
10629799,1,110022,Titular único
10630274,1,194665,Titular único
10630763,1,109806,Titular único
10630795,1,10630742,Titular único
10630813,1,10630742,Titular único
10630817,1,10030599,Titular único
10631367,1,780753,Titular único
10631421,1,10626775,Titular único
10631427,1,306680,Titular único
10631447,1,437539,Titular único
10631552,1,110391,Titular único
10631572,1,110365,Titular único
10631587,1,306706,Titular único
10631635,1,10631496,Titular único
10631644,1,10035618,Titular único
10631665,1,10631521,Titular único
10631674,1,10631553,Titular único
10631685,1,10631567,Titular único
10631696,1,10033685,Titular único
10631721,1,10030731,Titular único
10631741,1,11337744,Titular único
10631760,1,10631617,Titular único
10631763,1,109806,Titular único
10631769,1,10713543,Titular único
10631779,1,10631538,Titular único
10631783,1,10035618,Titular único
10632745,1,10632744,Titular único
10632805,1,783011,Titular único
10632808,1,787477,Titular único
10632832,1,781135,Titular único
10632833,1,80554,Titular único
10632854,1,538916,Titular único
10632870,1,781135,Titular único
10632882,1,783011,Titular único
10632896,1,508856,Titular único
10632899,1,783047,Titular único
10632904,1,10632871,Titular único
10632905,1,109032,Titular único
10632912,1,10632816,Titular único
10632918,1,11484354,Titular único
10632924,1,10632803,Titular único
10632945,1,10632744,Titular único
10632971,1,10632941,Titular único
10632973,2,,Múltiples titulares
10632982,1,111066,Titular único
10633001,1,10030785,Titular único
10633006,1,10633001,Titular único
10633035,1,10678404,Titular único
10633036,2,,Múltiples titulares
10633038,1,10032941,Titular único
10633049,1,10032904,Titular único
10633081,1,10632858,Titular único
10633545,1,214961,Titular único
10634850,1,925308,Titular único
10634856,1,497537,Titular único
10634896,1,196903,Titular único
10634905,1,71522,Titular único
10634908,1,10634927,Titular único
10634919,1,10033165,Titular único
10634926,1,10634812,Titular único
10634932,1,10072459,Titular único
10634934,1,10634900,Titular único
10636167,2,,Múltiples titulares
10636176,1,424477,Titular único
10637222,1,109443,Titular único
10637260,1,10708156,Titular único
10637879,1,109510,Titular único
10637893,1,10632755,Titular único
10637908,1,10667380,Titular único
10637915,1,10828055,Titular único
10639670,1,11021214,Titular único
10639689,1,76199,Titular único
10641146,1,11224021,Titular único
10641721,1,10733227,Titular único
10641871,1,260369,Titular único
10641872,1,10033050,Titular único
10641883,1,150518,Titular único
10641884,1,260667,Titular único
10641901,1,10667294,Titular único
10641919,1,156791,Titular único
10641925,1,10641885,Titular único
10641927,1,10031269,Titular único
10641934,1,10667203,Titular único
10641937,1,796626,Titular único
10641947,1,10667429,Titular único
10643071,2,,Múltiples titulares
10643100,1,440010,Titular único
10643130,1,10643093,Titular único
10646088,2,,Múltiples titulares
10646094,1,10661784,Titular único
10646100,1,10661878,Titular único
10647170,1,42217,Titular único
10647180,1,10647135,Titular único
10647212,1,10647095,Titular único
10647224,1,10031674,Titular único
10647879,1,771065,Titular único
10647904,1,10640663,Titular único
10647984,1,635523,Titular único
10647987,1,10640663,Titular único
10647994,1,11093820,Titular único
10648003,1,771061,Titular único
10648976,1,509958,Titular único
10648984,1,781129,Titular único
10648985,1,781136,Titular único
10648987,1,10665187,Titular único
10648995,1,10665187,Titular único
10648999,1,10665118,Titular único
10649772,1,509674,Titular único
10649787,1,780354,Titular único
10649803,1,10631554,Titular único
10649843,1,156461,Titular único
10649849,1,156467,Titular único
10649869,1,10649768,Titular único
10649897,3,,Múltiples titulares
10649977,1,351169,Titular único
10649985,1,10713502,Titular único
10649999,1,10649953,Titular único
10650006,1,10713501,Titular único
10650016,1,10031914,Titular único
10650020,1,10649895,Titular único
10650039,1,10037133,Titular único
10650089,1,10650039,Titular único
10651245,1,771676,Titular único
10651316,1,366885,Titular único
10651336,1,10651333,Titular único
10651340,1,669643,Titular único
10652404,1,10652400,Titular único
10652459,1,10423488,Titular único
10652941,1,10694803,Titular único
10653734,1,10653735,Titular único
10653750,1,260087,Titular único
10653774,1,157044,Titular único
10654445,1,10623029,Titular único
10655753,1,10032648,Titular único
10655766,1,770121,Titular único
10655769,1,771948,Titular único
10655776,1,185212,Titular único
10655808,1,10656028,Titular único
10655916,1,10655785,Titular único
10655924,1,497214,Titular único
10655981,1,524189,Titular único
10656200,1,10656154,Titular único
10656253,1,529724,Titular único
10656312,1,11006882,Titular único
10656521,1,10656255,Titular único
10656580,1,10656142,Titular único
10656728,1,11341764,Titular único
10658065,1,10731695,Titular único
10658099,1,10656154,Titular único
10658245,1,227396,Titular único
10658335,1,10658179,Titular único
10658683,1,496709,Titular único
10658691,1,10658726,Titular único
10658756,1,10658729,Titular único
10658784,1,771802,Titular único
10658838,1,10658628,Titular único
10658894,1,529700,Titular único
10658917,1,269187,Titular único
10658931,1,10658726,Titular único
10658959,1,10658948,Titular único
10659029,1,529700,Titular único
10659030,1,10629111,Titular único
10660926,1,10958038,Titular único
10660931,1,10238818,Titular único
10660938,1,574656,Titular único
10660978,1,10660966,Titular único
10661763,1,260673,Titular único
10661803,1,351455,Titular único
10661831,1,351456,Titular único
10661836,1,10516689,Titular único
10661855,1,792440,Titular único
10661863,1,10661864,Titular único
10662697,1,10655733,Titular único
10662817,1,771612,Titular único
10662844,1,771856,Titular único
10662856,1,10656213,Titular único
10662887,1,10656213,Titular único
10662906,1,523866,Titular único
10662940,1,10656164,Titular único
10662943,1,10655853,Titular único
10663484,1,771559,Titular único
10663498,2,,Múltiples titulares
10663522,1,10073621,Titular único
10663530,1,10677202,Titular único
10665092,1,509928,Titular único
10665098,1,10665108,Titular único
10665159,1,922309,Titular único
10665202,1,10665215,Titular único
10665208,1,10245147,Titular único
10665213,1,10665215,Titular único
10665246,1,10665188,Titular único
10665261,1,10665107,Titular único
10665265,1,10031780,Titular único
10665284,1,10076631,Titular único
10665701,1,260005,Titular único
10665709,1,351634,Titular único
10665713,1,393896,Titular único
10665983,1,509203,Titular único
10665989,1,538906,Titular único
10665995,1,10632774,Titular único
10665997,1,781135,Titular único
10666013,1,259988,Titular único
10666015,1,92951,Titular único
10666018,1,118140,Titular único
10666035,1,392839,Titular único
10666042,1,73805,Titular único
10666057,1,787278,Titular único
10666062,1,10632849,Titular único
10667189,1,111055,Titular único
10667202,1,109511,Titular único
10667249,1,10033047,Titular único
10667250,1,156795,Titular único
10667281,1,709791,Titular único
10667287,1,260371,Titular único
10667296,1,156761,Titular único
10667337,1,111057,Titular único
10667346,1,10667264,Titular único
10667365,1,10667298,Titular único
10667389,2,,Múltiples titulares
10667399,1,10667345,Titular único
10667404,1,10667262,Titular único
10667410,1,10672842,Titular único
10667415,1,111057,Titular único
10667422,2,,Múltiples titulares
10667432,1,260358,Titular único
10667434,1,10667415,Titular único
10667435,1,10667395,Titular único
10667448,1,10667203,Titular único
10667457,1,109526,Titular único
10667491,1,11338143,Titular único
10667514,1,306896,Titular único
10668657,1,771913,Titular único
10668663,2,,Múltiples titulares
10668723,1,798005,Titular único
10668740,1,10656267,Titular único
10668744,1,497851,Titular único
10668749,1,10655828,Titular único
10668763,1,647037,Titular único
10668779,1,10656326,Titular único
10668801,1,75719,Titular único
10668816,1,10656321,Titular único
10668817,1,11280475,Titular único
10668837,1,771612,Titular único
10668844,1,11280475,Titular único
10668852,1,10851039,Titular único
10668858,1,125691,Titular único
10668864,1,11207457,Titular único
10670356,1,10656559,Titular único
10670364,1,10670316,Titular único
10670938,1,10670924,Titular único
10670940,1,187787,Titular único
10671630,1,10708064,Titular único
10671646,1,780760,Titular único
10671651,1,780753,Titular único
10671657,1,10708099,Titular único
10671680,1,10631487,Titular único
10671688,1,780776,Titular único
10671691,1,110368,Titular único
10672850,1,260666,Titular único
10672867,3,,Múltiples titulares
10672884,1,10672828,Titular único
10672900,2,,Múltiples titulares
10672907,1,10665209,Titular único
10672918,1,260666,Titular único
10673783,1,10124044,Titular único
10674056,1,10674029,Titular único
10674632,1,10674617,Titular único
10675938,1,724904,Titular único
10675942,1,179561,Titular único
10675990,1,269459,Titular único
10676013,1,10655668,Titular único
10676037,1,10634893,Titular único
10676055,1,497237,Titular único
10676081,1,771705,Titular único
10676085,1,394617,Titular único
10676092,1,792209,Titular único
10676095,1,75734,Titular único
10676100,1,10962228,Titular único
10676109,1,189717,Titular único
10676117,1,497920,Titular único
10676120,1,945308,Titular único
10676123,1,179591,Titular único
10676142,1,10656294,Titular único
10676144,1,10656276,Titular único
10676157,1,552279,Titular único
10676204,1,10102288,Titular único
10676215,1,10655993,Titular único
10676225,1,125247,Titular único
10676229,1,10656411,Titular único
10676230,1,925204,Titular único
10676244,1,10655756,Titular único
10676259,1,11269063,Titular único
10676269,1,10655945,Titular único
10677113,1,771593,Titular único
10677165,1,10677109,Titular único
10677172,1,496973,Titular único
10677249,1,10677249,Titular único
10677275,1,10655762,Titular único
10678141,1,10678088,Titular único
10678171,2,,Múltiples titulares
10678176,1,10672852,Titular único
10678412,2,,Múltiples titulares
10678421,1,10678541,Titular único
10678637,1,10333730,Titular único
10678653,1,509234,Titular único
10678666,1,100309,Titular único
10678734,1,509348,Titular único
10678748,1,10678635,Titular único
10678759,1,257734,Titular único
10678788,1,787067,Titular único
10678792,1,10678984,Titular único
10678803,1,10678590,Titular único
10678849,1,10678530,Titular único
10678891,1,110030,Titular único
10678944,1,509348,Titular único
10678978,1,10649829,Titular único
10679001,1,10649768,Titular único
10679035,1,10678453,Titular único
10679076,1,257734,Titular único
10679082,1,10034048,Titular único
10679098,1,10031939,Titular único
10679127,1,10374700,Titular único
10679146,1,786463,Titular único
10679152,1,10678928,Titular único
10679218,1,497215,Titular único
10679225,1,110018,Titular único
10679294,1,10678646,Titular único
10679327,1,10678905,Titular único
10679421,1,10142583,Titular único
10679432,1,10678723,Titular único
10679439,1,10679478,Titular único
10679512,1,10661753,Titular único
10679543,1,10679212,Titular único
10679640,1,10738276,Titular único
10681372,1,10652920,Titular único
10681376,1,787621,Titular único
10681385,1,10694802,Titular único
10681394,2,,Múltiples titulares
10681395,1,10694664,Titular único
10681396,1,11240122,Titular único
10681399,1,73694,Titular único
10681400,1,11927758,Titular único
10681402,1,10034988,Titular único
10683892,1,10683901,Titular único
10683898,1,10683874,Titular único
10684165,2,,Múltiples titulares
10684180,1,10678862,Titular único
10684181,1,10678449,Titular único
10684197,1,257730,Titular único
10684211,1,780370,Titular único
10684216,1,82042,Titular único
10684217,1,10229418,Titular único
10684228,1,787140,Titular único
10684229,1,10678835,Titular único
10684230,1,10738099,Titular único
10684235,1,657953,Titular único
10684238,1,109658,Titular único
10684250,1,110367,Titular único
10684270,1,257867,Titular único
10684277,1,10685833,Titular único
10684301,1,109658,Titular único
10684323,1,10030924,Titular único
10684338,1,10738160,Titular único
10684340,1,457602,Titular único
10684344,1,509965,Titular único
10684354,1,10034073,Titular único
10684367,2,,Múltiples titulares
10685797,1,10685789,Titular único
10685810,1,780753,Titular único
10685825,1,107662,Titular único
10685830,1,10685814,Titular único
10685849,1,10685864,Titular único
10685851,1,10677175,Titular único
10685875,1,10685864,Titular único
10685881,1,10677175,Titular único
10686653,1,10686649,Titular único
10686662,1,10034590,Titular único
10686679,1,10686603,Titular único
10686682,1,10686640,Titular único
10687366,1,509716,Titular único
10687380,1,109445,Titular único
10687382,1,10708070,Titular único
10687390,1,11927141,Titular único
10687391,1,509723,Titular único
10688095,2,,Múltiples titulares
10688160,1,10688188,Titular único
10688178,1,10030924,Titular único
10688187,2,,Múltiples titulares
10688194,1,10688088,Titular único
10688195,1,11927515,Titular único
10688201,2,,Múltiples titulares
10689250,1,10678404,Titular único
10689525,1,204450,Titular único
10689727,1,803904,Titular único
10689752,1,803904,Titular único
10689761,1,524360,Titular único
10690531,1,10184633,Titular único
10690538,1,10690528,Titular único
10690540,1,10245324,Titular único
10690544,1,10690546,Titular único
10690545,1,10690545,Titular único
10691242,1,31576,Titular único
10691294,1,10732435,Titular único
10691745,1,208762,Titular único
10691751,1,395768,Titular único
10691759,1,521812,Titular único
10691770,1,10691764,Titular único
10691778,1,10034831,Titular único
10691796,1,792697,Titular único
10692580,1,10713282,Titular único
10692593,1,203627,Titular único
10692600,1,798017,Titular único
10692613,1,808282,Titular único
10692634,1,10692564,Titular único
10692649,1,10692647,Titular único
10692824,1,206379,Titular único
10693028,1,210327,Titular único
10693047,1,10262757,Titular único
10693051,1,807623,Titular único
10693320,1,10141839,Titular único
10693322,1,207017,Titular único
10694026,2,,Múltiples titulares
10694030,1,792145,Titular único
10694320,1,527563,Titular único
10694333,1,524372,Titular único
10694338,1,10694335,Titular único
10694339,1,798376,Titular único
10694390,1,527563,Titular único
10694638,1,787619,Titular único
10694650,1,787598,Titular único
10694664,1,787606,Titular único
10694667,1,10694661,Titular único
10694670,1,10678512,Titular único
10694725,2,,Múltiples titulares
10694743,1,10694760,Titular único
10694753,1,305808,Titular único
10694774,2,,Múltiples titulares
10694790,1,572704,Titular único
10694796,1,10694642,Titular único
10694821,1,10661755,Titular único
10694823,1,986548,Titular único
10694839,1,10694955,Titular único
10694841,1,10075083,Titular único
10694845,1,10694809,Titular único
10694855,1,10694663,Titular único
10694864,1,73689,Titular único
10694876,1,11007521,Titular único
10694879,2,,Múltiples titulares
10694892,1,10694841,Titular único
10694896,1,10078013,Titular único
10694901,1,10075083,Titular único
10694911,1,10694948,Titular único
10694914,1,10694882,Titular único
10694915,1,10694827,Titular único
10694916,1,572704,Titular único
10694918,2,,Múltiples titulares
10694925,1,138605,Titular único
10694959,1,10694652,Titular único
10694962,1,110524,Titular único
10694983,1,10694895,Titular único
10694990,1,10078231,Titular único
10694991,1,10694893,Titular único
10695016,1,10694880,Titular único
10695017,1,10529952,Titular único
10695037,2,,Múltiples titulares
10695491,1,10709438,Titular único
10695842,2,,Múltiples titulares
10695847,1,10729218,Titular único
10696420,1,114456,Titular único
10696423,1,207142,Titular único
10696427,1,805775,Titular único
10696430,2,,Múltiples titulares
10696436,1,114338,Titular único
10696444,1,355340,Titular único
10696448,1,353934,Titular único
10696454,1,355301,Titular único
10696455,1,10709537,Titular único
10696459,3,,Múltiples titulares
10696462,1,10709616,Titular único
10696466,3,,Múltiples titulares
10696467,1,10223381,Titular único
10696468,1,114466,Titular único
10696469,1,355310,Titular único
10696472,1,10709539,Titular único
10696476,1,10142462,Titular único
10696477,1,114403,Titular único
10696478,1,10160532,Titular único
10696479,3,,Múltiples titulares
10696481,2,,Múltiples titulares
10696484,1,10709558,Titular único
10696486,1,720724,Titular único
10696487,1,743258,Titular único
10696488,1,211534,Titular único
10696489,1,203527,Titular único
10696490,2,,Múltiples titulares
10696492,1,10709563,Titular único
10696493,2,,Múltiples titulares
10697132,1,95286,Titular único
10697138,1,29656,Titular único
10697141,2,,Múltiples titulares
10697146,1,352510,Titular único
10697148,1,396291,Titular único
10697161,1,523348,Titular único
10697182,1,352518,Titular único
10697185,1,113862,Titular único
10697218,1,113898,Titular único
10697231,1,933620,Titular único
10697233,1,396291,Titular único
10697271,1,10697150,Titular único
10697272,1,10697344,Titular único
10697282,1,10071601,Titular único
10697285,1,112557,Titular único
10697293,1,31715,Titular único
10697299,1,803578,Titular único
10697331,1,10697180,Titular único
10697332,1,10306117,Titular único
10697341,1,10697149,Titular único
10697390,1,823941,Titular único
10697416,1,10142391,Titular único
10697419,1,352527,Titular único
10697430,1,10724962,Titular único
10697436,2,,Múltiples titulares
10697444,1,799503,Titular único
10697453,1,352507,Titular único
10697466,1,539301,Titular único
10697468,1,113841,Titular único
10697476,1,10697437,Titular único
10697481,1,142979,Titular único
10697496,1,10337284,Titular único
10697521,2,,Múltiples titulares
10697538,1,807337,Titular único
10697540,1,802192,Titular único
10697550,1,10697495,Titular único
10697557,1,10697437,Titular único
10697558,1,10697599,Titular único
10697565,1,10724962,Titular único
10697579,1,10724218,Titular único
10697596,1,112573,Titular único
10697601,1,10697289,Titular único
10698527,1,10698525,Titular único
10698729,1,10698728,Titular único
10698730,1,113483,Titular único
10699240,1,792106,Titular único
10699251,1,11090001,Titular único
10699885,1,10075003,Titular único
10700041,1,112759,Titular único
10700048,1,31588,Titular único
10700063,1,398048,Titular único
10700070,1,112766,Titular único
10700083,1,791876,Titular único
10700084,1,351991,Titular único
10700125,1,10700066,Titular único
10700132,1,10700135,Titular único
10700134,1,796917,Titular único
10700136,1,10700129,Titular único
10700139,1,10700106,Titular único
10700142,1,526231,Titular único
10700145,1,10700116,Titular único
10700147,1,10700104,Titular único
10700155,1,10700071,Titular único
10700156,1,10700100,Titular único
10700166,1,205002,Titular único
10700167,3,,Múltiples titulares
10700170,1,10700125,Titular único
10700174,2,,Múltiples titulares
10700177,1,529961,Titular único
10700178,1,10726395,Titular único
10700180,1,10851774,Titular único
10700185,2,,Múltiples titulares
10700194,1,798134,Titular único
10700202,1,12334951,Titular único
10702701,1,10324519,Titular único
10703064,1,805465,Titular único
10703077,1,113435,Titular único
10703242,1,10141921,Titular único
10703254,2,,Múltiples titulares
10703262,1,526168,Titular único
10703268,1,803878,Titular único
10703277,1,801194,Titular único
10703290,2,,Múltiples titulares
10703291,1,934105,Titular único
10703294,1,10703284,Titular único
10703300,1,10703317,Titular único
10703303,1,10703264,Titular único
10703305,1,10238873,Titular único
10703311,2,,Múltiples titulares
10703315,1,10703317,Titular único
10703417,1,10731649,Titular único
10703443,1,10709721,Titular único
10703844,1,355333,Titular único
10703846,2,,Múltiples titulares
10703859,1,114426,Titular único
10703860,1,526171,Titular único
10703862,1,114410,Titular único
10703864,1,114385,Titular único
10703867,1,355313,Titular único
10703870,2,,Múltiples titulares
10703871,2,,Múltiples titulares
10703872,1,720724,Titular único
10703874,2,,Múltiples titulares
10703877,1,802805,Titular único
10703882,1,817544,Titular único
10703884,1,68057,Titular único
10703888,1,10160355,Titular único
10703889,3,,Múltiples titulares
10703890,3,,Múltiples titulares
10703892,2,,Múltiples titulares
10703893,2,,Múltiples titulares
10703904,1,10709426,Titular único
10703906,2,,Múltiples titulares
10703908,1,222121,Titular único
10703909,2,,Múltiples titulares
10703910,1,801784,Titular único
10703911,1,10711625,Titular único
10703912,1,355331,Titular único
10703913,1,403336,Titular único
10703915,1,203710,Titular único
10703917,3,,Múltiples titulares
10703918,1,114467,Titular único
10703920,1,355327,Titular único
10703923,3,,Múltiples titulares
10703924,2,,Múltiples titulares
10703927,2,,Múltiples titulares
10703935,2,,Múltiples titulares
10703938,3,,Múltiples titulares
10703939,1,32726,Titular único
10703942,1,10060242,Titular único
10703944,1,398133,Titular único
10703945,1,355363,Titular único
10703946,1,10610467,Titular único
10703947,1,10735072,Titular único
10703949,3,,Múltiples titulares
10703951,2,,Múltiples titulares
10703952,1,11140596,Titular único
10703954,1,10709546,Titular único
10703955,1,71422,Titular único
10703956,1,10883055,Titular único
10703960,2,,Múltiples titulares
10703962,1,10735140,Titular único
10703963,2,,Múltiples titulares
10703964,2,,Múltiples titulares
10703965,1,114447,Titular único
10703966,1,10731626,Titular único
10703967,1,114470,Titular único
10703968,1,355376,Titular único
10703972,3,,Múltiples titulares
10703973,2,,Múltiples titulares
10703974,1,804299,Titular único
10703975,2,,Múltiples titulares
10703976,2,,Múltiples titulares
10703977,1,10709437,Titular único
10703979,2,,Múltiples titulares
10703980,3,,Múltiples titulares
10703981,2,,Múltiples titulares
10703985,1,10731682,Titular único
10703986,1,796390,Titular único
10703997,1,59093,Titular único
10704372,1,10697448,Titular único
10704645,2,,Múltiples titulares
10704647,1,798090,Titular único
10704650,1,112268,Titular único
10704655,3,,Múltiples titulares
10704656,1,521832,Titular único
10704659,2,,Múltiples titulares
10704670,1,802302,Titular único
10704675,1,823934,Titular único
10704677,4,,Múltiples titulares
10704678,1,10707502,Titular único
10704679,2,,Múltiples titulares
10704680,2,,Múltiples titulares
10704688,1,10697307,Titular único
10705850,1,524230,Titular único
10705862,1,142542,Titular único
10705878,1,657029,Titular único
10705879,2,,Múltiples titulares
10705880,1,112218,Titular único
10705884,2,,Múltiples titulares
10705896,1,522615,Titular único
10705908,1,395684,Titular único
10705911,1,793918,Titular único
10705913,1,518825,Titular único
10705921,1,395716,Titular único
10705935,1,112291,Titular único
10705937,1,112238,Titular único
10705940,1,934775,Titular único
10705944,2,,Múltiples titulares
10705951,1,113181,Titular único
10705956,1,112215,Titular único
10705967,1,395813,Titular único
10705976,1,395779,Titular único
10705977,1,10705949,Titular único
10705979,1,807446,Titular único
10705980,1,112259,Titular único
10705982,1,102856,Titular único
10705983,1,10705874,Titular único
10705995,1,11104432,Titular único
10706002,1,10756251,Titular único
10706010,1,799679,Titular único
10706013,2,,Múltiples titulares
10706016,1,395850,Titular único
10706019,1,112246,Titular único
10706026,1,112262,Titular único
10706037,1,10323653,Titular único
10706038,1,10697225,Titular único
10706051,1,395834,Titular único
10706076,2,,Múltiples titulares
10706079,1,10706056,Titular único
10706094,1,112271,Titular único
10706096,1,10305799,Titular único
10706105,1,10691779,Titular único
10706107,1,11068911,Titular único
10706116,3,,Múltiples titulares
10706118,1,395670,Titular único
10706133,1,112208,Titular único
10706139,1,10705859,Titular único
10706143,1,10706014,Titular único
10706149,1,796665,Titular único
10706151,2,,Múltiples titulares
10706154,2,,Múltiples titulares
10706160,1,10705940,Titular único
10706161,1,10706035,Titular único
10706165,1,10245488,Titular único
10706169,1,10706108,Titular único
10706180,1,10305593,Titular único
10706184,1,395844,Titular único
10706187,1,10208260,Titular único
10706188,1,11068885,Titular único
10706189,2,,Múltiples titulares
10706198,1,10160703,Titular único
10706199,1,112237,Titular único
10706222,1,10706089,Titular único
10706233,1,10706078,Titular único
10706564,1,10306304,Titular único
10707065,1,524812,Titular único
10707075,1,10707053,Titular único
10707079,1,524812,Titular único
10707084,1,10160355,Titular único
10707666,1,10071533,Titular único
10707817,1,10709796,Titular único
10708016,1,934089,Titular único
10708069,1,110396,Titular único
10708102,1,10190480,Titular único
10708184,1,11930980,Titular único
10708190,1,10142097,Titular único
10708216,1,10737885,Titular único
10708217,1,10708133,Titular único
10708218,1,109447,Titular único
10708226,1,10637234,Titular único
10708230,1,10708230,Titular único
10708916,1,112237,Titular único
10709200,1,801903,Titular único
10709221,1,10160391,Titular único
10709224,1,10739885,Titular único
10709226,1,10709184,Titular único
10709234,1,792330,Titular único
10709235,1,10207457,Titular único
10709236,1,10709236,Titular único
10709240,1,10709225,Titular único
10709253,1,10709231,Titular único
10709420,1,523550,Titular único
10709424,1,355379,Titular único
10709436,1,353550,Titular único
10709442,1,114382,Titular único
10709450,1,114457,Titular único
10709454,1,934443,Titular único
10709465,1,526630,Titular único
10709480,1,114301,Titular único
10709484,1,114418,Titular único
10709489,1,114455,Titular único
10709496,1,10709479,Titular único
10709501,1,355371,Titular único
10709505,1,10709490,Titular único
10709519,1,10709572,Titular único
10709520,1,355325,Titular único
10709521,1,355370,Titular único
10709523,1,114446,Titular único
10709534,1,808035,Titular único
10709540,1,114498,Titular único
10709551,2,,Múltiples titulares
10709568,1,114404,Titular único
10709573,1,353550,Titular único
10709586,1,524828,Titular único
10709589,1,355355,Titular único
10709591,1,10709514,Titular único
10709603,1,397703,Titular único
10709610,1,10709525,Titular único
10709618,1,10709441,Titular único
10709619,1,32726,Titular único
10709622,1,114438,Titular único
10709632,1,10735037,Titular único
10709649,1,10732402,Titular único
10709652,2,,Múltiples titulares
10709668,1,10709491,Titular único
10709670,2,,Múltiples titulares
10709695,1,796996,Titular único
10709697,1,211142,Titular único
10709698,1,114468,Titular único
10709701,1,10709424,Titular único
10709704,2,,Múltiples titulares
10709706,1,10709738,Titular único
10709717,1,10709635,Titular único
10709721,1,10709727,Titular único
10709740,1,11174971,Titular único
10709741,1,29699,Titular único
10709747,1,10709725,Titular único
10709751,1,10709708,Titular único
10709752,1,10709488,Titular único
10709753,1,10709782,Titular único
10709754,1,10709738,Titular único
10709763,1,10709667,Titular único
10709766,2,,Múltiples titulares
10709770,2,,Múltiples titulares
10709772,1,10709720,Titular único
10709784,2,,Múltiples titulares
10709790,1,10644325,Titular único
10709792,1,355310,Titular único
10709796,2,,Múltiples titulares
10709800,1,10741873,Titular único
10709801,1,10709649,Titular único
10709806,1,802243,Titular único
10709820,1,10141776,Titular único
10709826,1,10077704,Titular único
10709830,1,10707057,Titular único
10710621,1,395753,Titular único
10710623,1,60321,Titular único
10710627,1,395779,Titular único
10711331,1,236294,Titular único
10711640,1,114411,Titular único
10711648,1,10711628,Titular único
10711677,1,10711643,Titular único
10711679,2,,Múltiples titulares
10711682,2,,Múltiples titulares
10711683,1,10711623,Titular único
10711685,1,112335,Titular único
10711687,1,112340,Titular único
10711692,1,10711640,Titular único
10711693,1,10726687,Titular único
10711694,1,497884,Titular único
10711698,1,10711679,Titular único
10711706,2,,Múltiples titulares
10711707,1,112329,Titular único
10713166,1,10337733,Titular único
10713283,1,112108,Titular único
10713303,1,10713281,Titular único
10713307,1,10735328,Titular único
10713312,1,10536046,Titular único
10713483,1,261633,Titular único
10713496,1,261636,Titular único
10713510,1,10713483,Titular único
10713540,1,10678480,Titular único
10714288,1,10688088,Titular único
10714304,1,10688088,Titular único
10714309,1,10739707,Titular único
10714325,1,10739793,Titular único
10714326,1,506403,Titular único
10714335,1,10075486,Titular único
10714337,1,786451,Titular único
10714340,1,506415,Titular único
10715488,1,29656,Titular único
10715495,1,30668,Titular único
10715498,1,10245164,Titular único
10715502,1,10616557,Titular único
10715782,1,529156,Titular único
10715783,1,210825,Titular único
10716000,1,10766621,Titular único
10716284,1,205331,Titular único
10716310,1,10716303,Titular único
10717447,1,115177,Titular único
10717885,1,113841,Titular único
10717896,1,10697420,Titular único
10717898,1,143954,Titular único
10717899,1,802110,Titular único
10717901,1,352545,Titular único
10717903,1,10101873,Titular único
10718680,1,523238,Titular único
10718682,1,207678,Titular único
10718685,1,10718683,Titular único
10718891,1,352856,Titular único
10719145,1,10719146,Titular único
10719870,1,10245320,Titular único
10719877,1,210190,Titular único
10719882,1,10719880,Titular único
10720726,1,10720726,Titular único
10720983,1,112254,Titular único
10720986,2,,Múltiples titulares
10720987,1,395835,Titular único
10720988,1,934356,Titular único
10720992,2,,Múltiples titulares
10720999,2,,Múltiples titulares
10721003,1,10691749,Titular único
10721006,1,395806,Titular único
10721007,1,142518,Titular único
10721011,1,114391,Titular único
10721012,1,983910,Titular único
10721013,1,722656,Titular único
10721014,2,,Múltiples titulares
10721017,1,395715,Titular único
10721020,1,934152,Titular único
10721021,1,10744863,Titular único
10721023,2,,Múltiples titulares
10721025,1,10706032,Titular único
10721026,1,112265,Titular único
10721028,1,10706070,Titular único
10721030,2,,Múltiples titulares
10721036,3,,Múltiples titulares
10721039,1,29880,Titular único
10721040,1,799073,Titular único
10721041,1,395837,Titular único
10721045,1,395644,Titular único
10721046,1,10706041,Titular único
10721050,1,10705988,Titular único
10721051,2,,Múltiples titulares
10721052,1,10141804,Titular único
10721057,1,527678,Titular único
10721060,2,,Múltiples titulares
10721062,2,,Múltiples titulares
10721063,1,10706086,Titular único
10721067,2,,Múltiples titulares
10721068,1,30248,Titular único
10721069,1,10705926,Titular único
10721070,1,10706091,Titular único
10721071,1,528430,Titular único
10721072,1,228088,Titular único
10721073,3,,Múltiples titulares
10721074,1,395844,Titular único
10721075,2,,Múltiples titulares
10721076,3,,Múltiples titulares
10721077,2,,Múltiples titulares
10721078,1,10706076,Titular único
10721082,2,,Múltiples titulares
10721084,1,10306242,Titular único
10721085,1,142518,Titular único
10721091,1,10705985,Titular único
10721092,1,10705912,Titular único
10721093,1,10706201,Titular único
10721094,2,,Múltiples titulares
10721097,1,395818,Titular único
10721099,1,10752411,Titular único
10721106,1,10706054,Titular único
10721930,1,397256,Titular único
10721935,1,10721943,Titular único
10721943,1,10323939,Titular único
10721948,1,10698728,Titular único
10721963,1,10721935,Titular único
10722100,1,395740,Titular único
10722604,1,10722531,Titular único
10722710,1,10727139,Titular único
10723386,1,205051,Titular único
10723388,1,10732382,Titular único
10723648,1,397449,Titular único
10723946,1,10101851,Titular único
10723957,1,10305757,Titular único
10724202,1,206891,Titular único
10724204,1,206885,Titular único
10724213,2,,Múltiples titulares
10724223,1,395831,Titular único
10724224,1,353793,Titular único
10724231,1,790951,Titular único
10724233,1,524292,Titular único
10724234,1,10724213,Titular único
10724237,2,,Múltiples titulares
10724240,1,10724227,Titular único
10724251,1,10724255,Titular único
10724255,1,10724206,Titular único
10724261,1,10354256,Titular único
10724267,1,10724263,Titular único
10724278,1,10703295,Titular único
10724282,1,10779207,Titular único
10724288,1,529659,Titular único
10724301,1,147976,Titular único
10724665,1,10724664,Titular único
10724931,1,10123197,Titular único
10724955,2,,Múltiples titulares
10724956,1,10731311,Titular único
10724957,1,10724966,Titular único
10724960,1,10724962,Titular único
10725277,1,509885,Titular único
10725301,2,,Múltiples titulares
10725921,1,403825,Titular único
10725923,1,798263,Titular único
10726180,1,794513,Titular único
10726183,1,10726182,Titular único
10726185,1,211478,Titular único
10726383,1,522685,Titular único
10726397,1,31464,Titular único
10726398,2,,Múltiples titulares
10726399,1,351955,Titular único
10726405,1,796485,Titular único
10726412,1,10153920,Titular único
10726414,1,351959,Titular único
10726423,1,351989,Titular único
10726424,2,,Múltiples titulares
10726427,1,530304,Titular único
10726429,1,113409,Titular único
10726434,1,698019,Titular único
10726437,1,112041,Titular único
10726439,1,209110,Titular único
10726445,1,10713283,Titular único
10726454,1,112042,Titular único
10726455,2,,Múltiples titulares
10726459,5,,Múltiples titulares
10726460,2,,Múltiples titulares
10726468,1,791879,Titular único
10726470,1,351982,Titular único
10726472,1,10726439,Titular único
10726477,1,804280,Titular único
10726482,1,351988,Titular único
10726484,1,354166,Titular único
10726486,1,787485,Titular único
10726490,1,804971,Titular único
10726494,1,398044,Titular único
10726499,2,,Múltiples titulares
10726501,1,173906,Titular único
10726506,2,,Múltiples titulares
10726513,1,10726486,Titular único
10726517,1,204564,Titular único
10726518,1,247386,Titular único
10726519,1,10533229,Titular único
10726523,1,10726450,Titular único
10726530,1,112003,Titular único
10726532,1,10735331,Titular único
10726533,1,943886,Titular único
10726534,1,509853,Titular único
10726536,1,10190203,Titular único
10726542,1,351987,Titular único
10726548,3,,Múltiples titulares
10726550,1,236819,Titular único
10726552,1,528496,Titular único
10726553,1,204012,Titular único
10726557,1,10726583,Titular único
10726559,1,525135,Titular único
10726566,1,803505,Titular único
10726568,1,10726421,Titular único
10726570,1,800289,Titular único
10726572,4,,Múltiples titulares
10726573,1,524299,Titular único
10726576,1,10719141,Titular único
10726577,2,,Múltiples titulares
10726581,1,112040,Titular único
10726583,1,743258,Titular único
10726585,1,807323,Titular único
10726586,1,10758727,Titular único
10726588,1,10726542,Titular único
10726592,1,10726469,Titular único
10726596,1,351974,Titular único
10726598,1,398195,Titular único
10726600,1,528472,Titular único
10726601,1,795943,Titular único
10726602,1,711170,Titular único
10726605,2,,Múltiples titulares
10726606,1,10726391,Titular único
10726607,1,112009,Titular único
10726609,1,354242,Titular único
10726610,2,,Múltiples titulares
10726611,3,,Múltiples titulares
10726615,2,,Múltiples titulares
10726618,1,10207223,Titular único
10726621,1,10700079,Titular único
10726624,3,,Múltiples titulares
10726631,1,874712,Titular único
10726635,1,10726545,Titular único
10726637,3,,Múltiples titulares
10726638,2,,Múltiples titulares
10726642,1,805448,Titular único
10726648,1,804971,Titular único
10726651,1,10726616,Titular único
10726658,1,603786,Titular único
10726659,1,10700133,Titular único
10726660,1,10713284,Titular único
10726661,1,10305262,Titular único
10726666,1,804068,Titular único
10726668,1,10700052,Titular único
10726669,1,404100,Titular único
10726673,1,526660,Titular único
10726674,2,,Múltiples titulares
10726677,1,10726441,Titular único
10726680,1,381439,Titular único
10726682,1,285892,Titular único
10726688,1,32123,Titular único
10726689,1,656987,Titular único
10726691,1,352518,Titular único
10726692,1,890068,Titular único
10726693,1,29686,Titular único
10726763,1,817208,Titular único
10726995,2,,Múltiples titulares
10726997,1,29950,Titular único
10727000,1,10223503,Titular único
10727002,2,,Múltiples titulares
10727006,1,10770842,Titular único
10727007,1,10758719,Titular único
10727009,1,204559,Titular único
10727010,1,10726532,Titular único
10727013,1,354254,Titular único
10727017,3,,Múltiples titulares
10727018,1,10726675,Titular único
10727019,3,,Múltiples titulares
10727020,2,,Múltiples titulares
10727021,1,112035,Titular único
10727024,3,,Múltiples titulares
10727026,1,10482787,Titular único
10727028,1,112026,Titular único
10727031,2,,Múltiples titulares
10727034,1,10726649,Titular único
10727038,1,10735331,Titular único
10727043,1,10882886,Titular único
10727045,1,351995,Titular único
10727048,1,771770,Titular único
10727054,1,529033,Titular único
10727057,1,10184600,Titular único
10727060,1,529333,Titular único
10727061,1,10726597,Titular único
10727063,1,10756766,Titular único
10727064,1,10727115,Titular único
10727065,4,,Múltiples titulares
10727068,1,10727020,Titular único
10727072,1,10726663,Titular único
10727080,4,,Múltiples titulares
10727081,1,10727008,Titular único
10727082,1,539105,Titular único
10727087,1,10244782,Titular único
10727092,3,,Múltiples titulares
10727093,2,,Múltiples titulares
10727099,1,10726531,Titular único
10727101,1,10726589,Titular único
10727103,2,,Múltiples titulares
10727105,3,,Múltiples titulares
10727116,1,527669,Titular único
10727119,1,209578,Titular único
10727125,2,,Múltiples titulares
10727126,2,,Múltiples titulares
10727128,2,,Múltiples titulares
10727130,2,,Múltiples titulares
10727131,1,10766528,Titular único
10727139,1,10726416,Titular único
10727150,1,10726552,Titular único
10727151,1,10726607,Titular único
10727154,1,351989,Titular único
10727171,2,,Múltiples titulares
10727441,1,204285,Titular único
10727444,1,10724271,Titular único
10727451,1,804134,Titular único
10727452,2,,Múltiples titulares
10727453,1,204292,Titular único
10727454,1,101854,Titular único
10727459,1,804134,Titular único
10727472,1,531241,Titular único
10727494,1,10727481,Titular único
10727498,1,10160125,Titular único
10727507,1,10727476,Titular único
10727508,1,44388,Titular único
10727525,1,10792632,Titular único
10727741,1,10727742,Titular único
10727904,1,31880,Titular único
10728586,1,10758727,Titular único
10728963,1,539307,Titular único
10729212,1,10729207,Titular único
10729213,1,10729211,Titular único
10729613,1,10729615,Titular único
10729624,1,526646,Titular único
10729631,2,,Múltiples titulares
10729900,2,,Múltiples titulares
10729901,1,808719,Titular único
10729902,2,,Múltiples titulares
10729903,1,10756534,Titular único
10729904,1,802040,Titular único
10729906,1,10424221,Titular único
10729908,2,,Múltiples titulares
10729909,1,10986042,Titular único
10731300,2,,Múltiples titulares
10731306,1,808173,Titular único
10731318,1,10729212,Titular único
10731510,1,353549,Titular único
10731520,1,10731532,Titular único
10731524,1,10770326,Titular único
10731527,1,10731535,Titular único
10731532,1,353546,Titular único
10731536,1,355305,Titular único
10731542,1,805782,Titular único
10731543,1,802698,Titular único
10731546,1,802406,Titular único
10731549,1,10626779,Titular único
10731552,1,10731507,Titular único
10731558,2,,Múltiples titulares
10731559,1,353537,Titular único
10731568,1,10709591,Titular único
10731589,1,113665,Titular único
10731590,1,397722,Titular único
10731603,1,526616,Titular único
10731606,1,10731506,Titular único
10731609,1,10731507,Titular único
10731621,1,657508,Titular único
10731624,1,353533,Titular único
10731626,2,,Múltiples titulares
10731629,1,11232072,Titular único
10731654,1,10709531,Titular único
10731660,1,10311386,Titular único
10731661,1,807620,Titular único
10731662,1,10731551,Titular único
10731670,1,10540643,Titular único
10731671,1,805782,Titular único
10731676,2,,Múltiples titulares
10731690,1,10731689,Titular único
10731693,1,10731670,Titular único
10731694,2,,Múltiples titulares
10731696,1,10731692,Titular único
10731699,1,10731682,Titular único
10731701,3,,Múltiples titulares
10731705,1,10731624,Titular único
10731708,1,10731662,Titular único
10731718,1,10731562,Titular único
10731724,1,10244816,Titular único
10731735,1,806560,Titular único
10731738,1,10558309,Titular único
10731740,1,304071,Titular único
10731841,1,10902283,Titular único
10731860,1,10731612,Titular único
10731870,1,10731632,Titular único
10732303,1,526626,Titular único
10732306,1,524801,Titular único
10732308,1,527832,Titular único
10732315,1,115107,Titular único
10732316,1,10732320,Titular único
10732318,1,397485,Titular único
10732323,1,806540,Titular único
10732324,1,115105,Titular único
10732327,1,10732327,Titular único
10732332,1,802009,Titular único
10732334,1,523271,Titular único
10732335,1,10732359,Titular único
10732336,1,791893,Titular único
10732338,1,806575,Titular único
10732347,1,10735051,Titular único
10732356,2,,Múltiples titulares
10732359,1,10732322,Titular único
10732364,1,531409,Titular único
10732367,2,,Múltiples titulares
10732395,1,101695,Titular único
10732401,1,526633,Titular único
10732404,2,,Múltiples titulares
10732407,1,10732368,Titular único
10732410,1,285537,Titular único
10732411,2,,Múltiples titulares
10732414,1,10154327,Titular único
10732415,1,353946,Titular único
10732417,3,,Múltiples titulares
10732418,1,10732358,Titular único
10732419,2,,Múltiples titulares
10732422,1,806558,Titular único
10732424,1,11218626,Titular único
10732437,2,,Múltiples titulares
10732438,1,806575,Titular único
10732443,2,,Múltiples titulares
10732444,2,,Múltiples titulares
10732445,2,,Múltiples titulares
10732447,1,10732410,Titular único
10732451,1,10732376,Titular único
10732452,1,10732391,Titular único
10732456,1,10154327,Titular único
10732461,1,527813,Titular único
10732462,1,10709675,Titular único
10732463,1,10732358,Titular único
10732464,3,,Múltiples titulares
10732469,1,10735026,Titular único
10732476,1,10732378,Titular único
10732482,1,798641,Titular único
10732491,1,10160220,Titular único
10732585,1,11272191,Titular único
10732932,1,10732423,Titular único
10733203,1,10733203,Titular único
10733204,1,208293,Titular único
10733236,1,10733237,Titular único
10733252,1,801790,Titular único
10733267,1,31322,Titular único
10733800,1,466773,Titular único
10733811,2,,Múltiples titulares
10733819,1,209330,Titular único
10733824,1,113551,Titular único
10733841,1,209334,Titular único
10733842,1,530061,Titular único
10733848,1,804896,Titular único
10734241,1,10245075,Titular único
10734263,1,29701,Titular único
10734276,1,10734265,Titular único
10734279,1,10709716,Titular único
10734282,1,10709716,Titular único
10734820,2,,Múltiples titulares
10734822,2,,Múltiples titulares
10734823,2,,Múltiples titulares
10734826,2,,Múltiples titulares
10734829,1,10770856,Titular único
10734831,2,,Múltiples titulares
10734832,3,,Múltiples titulares
10734833,2,,Múltiples titulares
10734834,2,,Múltiples titulares
10734835,1,805481,Titular único
10734836,2,,Múltiples titulares
10734837,1,800500,Titular único
10734838,2,,Múltiples titulares
10734839,2,,Múltiples titulares
10734840,1,805007,Titular único
10734842,3,,Múltiples titulares
10734843,6,,Múltiples titulares
10734844,3,,Múltiples titulares
10734845,1,10756529,Titular único
10734846,2,,Múltiples titulares
10734849,2,,Múltiples titulares
10734850,1,10154303,Titular único
10734851,3,,Múltiples titulares
10734853,2,,Múltiples titulares
10734855,1,10726676,Titular único
10735027,1,806562,Titular único
10735036,1,115104,Titular único
10735037,2,,Múltiples titulares
10735038,1,806570,Titular único
10735056,1,531348,Titular único
10735062,1,10026818,Titular único
10735065,1,10025476,Titular único
10735074,1,353937,Titular único
10735079,1,806575,Titular único
10735081,1,10735054,Titular único
10735084,1,790542,Titular único
10735096,1,10735020,Titular único
10735120,1,10223554,Titular único
10735122,1,523190,Titular único
10735124,1,113668,Titular único
10735126,1,10735044,Titular único
10735130,1,10735097,Titular único
10735132,1,10037039,Titular único
10735133,2,,Múltiples titulares
10735134,2,,Múltiples titulares
10735140,3,,Múltiples titulares
10735141,3,,Múltiples titulares
10735142,1,806557,Titular único
10735145,1,806574,Titular único
10735151,1,803506,Titular único
10735157,1,10229380,Titular único
10735158,3,,Múltiples titulares
10735159,1,801019,Titular único
10735161,1,10735131,Titular único
10735164,2,,Múltiples titulares
10735166,1,666599,Titular único
10735168,1,98472,Titular único
10735169,1,10735111,Titular único
10735173,1,524797,Titular único
10735174,1,10732363,Titular único
10735176,1,10735105,Titular único
10735177,1,807642,Titular único
10735178,1,10022972,Titular único
10735179,1,10735202,Titular único
10735185,1,10735129,Titular único
10735192,1,10735106,Titular único
10735202,2,,Múltiples titulares
10735205,1,10735212,Titular único
10735212,1,10735094,Titular único
10735215,1,10735143,Titular único
10735218,1,10735150,Titular único
10735222,1,10735225,Titular único
10735225,1,526633,Titular único
10735227,1,10077278,Titular único
10735228,1,10735101,Titular único
10735233,2,,Múltiples titulares
10735234,1,509606,Titular único
10735324,1,722231,Titular único
10735338,1,209110,Titular único
10735340,1,10735327,Titular único
10735342,1,10770822,Titular único
10735343,1,30707,Titular único
10735347,1,11433614,Titular único
10735348,2,,Múltiples titulares
10735580,1,523480,Titular único
10735581,2,,Múltiples titulares
10735782,2,,Múltiples titulares
10735783,3,,Múltiples titulares
10735785,1,10160345,Titular único
10735786,2,,Múltiples titulares
10735985,1,860651,Titular único
10736013,2,,Múltiples titulares
10736029,1,10736022,Titular único
10736033,1,10736015,Titular único
10736037,1,10726601,Titular único
10736048,1,526015,Titular único
10736080,1,10691290,Titular único
10736149,1,10735051,Titular único
10736288,1,208723,Titular único
10736300,1,10736287,Titular único
10736301,1,10756281,Titular único
10736687,2,,Múltiples titulares
10736689,1,10244719,Titular único
10736706,1,530896,Titular único
10736717,1,10736856,Titular único
10736718,1,802424,Titular único
10736721,1,799829,Titular único
10736725,1,193281,Titular único
10736735,2,,Múltiples titulares
10736754,1,527538,Titular único
10736768,2,,Múltiples titulares
10736781,1,528787,Titular único
10736782,1,10736865,Titular único
10736795,1,808805,Titular único
10736808,1,10244871,Titular único
10736816,2,,Múltiples titulares
10736817,1,396687,Titular único
10736826,1,529135,Titular único
10736830,1,801663,Titular único
10736844,1,794804,Titular único
10736853,1,31671,Titular único
10736858,2,,Múltiples titulares
10736861,1,529581,Titular único
10736862,1,10305228,Titular único
10736864,1,792210,Titular único
10736865,1,795806,Titular único
10736867,1,10736922,Titular único
10736868,1,531331,Titular único
10736875,1,10245455,Titular único
10736876,1,10037126,Titular único
10736885,1,10323732,Titular único
10736889,1,10244871,Titular único
10736891,1,792156,Titular único
10736901,1,852619,Titular único
10736913,1,10311275,Titular único
10736915,1,11089285,Titular único
10736918,1,194281,Titular único
10736925,1,792160,Titular único
10736927,1,67165,Titular único
10736931,1,10736732,Titular único
10736940,1,801444,Titular único
10736941,1,529581,Titular único
10736952,1,538933,Titular único
10736956,1,10223324,Titular único
10736957,1,10324324,Titular único
10736972,1,10229397,Titular único
10736973,2,,Múltiples titulares
10736977,1,10736729,Titular único
10736991,1,10124109,Titular único
10737003,1,798152,Titular único
10737010,1,10736968,Titular único
10737012,2,,Múltiples titulares
10737013,1,10245444,Titular único
10737015,3,,Múltiples titulares
10737019,1,10245547,Titular único
10737020,1,10123802,Titular único
10737021,1,10123989,Titular único
10737022,1,10124280,Titular único
10737032,1,804492,Titular único
10737049,1,10245512,Titular único
10737056,1,10736851,Titular único
10737059,1,10142562,Titular único
10737065,1,10737096,Titular único
10737074,1,10736860,Titular único
10737077,1,10737084,Titular único
10737078,1,10229779,Titular único
10737080,1,10737103,Titular único
10737081,1,10223925,Titular único
10737085,1,10736998,Titular único
10737086,1,10077016,Titular único
10737091,1,396793,Titular único
10737095,2,,Múltiples titulares
10737102,1,10736991,Titular único
10737133,1,10736966,Titular único
10737139,1,10018174,Titular único
10738082,1,439039,Titular único
10738102,1,509847,Titular único
10738172,1,10738166,Titular único
10738194,1,507602,Titular único
10738217,1,10037134,Titular único
10738218,1,10037165,Titular único
10738239,1,10678998,Titular único
10738244,1,10037151,Titular único
10738252,1,10037175,Titular único
10738277,1,150053,Titular único
10738302,1,10207697,Titular único
10739704,1,107669,Titular único
10739705,1,68449,Titular único
10739751,1,81746,Titular único
10739770,1,787655,Titular único
10739771,1,68434,Titular único
10739772,2,,Múltiples titulares
10739783,2,,Múltiples titulares
10739814,1,786452,Titular único
10739825,1,787645,Titular único
10739833,1,787583,Titular único
10739837,1,10037375,Titular único
10739839,1,68442,Titular único
10739861,1,751050,Titular único
10739915,1,11927136,Titular único
10739916,1,10739861,Titular único
10739944,1,10045039,Titular único
10739947,1,786461,Titular único
10739967,1,10739747,Titular único
10739977,1,10739964,Titular único
10739997,1,11928141,Titular único
10740002,1,10714316,Titular único
10740008,1,10739773,Titular único
10740012,1,68436,Titular único
10740041,1,10739830,Titular único
10740043,1,527226,Titular único
10740052,1,10033591,Titular único
10740068,1,11928141,Titular único
10740079,1,10714314,Titular único
10740112,2,,Múltiples titulares
10741298,1,210619,Titular único
10741351,1,10244614,Titular único
10741393,1,10190701,Titular único
10741583,1,29967,Titular único
10741842,2,,Múltiples titulares
10741856,1,207163,Titular único
10741860,1,10741852,Titular único
10741869,1,10709468,Titular único
10741873,2,,Múltiples titulares
10741878,1,10729211,Titular único
10741881,1,10035676,Titular único
10741882,1,10403680,Titular único
10741886,1,10783676,Titular único
10741888,1,10667439,Titular único
10741890,1,10305931,Titular único
10741893,1,10190701,Titular único
10741896,1,10741851,Titular único
10741897,2,,Múltiples titulares
10743146,1,10123552,Titular único
10743442,2,,Múltiples titulares
10743444,2,,Múltiples titulares
10743446,1,806578,Titular único
10743449,2,,Múltiples titulares
10743451,2,,Múltiples titulares
10743452,5,,Múltiples titulares
10743453,1,10732367,Titular único
10743454,2,,Múltiples titulares
10743455,3,,Múltiples titulares
10743456,1,526647,Titular único
10743457,1,11084546,Titular único
10743458,1,10732336,Titular único
10743459,2,,Múltiples titulares
10743461,2,,Múltiples titulares
10743462,3,,Múltiples titulares
10743463,2,,Múltiples titulares
10743464,2,,Múltiples titulares
10744145,1,803764,Titular único
10744157,1,522819,Titular único
10744163,2,,Múltiples titulares
10744660,1,539322,Titular único
10744662,3,,Múltiples titulares
10744663,1,10758733,Titular único
10745262,1,102942,Titular único
10745263,1,529150,Titular único
10745264,1,528833,Titular único
10745265,1,742823,Titular único
10745266,1,538919,Titular único
10745268,1,528220,Titular único
10745271,1,10736749,Titular único
10745274,1,802506,Titular único
10745275,1,10244914,Titular único
10745277,1,529362,Titular único
10745281,2,,Múltiples titulares
10745282,1,10006932,Titular único
10745283,1,10245031,Titular único
10745284,2,,Múltiples titulares
10745287,1,792156,Titular único
10745289,1,22307,Titular único
10745293,1,10324222,Titular único
10745294,1,10136290,Titular único
10745295,2,,Múltiples titulares
10745296,1,10141994,Titular único
10745297,1,10245478,Titular único
10745298,3,,Múltiples titulares
10745299,6,,Múltiples titulares
10745306,2,,Múltiples titulares
10745307,4,,Múltiples titulares
10745309,2,,Múltiples titulares
10745310,3,,Múltiples titulares
10745313,1,11092647,Titular único
10745315,1,10245275,Titular único
10745316,2,,Múltiples titulares
10745318,1,11047762,Titular único
10745319,1,10694020,Titular único
10745322,1,10737084,Titular único
10745323,1,10160279,Titular único
10745574,1,526937,Titular único
10745579,1,10766232,Titular único
10746167,1,10695833,Titular único
10746168,1,10746160,Titular único
10746665,1,530733,Titular único
10746676,1,10238644,Titular único
10748082,4,,Múltiples titulares
10748085,2,,Múltiples titulares
10748094,2,,Múltiples titulares
10748096,2,,Múltiples titulares
10748098,1,10305267,Titular único
10748100,1,160700,Titular único
10748101,2,,Múltiples titulares
10748108,2,,Múltiples titulares
10748110,1,800752,Titular único
10748111,1,10736768,Titular único
10748112,1,10305509,Titular único
10748113,1,798699,Titular único
10748115,1,524520,Titular único
10748124,1,10709532,Titular único
10748129,1,10244624,Titular único
10748131,1,10223712,Titular único
10748137,1,10324292,Titular único
10748138,1,792230,Titular único
10748139,1,10101672,Titular único
10748140,1,796180,Titular único
10748141,2,,Múltiples titulares
10748145,1,10244627,Titular único
10748148,1,10337244,Titular único
10748149,1,10337181,Titular único
10748151,3,,Múltiples titulares
10748152,2,,Múltiples titulares
10748153,2,,Múltiples titulares
10748154,1,704666,Titular único
10748155,1,10305851,Titular único
10748156,3,,Múltiples titulares
10748157,1,791263,Titular único
10748158,1,10135952,Titular único
10748161,2,,Múltiples titulares
10748162,2,,Múltiples titulares
10748163,1,10736962,Titular único
10748165,2,,Múltiples titulares
10748166,1,10123863,Titular único
10748168,1,528565,Titular único
10748169,1,10124400,Titular único
10748170,2,,Múltiples titulares
10748171,1,10306013,Titular único
10748172,2,,Múltiples titulares
10748176,3,,Múltiples titulares
10748177,3,,Múltiples titulares
10748178,3,,Múltiples titulares
10748179,1,10238837,Titular único
10748180,2,,Múltiples titulares
10748181,3,,Múltiples titulares
10748182,1,10245411,Titular único
10748183,1,10324589,Titular único
10748184,1,797188,Titular único
10748185,1,10102147,Titular único
10748186,2,,Múltiples titulares
10748187,2,,Múltiples titulares
10748189,1,802552,Titular único
10748191,2,,Múltiples titulares
10748193,2,,Múltiples titulares
10748199,1,529520,Titular único
10748201,1,10305306,Titular único
10748202,1,10224145,Titular único
10748203,1,10239301,Titular único
10748205,1,10590465,Titular único
10748211,1,10102147,Titular único
10748885,1,209800,Titular único
10749294,1,10749292,Titular único
10752110,1,10769837,Titular único
10752168,1,10752539,Titular único
10752537,1,77073,Titular único
10752598,1,10752811,Titular único
10752630,1,10752892,Titular único
10752685,1,77073,Titular único
10752741,1,10752674,Titular único
10752839,1,11439316,Titular único
10755388,1,802116,Titular único
10755390,1,552168,Titular único
10755440,1,831698,Titular único
10755442,1,122470,Titular único
10756185,1,10726184,Titular único
10756259,2,,Múltiples titulares
10756271,1,10691747,Titular único
10756272,1,210188,Titular único
10756290,1,523790,Titular único
10756500,1,354123,Titular único
10756503,1,209954,Titular único
10756522,1,805420,Titular único
10756526,1,791806,Titular único
10756532,1,207304,Titular único
10756579,1,805498,Titular único
10756610,1,10756675,Titular único
10756614,1,29693,Titular único
10756616,1,10756625,Titular único
10756636,1,91780,Titular único
10756658,1,10700081,Titular único
10756673,1,10756640,Titular único
10756680,1,398190,Titular único
10756682,1,10758711,Titular único
10756685,1,354189,Titular único
10756686,2,,Múltiples titulares
10756688,1,732911,Titular único
10756693,1,10756583,Titular único
10756697,1,805424,Titular único
10756715,1,354172,Titular único
10756723,1,10766586,Titular único
10756761,1,10756622,Titular único
10756777,1,10758712,Titular único
10756778,2,,Múltiples titulares
10756800,1,805457,Titular único
10756806,1,10756701,Titular único
10756808,2,,Múltiples titulares
10756811,1,10756745,Titular único
10756816,1,10703045,Titular único
10756819,1,805439,Titular único
10756824,1,10756660,Titular único
10756826,1,354264,Titular único
10756834,1,10756620,Titular único
10756850,2,,Múltiples titulares
10757908,1,76994,Titular único
10757912,1,285449,Titular único
10757913,1,10811521,Titular único
10757944,1,10752343,Titular único
10757956,1,10729618,Titular único
10757960,1,363026,Titular único
10757962,1,264237,Titular único
10757964,1,76867,Titular único
10757975,1,830905,Titular único
10757991,1,77150,Titular único
10758007,1,10752555,Titular único
10758009,1,10795081,Titular único
10758021,1,10752313,Titular único
10758025,1,808752,Titular único
10758044,2,,Múltiples titulares
10758045,1,10752735,Titular único
10758700,1,398183,Titular único
10758703,1,241388,Titular único
10758732,1,32109,Titular único
10758735,1,10758713,Titular único
10758740,2,,Múltiples titulares
10758743,1,804315,Titular único
10758747,2,,Múltiples titulares
10758748,1,351992,Titular único
10758751,1,30706,Titular único
10758755,1,10758733,Titular único
10758763,1,10758713,Titular único
10758765,1,10758748,Titular único
10758769,1,10758742,Titular único
10758790,1,10245152,Titular único
10758834,1,10756620,Titular único
10759171,1,10755412,Titular único
10759958,1,10244888,Titular único
10761447,1,115177,Titular único
10761466,1,10783460,Titular único
10761702,1,808451,Titular único
10762201,1,210949,Titular único
10762202,1,771567,Titular único
10762402,1,354254,Titular único
10762408,2,,Múltiples titulares
10762416,1,805467,Titular único
10762417,1,354272,Titular único
10762420,1,10756551,Titular único
10762426,1,354279,Titular único
10762427,2,,Múltiples titulares
10762430,1,354282,Titular único
10762432,1,398192,Titular único
10762435,1,354167,Titular único
10762436,1,10756780,Titular único
10762437,2,,Múltiples titulares
10762442,2,,Múltiples titulares
10762443,1,354257,Titular único
10762444,1,10207183,Titular único
10762445,1,10770836,Titular único
10762446,1,805465,Titular único
10762451,1,10756596,Titular único
10762454,3,,Múltiples titulares
10762455,1,354283,Titular único
10762460,2,,Múltiples titulares
10762463,5,,Múltiples titulares
10762464,1,32121,Titular único
10762466,2,,Múltiples titulares
10762468,2,,Múltiples titulares
10762470,2,,Múltiples titulares
10762471,1,805422,Titular único
10762475,1,354279,Titular único
10762476,1,10190551,Titular único
10762477,3,,Múltiples titulares
10762480,1,10756519,Titular único
10762482,2,,Múltiples titulares
10762483,2,,Múltiples titulares
10762486,1,354227,Titular único
10762489,1,10756634,Titular único
10762490,3,,Múltiples titulares
10762491,2,,Múltiples titulares
10762492,1,10719869,Titular único
10762493,4,,Múltiples titulares
10762494,2,,Múltiples titulares
10762495,2,,Múltiples titulares
10762667,1,10756770,Titular único
10764644,1,11237324,Titular único
10765000,1,122072,Titular único
10765003,1,77091,Titular único
10765004,1,551696,Titular único
10765033,2,,Múltiples titulares
10765036,1,721713,Titular único
10765040,3,,Múltiples titulares
10765061,1,77175,Titular único
10765064,1,134629,Titular único
10765070,1,527064,Titular único
10765073,1,10337068,Titular único
10765088,1,77306,Titular único
10765110,1,10752133,Titular único
10765115,1,77224,Titular único
10765116,1,10752660,Titular único
10765130,1,10752553,Titular único
10766201,1,495550,Titular único
10766204,1,398104,Titular único
10766211,1,10766215,Titular único
10766212,1,59508,Titular único
10766230,1,10766237,Titular único
10766232,1,10766232,Titular único
10766233,1,10766203,Titular único
10766234,2,,Múltiples titulares
10766238,1,10766201,Titular único
10766240,2,,Múltiples titulares
10766242,1,10766215,Titular único
10766246,1,10766233,Titular único
10766247,2,,Múltiples titulares
10766248,2,,Múltiples titulares
10766249,1,10190419,Titular único
10766252,1,10766241,Titular único
10766258,1,10766224,Titular único
10766427,1,10160082,Titular único
10766469,1,914574,Titular único
10766474,1,208655,Titular único
10766491,1,10718390,Titular único
10766492,1,397395,Titular único
10766508,1,208660,Titular único
10766532,1,397446,Titular único
10766539,2,,Múltiples titulares
10766542,1,10690021,Titular único
10766551,1,10766532,Titular único
10766561,1,791709,Titular único
10766571,1,208654,Titular único
10766601,2,,Múltiples titulares
10766644,2,,Múltiples titulares
10766654,1,10766487,Titular único
10766665,1,397443,Titular único
10766714,1,791670,Titular único
10767160,1,208002,Titular único
10767361,1,10756570,Titular único
10767363,1,339948,Titular único
10767365,2,,Múltiples titulares
10767377,1,799587,Titular único
10767386,1,798663,Titular único
10767389,1,99222,Titular único
10767390,1,398195,Titular único
10767392,1,113493,Titular único
10767394,1,931361,Titular único
10767398,1,354134,Titular único
10767399,1,10756570,Titular único
10767400,2,,Múltiples titulares
10767401,1,354166,Titular único
10767403,1,112110,Titular único
10767406,1,805423,Titular único
10767407,1,354240,Titular único
10767408,2,,Múltiples titulares
10767413,3,,Múltiples titulares
10767416,1,10758701,Titular único
10767417,1,10726486,Titular único
10767419,1,10783684,Titular único
10767421,1,799617,Titular único
10767424,1,805498,Titular único
10767427,1,10735322,Titular único
10767432,1,10756572,Titular único
10767433,1,10756601,Titular único
10767440,1,10756684,Titular único
10767441,1,10756761,Titular único
10767442,1,10756658,Titular único
10767443,1,799587,Titular único
10767445,1,10207260,Titular único
10767447,1,10756560,Titular único
10767449,1,805460,Titular único
10767450,1,10756741,Titular único
10767451,2,,Múltiples titulares
10767453,2,,Múltiples titulares
10767455,2,,Múltiples titulares
10767457,1,10756905,Titular único
10767460,1,10756832,Titular único
10767462,1,805468,Titular único
10769069,1,363090,Titular único
10769072,1,363067,Titular único
10769095,1,832288,Titular único
10769112,1,10752471,Titular único
10769115,1,10794085,Titular único
10769131,1,10752411,Titular único
10769134,1,10752633,Titular único
10769136,1,801114,Titular único
10769143,1,10752116,Titular único
10769152,2,,Múltiples titulares
10769157,1,801114,Titular único
10769158,1,363138,Titular único
10769168,1,10848683,Titular único
10769171,1,10755412,Titular único
10769830,1,10769828,Titular único
10769833,1,122588,Titular único
10769849,1,10752413,Titular único
10770323,1,802372,Titular único
10770327,1,805388,Titular único
10770349,1,805388,Titular único
10770622,1,795920,Titular único
10770850,1,73692,Titular único
10770855,1,10700123,Titular único
10770873,1,10770859,Titular único
10770879,3,,Múltiples titulares
10770880,1,10207721,Titular único
10770882,1,805406,Titular único
10770895,1,10184634,Titular único
10770901,1,11040093,Titular único
10770902,1,10756732,Titular único
10770909,1,10190180,Titular único
10771114,1,437575,Titular único
10771122,1,354266,Titular único
10771125,2,,Múltiples titulares
10771127,2,,Múltiples titulares
10771140,1,911327,Titular único
10771151,1,10766602,Titular único
10771154,1,10766463,Titular único
10771164,1,10766682,Titular único
10771432,1,800249,Titular único
10771448,1,211476,Titular único
10771473,1,10771453,Titular único
10771474,1,211476,Titular único
10771487,1,800249,Titular único
10771489,1,10783687,Titular único
10771491,1,10692625,Titular único
10772242,1,934709,Titular único
10772256,1,797350,Titular único
10772257,3,,Múltiples titulares
10772278,1,551546,Titular único
10772312,1,112287,Titular único
10772325,1,10244783,Titular único
10772326,2,,Múltiples titulares
10772350,1,10916536,Titular único
10772363,1,77025,Titular único
10772374,1,10752881,Titular único
10772385,1,360694,Titular único
10772387,1,10628104,Titular único
10772389,1,799699,Titular único
10772396,2,,Múltiples titulares
10772406,1,830928,Titular único
10772421,1,10752297,Titular único
10772426,1,798836,Titular único
10772428,1,792497,Titular único
10772953,1,10229769,Titular único
10773405,1,10766519,Titular único
10773410,2,,Múltiples titulares
10774400,1,321960,Titular único
10774426,1,355470,Titular único
10774556,2,,Múltiples titulares
10774701,1,10779707,Titular único
10776429,1,795937,Titular único
10777206,1,77101,Titular único
10777224,1,804711,Titular único
10777243,1,800320,Titular único
10777266,1,10752476,Titular único
10777272,1,264828,Titular único
10777276,1,830926,Titular único
10777279,1,122471,Titular único
10777288,1,77194,Titular único
10777290,1,10752710,Titular único
10777309,1,10752085,Titular único
10777310,1,77168,Titular único
10777314,1,11433801,Titular único
10777317,1,10136485,Titular único
10777326,1,10101874,Titular único
10778406,1,48883,Titular único
10778429,1,795937,Titular único
10778453,1,550668,Titular único
10778465,1,122651,Titular único
10778490,1,10142105,Titular único
10778500,1,121936,Titular único
10778523,1,550664,Titular único
10778642,1,10778644,Titular único
10778649,1,550697,Titular único
10779201,1,10779200,Titular único
10779422,1,10323612,Titular único
10779667,1,731665,Titular único
10779697,1,10779716,Titular único
10779699,1,10779702,Titular único
10779704,1,10779688,Titular único
10779707,1,802818,Titular único
10779720,1,77094,Titular único
10779734,1,10779748,Titular único
10779735,2,,Múltiples titulares
10779738,2,,Múltiples titulares
10779741,1,10779716,Titular único
10779742,1,10779723,Titular único
10779747,1,10779733,Titular único
10779749,1,10779703,Titular único
10779775,1,802836,Titular único
10780008,1,120208,Titular único
10781678,1,10731678,Titular único
10783469,1,396298,Titular único
10783489,1,10207771,Titular único
10783491,1,10783482,Titular único
10783494,3,,Múltiples titulares
10783499,1,10207771,Titular único
10783613,1,10783685,Titular único
10783665,2,,Múltiples titulares
10783678,1,10766208,Titular único
10783681,1,466480,Titular único
10783683,1,10735029,Titular único
10783684,1,10783683,Titular único
10783693,1,920992,Titular único
10783694,1,209954,Titular único
10783699,1,10783705,Titular único
10783701,1,10726512,Titular único
10783702,3,,Múltiples titulares
10783704,2,,Múltiples titulares
10783710,1,32304,Titular único
10783712,1,10709694,Titular único
10783713,2,,Múltiples titulares
10783715,1,10262791,Titular único
10783961,1,32468,Titular único
10784592,1,10774226,Titular único
10786911,1,10786890,Titular único
10787474,1,657746,Titular único
10787762,1,832224,Titular único
10787780,1,10787778,Titular único
10788244,1,10037151,Titular único
10788260,1,113245,Titular único
10788261,1,797881,Titular único
10788262,1,31566,Titular único
10788265,1,10160320,Titular único
10788269,2,,Múltiples titulares
10788275,1,10788263,Titular único
10788284,1,10154218,Titular único
10790122,1,10790120,Titular único
10790123,1,10190932,Titular único
10790322,1,210324,Titular único
10790326,1,10790328,Titular único
10790338,2,,Múltiples titulares
10790992,1,713692,Titular único
10791760,1,10791785,Titular único
10792329,1,10731653,Titular único
10792628,1,10792627,Titular único
10793912,1,10821601,Titular único
10795345,1,799218,Titular único
10795349,1,10324274,Titular único
10796508,1,10796559,Titular único
10796596,1,11031017,Titular único
10796898,1,231096,Titular único
10796904,1,10078630,Titular único
10798058,1,780798,Titular único
10799916,1,197695,Titular único
10800404,1,328510,Titular único
10800410,1,127544,Titular único
10800544,1,10852844,Titular único
10800581,1,593119,Titular único
10801825,1,10801816,Titular único
10801859,1,10778546,Titular único
10802639,1,10245818,Titular único
10802932,1,10223305,Titular único
10802947,1,10802907,Titular único
10803535,1,802774,Titular único
10803625,1,265761,Titular único
10804248,1,390575,Titular único
10804249,1,126327,Titular único
10804349,1,196001,Titular único
10804385,1,10834686,Titular único
10806716,1,11295147,Titular único
10806968,1,598330,Titular único
10806989,1,598330,Titular único
10807008,1,10142355,Titular único
10808358,1,874337,Titular único
10808363,1,10826880,Titular único
10808388,1,10826880,Titular único
10809300,1,832320,Titular único
10809322,2,,Múltiples titulares
10809350,1,10809350,Titular único
10809357,1,10239106,Titular único
10810039,1,771782,Titular único
10810551,1,983949,Titular único
10810561,1,162854,Titular único
10810569,1,870635,Titular único
10810577,1,528271,Titular único
10810578,2,,Múltiples titulares
10810599,1,528585,Titular único
10811557,1,123705,Titular único
10811571,1,10811526,Titular único
10811825,1,10752288,Titular único
10811834,1,10190543,Titular único
10812725,1,983918,Titular único
10812771,1,367532,Titular único
10812784,1,802160,Titular único
10812848,1,10101676,Titular único
10813984,1,32392,Titular único
10814028,1,122807,Titular único
10814105,1,10142584,Titular único
10814152,1,10794105,Titular único
10815156,1,10223514,Titular único
10817287,1,551487,Titular único
10817879,1,364545,Titular único
10817919,1,135692,Titular único
10818026,1,10817982,Titular único
10818041,1,10817969,Titular único
10818064,1,10817965,Titular único
10818082,1,10817982,Titular único
10818135,1,801123,Titular único
10818157,1,10828778,Titular único
10818208,1,10818069,Titular único
10818242,1,10847420,Titular único
10818284,1,10818132,Titular único
10819109,1,854866,Titular único
10819111,1,391002,Titular único
10819134,1,723296,Titular único
10819165,1,723296,Titular único
10819258,2,,Múltiples titulares
10821260,1,77095,Titular único
10821296,1,10043004,Titular único
10821309,1,551592,Titular único
10821558,1,943659,Titular único
10822147,1,10141791,Titular único
10822330,1,851643,Titular único
10822459,1,10822445,Titular único
10822480,1,10810003,Titular único
10822489,1,10639486,Titular único
10823301,1,851643,Titular único
10823501,2,,Múltiples titulares
10823512,1,10190041,Titular único
10823513,2,,Múltiples titulares
10823740,1,10823722,Titular único
10824702,1,92744,Titular único
10824722,1,230759,Titular único
10824754,1,10824730,Titular único
10824759,1,10824752,Titular único
10824784,1,10516760,Titular único
10824788,1,10824763,Titular único
10824790,1,10824788,Titular único
10824796,1,10824779,Titular único
10824965,1,10527018,Titular único
10824966,1,10852245,Titular único
10825713,1,10030731,Titular único
10827736,1,801808,Titular único
10828025,1,265860,Titular único
10828052,2,,Múltiples titulares
10828394,1,125633,Titular único
10828528,2,,Múltiples titulares
10828565,1,10655705,Titular único
10828592,1,942517,Titular único
10828646,1,521996,Titular único
10828680,1,10828429,Titular único
10828701,1,528712,Titular único
10828750,1,10245564,Titular único
10828836,1,76005,Titular único
10828896,1,226477,Titular único
10828937,1,10496086,Titular único
10828952,1,574646,Titular único
10828961,1,574633,Titular único
10828963,1,572963,Titular único
10829074,1,10828468,Titular único
10829137,1,196209,Titular único
10829174,1,851505,Titular único
10829222,1,10123207,Titular único
10829320,1,10828926,Titular único
10829374,1,111890,Titular único
10829605,1,808783,Titular único
10829750,1,10245564,Titular único
10829752,2,,Múltiples titulares
10829795,1,10830147,Titular único
10829948,1,572953,Titular único
10829971,1,367247,Titular único
10829973,1,245125,Titular único
10830035,1,910753,Titular único
10830078,1,912944,Titular único
10830081,1,367202,Titular único
10830096,1,10040946,Titular único
10830131,1,10829264,Titular único
10830288,1,574646,Titular único
10830817,1,10030599,Titular único
10831678,1,10628754,Titular único
10834527,1,196453,Titular único
10834538,1,390583,Titular único
10835716,1,10834586,Titular único
10835721,1,10799131,Titular único
10835742,1,98781,Titular único
10835765,1,10799375,Titular único
10836941,1,10824737,Titular único
10838381,1,528538,Titular único
10838396,1,10305410,Titular único
10838739,1,361146,Titular único
10838754,1,10311364,Titular único
10838771,1,10123984,Titular único
10838860,1,830449,Titular único
10839002,1,10838675,Titular único
10839022,1,10838783,Titular único
10839070,1,10280039,Titular único
10839137,1,11178360,Titular único
10839172,1,10839170,Titular único
10839178,1,830423,Titular único
10839224,1,10839221,Titular único
10839843,1,121424,Titular único
10839853,1,10827727,Titular único
10840173,1,553125,Titular único
10840556,1,731308,Titular único
10840562,2,,Múltiples titulares
10840572,1,463776,Titular único
10842527,1,121708,Titular único
10843342,1,10838740,Titular único
10844516,1,854639,Titular único
10844542,1,11431234,Titular único
10844551,1,10829649,Titular único
10844557,1,10829225,Titular único
10844559,1,10829747,Titular único
10844569,1,574663,Titular único
10845762,2,,Múltiples titulares
10846613,1,523079,Titular único
10847308,1,196207,Titular único
10847406,1,10230054,Titular único
10847431,1,10818132,Titular único
10847438,1,10847395,Titular único
10847873,1,10851098,Titular único
10847970,1,10142559,Titular único
10850096,1,195189,Titular único
10850106,1,10796544,Titular único
10850346,1,771841,Titular único
10850377,1,852724,Titular único
10850381,1,852716,Titular único
10850405,2,,Múltiples titulares
10850411,1,817206,Titular único
10850435,1,10850465,Titular único
10850463,1,530702,Titular único
10850491,1,10850452,Titular único
10850943,1,197726,Titular único
10850956,1,10076161,Titular único
10850961,1,10529486,Titular único
10850966,1,124011,Titular único
10851008,2,,Múltiples titulares
10851032,1,10850358,Titular único
10851034,1,10503964,Titular único
10851091,2,,Múltiples titulares
10851103,1,10851061,Titular único
10851120,2,,Múltiples titulares
10851650,1,787682,Titular único
10851653,1,851640,Titular único
10851662,1,851675,Titular único
10851670,1,10851673,Titular único
10851682,1,851669,Titular único
10851684,1,10190041,Titular único
10851691,1,366423,Titular único
10851701,1,851686,Titular único
10851719,1,10851672,Titular único
10851720,1,851679,Titular único
10851722,1,10244825,Titular único
10851724,1,851669,Titular único
10851729,1,10851736,Titular único
10851744,1,10190600,Titular único
10851753,1,851670,Titular único
10851754,1,10851743,Titular único
10851757,1,10851744,Titular único
10851761,1,126032,Titular único
10851764,1,10851758,Titular único
10851780,1,10851752,Titular único
10851783,1,10851777,Titular único
10851805,1,10190042,Titular único
10851812,1,10851736,Titular único
10851814,1,10851777,Titular único
10851834,1,10851745,Titular único
10857169,1,669577,Titular único
10857199,1,10549173,Titular único
10857222,1,807973,Titular único
10857224,1,98720,Titular único
10857226,1,75622,Titular único
10857227,1,805126,Titular único
10858169,1,10874864,Titular único
10861977,1,10045418,Titular único
10864188,1,107716,Titular único
10866347,1,186079,Titular único
10871121,1,879417,Titular único
10871126,1,596722,Titular único
10872120,1,10871896,Titular único
10874658,1,722265,Titular único
10874914,1,10874869,Titular único
10875521,1,420309,Titular único
10875570,1,10875557,Titular único
10877842,1,143179,Titular único
10877896,1,130568,Titular único
10877936,1,10871317,Titular único
10877965,1,596835,Titular único
10877987,1,596881,Titular único
10878033,1,127522,Titular único
10878147,1,874343,Titular único
10878150,1,596860,Titular único
10878182,1,10871315,Titular único
10878270,1,10046163,Titular único
10880000,1,10879986,Titular único
10880124,1,185232,Titular único
10880265,1,10046672,Titular único
10880283,1,10880259,Titular único
10880341,1,11257853,Titular único
10882135,1,800273,Titular único
10882462,1,244155,Titular único
10882703,1,10046867,Titular único
10882711,1,10244846,Titular único
10882766,1,101068,Titular único
10882933,1,10883003,Titular único
10883005,1,10880049,Titular único
10883068,1,421345,Titular único
10884211,1,10779697,Titular único
10885622,1,10897204,Titular único
10888290,1,10306187,Titular único
10888294,1,48156,Titular único
10888329,1,10882742,Titular único
10888337,1,10882583,Titular único
10888829,1,10882645,Titular único
10889285,1,808197,Titular único
10890991,1,524657,Titular único
10891021,1,523401,Titular único
10891026,1,10324218,Titular único
10893788,1,798800,Titular único
10893794,1,176395,Titular único
10893798,1,421323,Titular único
10893800,1,421610,Titular único
10893815,1,823635,Titular único
10893840,1,98688,Titular único
10893842,2,,Múltiples titulares
10893858,1,798834,Titular único
10893861,1,10190266,Titular único
10893879,1,10025938,Titular único
10895093,2,,Múltiples titulares
10896007,1,159284,Titular único
10896034,1,798204,Titular único
10896035,1,528090,Titular único
10896046,1,10882710,Titular único
10896055,1,796939,Titular único
10896083,1,100003,Titular único
10896088,1,525441,Titular único
10896102,2,,Múltiples titulares
10896105,1,421582,Titular único
10896106,1,10880022,Titular único
10896116,1,11105045,Titular único
10896128,1,10184059,Titular único
10896138,1,10883128,Titular único
10896142,1,10882829,Titular único
10896150,1,98735,Titular único
10896153,1,243983,Titular único
10896154,1,101870,Titular único
10896161,1,186153,Titular único
10896163,1,10882452,Titular único
10896166,1,10882754,Titular único
10896219,1,185151,Titular único
10896232,1,731319,Titular único
10896259,1,10142082,Titular único
10896275,1,10882429,Titular único
10897945,1,10897965,Titular único
10899305,1,421558,Titular único
10899306,1,100080,Titular único
10899308,1,185087,Titular único
10899325,1,10882440,Titular único
10899343,2,,Múltiples titulares
10899359,1,795957,Titular único
10899364,1,184679,Titular único
10899365,1,162318,Titular único
10899372,1,10244795,Titular único
10899375,1,419590,Titular único
10899382,1,860737,Titular único
10900963,1,186044,Titular único
10902293,1,11270630,Titular único
10902724,1,31919,Titular único
10902733,1,10306305,Titular único
10902735,1,308253,Titular único
10902736,1,97715,Titular único
10902738,1,10123228,Titular único
10902740,1,97300,Titular único
10902742,1,184359,Titular único
10902743,1,10949053,Titular único
10902749,1,713179,Titular único
10902754,1,10948826,Titular único
10902757,2,,Múltiples titulares
10902770,1,419595,Titular único
10903361,1,45391,Titular único
10903464,1,10923482,Titular único
10904334,1,883119,Titular único
10905298,1,11273486,Titular único
10909864,1,10909838,Titular único
10912031,1,781128,Titular único
10912047,1,10948811,Titular único
10912050,1,419244,Titular único
10912051,1,10973903,Titular único
10912059,1,10949200,Titular único
10912063,1,10949575,Titular único
10912735,1,10932161,Titular único
10912748,1,10932122,Titular único
10912766,2,,Múltiples titulares
10913644,1,880323,Titular único
10913661,1,10123961,Titular único
10913707,1,12323978,Titular único
10916761,1,10916653,Titular único
10918331,1,700644,Titular único
10918855,1,419443,Titular único
10918861,1,10057833,Titular único
10918868,1,10697281,Titular único
10918872,1,10949500,Titular único
10918874,1,10949031,Titular único
10918875,1,10949743,Titular único
10919674,1,375078,Titular único
10919730,1,881996,Titular único
10919758,1,373966,Titular único
10919783,1,10925242,Titular único
10919826,1,10937618,Titular único
10919839,1,647016,Titular único
10919869,1,914494,Titular único
10919897,1,10265935,Titular único
10919910,1,882322,Titular único
10919915,1,373916,Titular único
10919945,1,10537707,Titular único
10919954,1,10905226,Titular único
10919965,1,10904314,Titular único
10922917,1,10038041,Titular único
10923464,1,10923482,Titular único
10924543,1,97298,Titular único
10924551,2,,Múltiples titulares
10924578,1,930621,Titular único
10924593,1,10948825,Titular único
10924608,1,97302,Titular único
10924610,1,10949036,Titular único
10924618,1,10949549,Titular único
10925240,1,102891,Titular único
10925285,1,670072,Titular único
10925405,1,523320,Titular único
10925438,2,,Múltiples titulares
10927314,2,,Múltiples titulares
10928518,1,419493,Titular único
10928531,1,890027,Titular único
10928545,1,97346,Titular único
10928546,1,530984,Titular único
10928548,1,10949248,Titular único
10928554,1,801460,Titular único
10928555,2,,Múltiples titulares
10928560,1,10948930,Titular único
10928584,1,72274,Titular único
10928588,1,10949290,Titular único
10929145,1,181584,Titular único
10929441,1,655575,Titular único
10929459,1,604483,Titular único
10929468,1,10904323,Titular único
10929492,1,10324252,Titular único
10929538,2,,Múltiples titulares
10929547,1,915305,Titular único
10929592,1,10937518,Titular único
10931038,1,934776,Titular único
10932279,1,186192,Titular único
10932980,1,882350,Titular único
10932993,1,882524,Titular único
10933002,1,844576,Titular único
10933039,1,497155,Titular único
10933051,1,10184770,Titular único
10933058,1,10135813,Titular único
10933067,1,882683,Titular único
10933077,1,10903745,Titular único
10935377,1,10781767,Titular único
10935892,1,794809,Titular único
10935919,1,807203,Titular único
10935924,1,276044,Titular único
10935957,1,603420,Titular único
10935974,1,603918,Titular único
10936045,1,10937756,Titular único
10937660,1,771472,Titular único
10937678,1,113664,Titular único
10939211,1,10829766,Titular único
10940563,1,882038,Titular único
10940577,1,882566,Titular único
10940582,1,10904398,Titular único
10940594,1,10923459,Titular único
10940597,1,808802,Titular único
10940609,1,882017,Titular único
10940619,1,374438,Titular único
10942477,1,602678,Titular único
10942653,1,910156,Titular único
10942660,1,881489,Titular único
10942719,1,910156,Titular único
10942737,1,802163,Titular único
10942761,1,10942735,Titular único
10943484,1,10904684,Titular único
10944618,1,10949549,Titular único
10946602,1,135209,Titular único
10947084,1,10923602,Titular único
10948782,1,246063,Titular único
10948893,1,717265,Titular único
10948915,1,183984,Titular único
10949012,1,803501,Titular único
10949077,1,245845,Titular único
10949080,2,,Múltiples titulares
10949094,1,930884,Titular único
10949169,1,10375763,Titular único
10949177,1,419493,Titular único
10949195,1,10948838,Titular único
10949208,1,10977244,Titular único
10949310,1,165131,Titular único
10949363,1,10190534,Titular único
10949462,2,,Múltiples titulares
10949613,1,10987302,Titular único
10951780,1,669642,Titular único
10951784,1,419526,Titular único
10951791,1,10974022,Titular único
10952090,1,10977206,Titular único
10952695,1,10970343,Titular único
10952982,2,,Múltiples titulares
10953005,1,137194,Titular único
10953016,1,633640,Titular único
10953076,1,912993,Titular único
10953078,1,377498,Titular único
10953109,1,925342,Titular único
10953146,1,77253,Titular único
10955521,1,308253,Titular único
10955527,1,71279,Titular único
10955541,1,10973991,Titular único
10957873,1,914739,Titular único
10957934,1,915156,Titular único
10957972,2,,Múltiples titulares
10959121,1,390241,Titular único
10959155,1,10305340,Titular único
10959337,1,10959201,Titular único
10959860,1,10223498,Titular único
10960384,1,808332,Titular único
10960669,1,635163,Titular único
10960670,1,914764,Titular único
10960701,1,915236,Titular único
10960708,1,530678,Titular único
10960721,1,912794,Titular único
10961917,1,10207172,Titular único
10962054,1,10961924,Titular único
10962092,1,10961990,Titular único
10962175,1,10962140,Titular único
10962289,1,10545506,Titular único
10962303,1,10051857,Titular único
10962407,1,635446,Titular único
10965400,1,914932,Titular único
10965406,1,377461,Titular único
10965419,1,911827,Titular único
10966456,1,10966457,Titular único
10966706,1,529549,Titular único
10966708,1,285891,Titular único
10967009,1,634829,Titular único
10967028,1,137429,Titular único
10967069,1,10987358,Titular único
10968051,1,10961962,Titular único
10968056,1,912844,Titular único
10968073,1,10962066,Titular único
10969512,1,139302,Titular único
10969680,1,10998950,Titular único
10970368,1,942316,Titular único
10970940,1,634620,Titular único
10970947,1,377486,Titular único
10970952,1,10986233,Titular único
10970968,1,910774,Titular único
10971004,1,167831,Titular único
10971049,1,10032941,Titular único
10971072,1,635338,Titular único
10971075,1,10153977,Titular único
10971076,1,10961932,Titular único
10971078,1,912993,Titular único
10971134,1,804927,Titular único
10971136,1,378974,Titular único
10971181,2,,Múltiples titulares
10971182,1,635596,Titular único
10971190,1,635495,Titular único
10971198,1,798844,Titular único
10971202,1,854764,Titular único
10971212,1,10987770,Titular único
10971224,1,10324290,Titular único
10971258,1,801914,Titular único
10971262,1,10958114,Titular único
10971291,1,137236,Titular único
10971298,1,135678,Titular único
10971303,1,635587,Titular único
10971319,1,635414,Titular único
10971401,1,377259,Titular único
10971620,1,10954847,Titular único
10971852,1,528270,Titular único
10971856,2,,Múltiples titulares
10971860,1,10961932,Titular único
10971896,1,801995,Titular único
10971908,1,722443,Titular único
10971932,1,800415,Titular único
10971949,1,10962167,Titular único
10972024,1,132761,Titular único
10972032,1,135654,Titular único
10972046,1,790514,Titular único
10973323,1,10973322,Titular único
10973906,1,184018,Titular único
10973915,1,45386,Titular único
10974026,1,10973996,Titular único
10974890,1,377498,Titular único
10974899,1,635338,Titular único
10974903,1,193205,Titular único
10974904,1,633540,Titular único
10974910,1,11217120,Titular único
10974915,1,10986436,Titular único
10974919,1,377297,Titular único
10974920,1,10986254,Titular único
10974923,1,794669,Titular único
10974926,1,378438,Titular único
10974951,1,912983,Titular único
10974959,1,911514,Titular único
10974972,1,137462,Titular único
10974985,1,799523,Titular único
10974986,1,101881,Titular único
10975005,1,912911,Titular único
10975010,1,633540,Titular único
10975016,1,914768,Titular único
10975017,3,,Múltiples titulares
10975019,1,635102,Titular único
10975022,1,137223,Titular único
10975024,1,635184,Titular único
10975027,1,67748,Titular único
10975033,1,375552,Titular único
10975037,1,915345,Titular único
10975041,1,10986197,Titular único
10975044,1,10986436,Titular único
10975063,1,10987172,Titular único
10975069,1,802569,Titular único
10975078,1,10545449,Titular único
10977819,1,910774,Titular único
10977824,1,633674,Titular único
10977830,1,77176,Titular único
10977833,1,375597,Titular único
10977849,1,799027,Titular único
10977854,1,912557,Titular único
10977876,1,808102,Titular único
10977888,1,137235,Titular único
10977905,1,560757,Titular único
10977907,1,137408,Titular único
10979122,1,375563,Titular único
10979130,1,58298,Titular único
10979155,1,10987067,Titular único
10979690,1,10779680,Titular único
10979911,2,,Múltiples titulares
10979923,1,10979906,Titular único
10980746,1,912931,Titular único
10980749,1,195926,Titular único
10980768,1,10756512,Titular único
10981403,1,809122,Titular único
10983081,1,246063,Titular único
10983112,1,10983097,Titular único
10985463,1,10685797,Titular único
10985763,1,10305571,Titular único
10986311,1,912340,Titular único
10986436,1,10986349,Titular único
10986636,1,509278,Titular único
10986705,1,10986705,Titular único
10986917,1,525589,Titular único
10987546,1,10229861,Titular único
10987815,1,10986649,Titular único
10987843,1,10986157,Titular único
10992026,1,912405,Titular único
10992151,1,73199,Titular único
10992824,1,10184210,Titular único
10993021,1,281249,Titular único
10994220,1,912753,Titular único
10994226,1,912753,Titular único
10994244,1,10986616,Titular único
10994265,1,10959495,Titular único
10995426,1,911368,Titular único
10995427,1,10995434,Titular único
10995446,1,10135995,Titular único
10995457,2,,Múltiples titulares
10995498,1,10995493,Titular único
10997086,1,112056,Titular único
10997361,2,,Múltiples titulares
10997391,1,377508,Titular único
10997403,1,635559,Titular único
10997407,1,10503974,Titular único
10997411,1,912064,Titular único
10997415,1,912458,Titular único
10999606,1,10999618,Titular único
10999631,1,10999623,Titular único
10999633,2,,Múltiples titulares
10999636,1,10999622,Titular único
10999652,1,10999633,Titular único
11000125,1,647271,Titular único
11000154,1,11276280,Titular único
11000164,1,11043778,Titular único
11000182,1,11043762,Titular único
11000828,1,11000813,Titular único
11000837,1,10100079,Titular único
11000852,1,10100079,Titular único
11002507,1,10661751,Titular único
11002838,1,603338,Titular único
11003077,1,10054148,Titular único
11003078,1,11003071,Titular único
11003818,1,528347,Titular único
11003935,1,11003920,Titular único
11003964,1,920334,Titular único
11003998,1,11028428,Titular único
11004822,1,10976386,Titular único
11005446,1,920992,Titular único
11005460,1,11005469,Titular único
11005485,1,11408527,Titular único
11005487,1,11408527,Titular único
11005492,1,10239730,Titular único
11005493,1,11005481,Titular único
11006274,1,921539,Titular único
11006827,1,823825,Titular único
11006834,1,11006833,Titular único
11006916,2,,Múltiples titulares
11006921,1,922598,Titular único
11006936,1,11006831,Titular único
11007539,1,188581,Titular único
11007547,1,11003967,Titular único
11009506,1,137018,Titular único
11009565,1,11009565,Titular único
11011044,1,11927796,Titular único
11011266,1,10366279,Titular único
11011276,1,10661817,Titular único
11011278,1,11006922,Titular único
11011280,1,10190306,Titular único
11011759,1,10546790,Titular único
11012091,1,530581,Titular único
11012608,1,57738,Titular único
11012609,1,529855,Titular único
11013877,1,11013855,Titular único
11013880,1,11013833,Titular único
11013894,1,11013894,Titular único
11013902,1,11000154,Titular único
11014429,1,924491,Titular único
11014430,1,11014483,Titular único
11014435,2,,Múltiples titulares
11014442,1,11014471,Titular único
11014467,2,,Múltiples titulares
11014510,2,,Múltiples titulares
11014513,1,11018767,Titular único
11014519,1,11014544,Titular único
11014523,1,11014531,Titular único
11014525,1,11014495,Titular único
11014527,1,11014445,Titular único
11014533,1,11014504,Titular único
11014551,1,11484401,Titular único
11014552,1,11014551,Titular único
11014556,1,11014517,Titular único
11014562,1,11014565,Titular único
11014573,1,11489470,Titular único
11014576,1,11489470,Titular único
11016245,1,910796,Titular único
11017526,1,11017534,Titular único
11017563,2,,Múltiples titulares
11017569,1,139580,Titular único
11017594,1,10142524,Titular único
11017845,1,10724669,Titular único
11017853,1,11017836,Titular único
11018170,1,11018164,Titular único
11018178,1,11018153,Titular único
11018192,2,,Múltiples titulares
11018763,1,11014450,Titular único
11018820,1,645254,Titular único
11020920,1,634375,Titular único
11021187,1,110527,Titular único
11021202,1,11021186,Titular único
11021222,1,11021205,Titular único
11021496,1,722022,Titular único
11021497,1,10473969,Titular único
11021498,1,456473,Titular único
11023665,1,794698,Titular único
11023739,1,932957,Titular único
11023826,2,,Múltiples titulares
11024899,1,635457,Titular único
11025799,1,11025778,Titular único
11025825,1,11025781,Titular único
11025829,1,931530,Titular único
11026352,1,375437,Titular único
11026379,1,634755,Titular único
11026403,1,300248,Titular único
11027238,2,,Múltiples titulares
11027943,1,925339,Titular único
11028005,1,11013842,Titular único
11028026,1,508771,Titular único
11028193,1,11028048,Titular único
11028215,1,11087600,Titular único
11028223,1,925482,Titular único
11028308,1,11027944,Titular único
11028350,1,11028333,Titular único
11028527,2,,Múltiples titulares
11028617,1,10142391,Titular único
11028640,1,11028205,Titular único
11028687,1,228670,Titular único
11028747,1,11489464,Titular único
11028856,1,530513,Titular único
11028865,1,10474251,Titular único
11028884,1,11003931,Titular único
11028889,1,644785,Titular único
11028905,1,645257,Titular único
11028922,1,455238,Titular único
11030942,1,925598,Titular único
11030945,1,925332,Titular único
11031006,1,228673,Titular único
11031039,1,11038599,Titular único
11031056,1,228651,Titular único
11031069,1,228689,Titular único
11031128,1,38386,Titular único
11031140,1,11032142,Titular único
11031141,1,11011253,Titular único
11031148,3,,Múltiples titulares
11031164,1,11031164,Titular único
11031178,1,11006265,Titular único
11031183,1,925593,Titular único
11032192,1,11032171,Titular único
11032195,1,11031049,Titular único
11032200,1,11032186,Titular único
11032679,2,,Múltiples titulares
11033642,1,107829,Titular único
11034464,1,11014423,Titular único
11034980,1,645875,Titular único
11034985,1,329307,Titular único
11034988,1,925274,Titular único
11034991,1,11028091,Titular único
11035010,1,10141812,Titular único
11035012,1,11028091,Titular único
11035015,1,11028130,Titular único
11035026,1,925475,Titular único
11035036,1,231802,Titular único
11035050,1,10056404,Titular único
11035053,1,91856,Titular único
11035057,1,925556,Titular único
11035069,1,11006876,Titular único
11035079,1,925485,Titular único
11035084,1,11028298,Titular único
11035096,1,231802,Titular único
11035100,1,10999617,Titular único
11035108,1,11003940,Titular único
11035109,1,11087626,Titular único
11035116,1,925357,Titular único
11035129,1,10324302,Titular único
11036732,1,11036735,Titular único
11037427,1,647041,Titular único
11037432,1,701269,Titular único
11037438,1,231836,Titular único
11037478,1,10655853,Titular único
11037491,1,38367,Titular único
11037517,2,,Múltiples titulares
11037519,1,11028568,Titular único
11037527,1,11028093,Titular único
11037540,1,11021212,Titular único
11038616,2,,Múltiples titulares
11038618,1,188577,Titular único
11038624,1,770402,Titular único
11039480,1,228655,Titular único
11039489,1,528108,Titular único
11039506,1,10678399,Titular único
11039516,1,11039491,Titular único
11039796,1,11039493,Titular único
11039813,1,851669,Titular único
11040141,1,11040149,Titular único
11040146,1,11040120,Titular único
11040163,1,11408804,Titular único
11040167,1,11040114,Titular único
11040436,1,521290,Titular único
11040681,1,11040680,Titular único
11041265,1,913245,Titular único
11041327,1,913204,Titular único
11042557,2,,Múltiples titulares
11042578,2,,Múltiples titulares
11042583,1,734332,Titular único
11042586,1,844521,Titular único
11042588,1,11028056,Titular único
11042589,1,277204,Titular único
11042601,1,333527,Titular único
11042614,1,11028407,Titular único
11042633,1,11031028,Titular único
11042648,1,11028528,Titular único
11043826,1,10056748,Titular único
11043829,1,11000173,Titular único
11043839,1,11931281,Titular único
11044114,1,349476,Titular único
11044122,1,108825,Titular único
11044132,1,10056773,Titular único
11044190,1,11044088,Titular único
11044214,1,526979,Titular único
11044228,1,10055255,Titular único
11044255,1,10032876,Titular único
11044257,1,10190585,Titular único
11044272,1,11044257,Titular único
11044274,1,108888,Titular único
11044284,1,11022314,Titular único
11044289,1,11932361,Titular único
11044310,1,10030787,Titular único
11044315,1,11044257,Titular único
11044316,1,10056830,Titular único
11044318,1,11044231,Titular único
11044330,1,10030793,Titular único
11044345,2,,Múltiples titulares
11045459,1,58877,Titular único
11045460,1,933001,Titular único
11045465,1,11104498,Titular único
11045484,1,58213,Titular único
11045494,1,59789,Titular único
11045496,1,808425,Titular único
11045498,1,167583,Titular único
11045503,2,,Múltiples titulares
11045512,1,11104980,Titular único
11045516,1,11104915,Titular único
11046467,1,11104824,Titular único
11046950,1,657198,Titular único
11046981,1,380700,Titular único
11047008,2,,Múltiples titulares
11047015,1,11046973,Titular único
11047026,1,11047037,Titular único
11047028,1,11047003,Titular único
11047069,1,11057862,Titular único
11047078,1,10136544,Titular único
11047086,1,142537,Titular único
11047101,1,11047067,Titular único
11047128,1,10516608,Titular único
11047763,1,10223654,Titular único
11048206,1,10337215,Titular único
11048221,1,945120,Titular único
11048241,1,146208,Titular único
11048265,1,527034,Titular único
11048281,1,529982,Titular único
11048282,1,735697,Titular único
11048285,1,10709581,Titular único
11048311,1,940743,Titular único
11048352,1,11440313,Titular único
11048372,1,291267,Titular único
11048646,1,922306,Titular único
11049203,1,11104435,Titular único
11049348,1,142952,Titular único
11049372,1,934030,Titular único
11049381,1,11104557,Titular único
11049388,1,804075,Titular único
11049403,2,,Múltiples titulares
11049416,1,10184035,Titular único
11049437,1,395801,Titular único
11049438,2,,Múltiples titulares
11049440,1,141394,Titular único
11049441,1,932370,Titular único
11049445,1,383616,Titular único
11049462,1,58238,Titular único
11049472,1,933747,Titular único
11049477,1,143268,Titular único
11049492,1,141357,Titular único
11049502,2,,Múltiples titulares
11049503,1,10223653,Titular único
11049507,1,11105502,Titular único
11049511,1,844563,Titular único
11049512,1,10190569,Titular único
11049525,1,11090697,Titular único
11049535,1,142960,Titular único
11049538,2,,Múltiples titulares
11049543,1,10190321,Titular único
11049681,1,380700,Titular único
11050348,1,934817,Titular único
11050540,1,658012,Titular único
11050542,1,656328,Titular único
11050543,1,58686,Titular único
11050551,1,11050550,Titular único
11050559,2,,Múltiples titulares
11050560,1,58686,Titular único
11050561,1,934445,Titular único
11050572,1,934445,Titular único
11050582,2,,Múltiples titulares
11050589,1,11050546,Titular único
11050604,1,10245307,Titular único
11053053,1,11053055,Titular único
11053066,1,11053052,Titular único
11053607,1,167930,Titular único
11053608,1,528684,Titular único
11053609,1,792743,Titular único
11053611,1,669261,Titular único
11053629,1,169403,Titular único
11053650,1,942975,Titular único
11053655,1,669823,Titular único
11053693,1,11182898,Titular único
11053700,1,668569,Titular único
11053701,1,315338,Titular único
11053705,1,945285,Titular único
11053714,1,164640,Titular único
11053718,1,167618,Titular único
11053719,1,669826,Titular único
11053742,1,11306049,Titular único
11053751,1,169361,Titular único
11053759,1,799468,Titular único
11053763,1,945277,Titular único
11053798,2,,Múltiples titulares
11053809,1,168414,Titular único
11053810,1,763240,Titular único
11053845,1,799468,Titular único
11053852,1,169430,Titular único
11053894,1,363047,Titular único
11053912,1,330560,Titular único
11053930,1,330563,Titular único
11053936,1,798262,Titular único
11054606,1,520077,Titular único
11054610,1,933679,Titular único
11054615,1,657663,Titular único
11054618,1,386048,Titular único
11054619,1,657787,Titular único
11054623,1,932885,Titular único
11054641,1,794513,Titular único
11054647,1,11104909,Titular único
11054649,1,11104615,Titular único
11054657,1,383639,Titular único
11054676,1,798778,Titular único
11054685,1,383634,Titular único
11054687,1,799046,Titular único
11054710,1,11104456,Titular único
11054734,2,,Múltiples titulares
11054736,1,381415,Titular único
11054745,1,11104687,Titular único
11054753,1,11016832,Titular único
11056749,1,931367,Titular único
11056764,2,,Múltiples titulares
11056795,1,11056741,Titular único
11056831,1,931334,Titular único
11057812,1,11057806,Titular único
11057837,1,382878,Titular único
11057891,1,796579,Titular único
11057907,1,11057824,Titular único
11058401,1,142506,Titular único
11058405,1,142547,Titular único
11058966,2,,Múltiples titulares
11059293,1,165893,Titular único
11059309,1,799012,Titular único
11062260,1,529964,Titular único
11062266,1,22315,Titular único
11062267,1,58326,Titular único
11062271,1,525378,Titular único
11062278,1,10223359,Titular único
11062279,1,11104934,Titular único
11062289,1,143966,Titular único
11062299,1,527187,Titular único
11063636,1,59350,Titular único
11063643,1,11063637,Titular único
11063646,1,11063643,Titular único
11063941,1,932028,Titular único
11063945,1,657993,Titular único
11063967,1,10324392,Titular único
11063977,1,11063976,Titular único
11064530,1,800248,Titular único
11064537,1,10262870,Titular único
11064842,1,11064823,Titular único
11065123,1,523358,Titular único
11065145,1,164606,Titular único
11065154,1,944160,Titular único
11065181,1,945060,Titular único
11065205,1,366423,Titular único
11065913,1,658249,Titular único
11066323,1,933889,Titular único
11066329,1,457535,Titular único
11066335,1,528812,Titular único
11066344,2,,Múltiples titulares
11066354,1,934034,Titular único
11066356,1,11104650,Titular único
11066357,1,381408,Titular único
11066361,1,10847312,Titular único
11066362,1,112339,Titular único
11066366,1,143993,Titular único
11066368,2,,Múltiples titulares
11067126,1,11067124,Titular único
11067694,1,840789,Titular único
11067696,1,140106,Titular único
11067729,1,11067726,Titular único
11067736,1,934515,Titular único
11067758,1,141933,Titular único
11067786,1,11067782,Titular único
11067830,1,10072898,Titular único
11067831,1,10230010,Titular único
11067846,1,10058513,Titular único
11067877,1,10058535,Titular único
11068880,1,10238809,Titular único
11068893,1,882268,Titular único
11068898,1,142515,Titular único
11068904,1,658241,Titular único
11068915,1,10153961,Titular único
11068956,1,658235,Titular único
11068958,1,286281,Titular único
11068961,2,,Múltiples titulares
11068963,1,10811549,Titular único
11068969,1,112279,Titular único
11068977,1,10709192,Titular único
11068988,1,142535,Titular único
11069487,1,97726,Titular único
11069495,1,11069502,Titular único
11069497,2,,Múltiples titulares
11069501,1,10058564,Titular único
11069781,1,658005,Titular único
11070373,1,386665,Titular único
11070422,1,10871104,Titular único
11070641,1,457604,Titular único
11070727,1,10706057,Titular único
11070969,1,670401,Titular único
11078352,1,314480,Titular único
11078356,1,668424,Titular único
11078361,1,670019,Titular único
11078402,2,,Múltiples titulares
11078410,1,830409,Titular único
11078416,1,11305934,Titular único
11078430,1,942549,Titular único
11078435,1,796211,Titular único
11078446,1,803538,Titular único
11078473,1,76305,Titular único
11078484,1,804184,Titular único
11078488,1,669169,Titular único
11078501,1,11439347,Titular único
11078507,1,11305934,Titular único
11078557,2,,Múltiples titulares
11078572,1,146999,Titular único
11078578,1,184940,Titular único
11078584,1,944911,Titular único
11078593,1,148371,Titular único
11078602,1,945019,Titular único
11078608,1,943620,Titular único
11079744,1,523914,Titular único
11079745,1,657703,Titular único
11079755,1,933609,Titular único
11079757,2,,Múltiples titulares
11079772,1,934062,Titular único
11079776,2,,Múltiples titulares
11079779,1,800592,Titular único
11079783,1,860627,Titular único
11079788,1,795228,Titular único
11079793,1,113221,Titular único
11079797,2,,Múltiples titulares
11079798,1,181288,Titular único
11079804,2,,Múltiples titulares
11079808,2,,Múltiples titulares
11079814,1,285379,Titular único
11079817,1,11111928,Titular único
11079821,1,800835,Titular único
11079822,2,,Múltiples titulares
11079833,2,,Múltiples titulares
11079840,1,931320,Titular único
11079841,1,58214,Titular único
11079842,1,58274,Titular único
11079849,1,797533,Titular único
11079852,1,58264,Titular único
11079863,1,285534,Titular único
11079870,1,10142254,Titular único
11080940,1,799939,Titular único
11081209,1,11081209,Titular único
11081512,1,10245049,Titular único
11082541,1,10238884,Titular único
11082570,1,40606,Titular único
11082571,1,291211,Titular único
11083352,1,940734,Titular único
11083857,1,10123762,Titular único
11084536,1,931301,Titular único
11084540,1,10135943,Titular único
11084566,1,11084537,Titular único
11084569,1,10184542,Titular único
11085601,1,668664,Titular único
11085619,1,104914,Titular único
11085620,1,113221,Titular único
11085638,1,315283,Titular único
11085646,1,808513,Titular único
11085661,1,11306659,Titular único
11085682,1,10223360,Titular único
11086408,1,523107,Titular único
11086445,1,11306677,Titular único
11086459,1,529780,Titular único
11087508,1,538941,Titular único
11087619,1,10829715,Titular único
11087628,1,11087608,Titular único
11087629,1,11087627,Titular único
11087644,1,150775,Titular único
11087651,1,11087627,Titular único
11087657,1,11087608,Titular único
11088280,1,801723,Titular único
11088297,1,11100600,Titular único
11088333,1,11088319,Titular único
11089296,1,655553,Titular único
11089303,1,11089287,Titular único
11089349,1,10100401,Titular único
11089983,1,59968,Titular único
11090687,1,60146,Titular único
11091187,1,11306775,Titular único
11091842,1,165499,Titular único
11091864,1,11182863,Titular único
11091871,1,799893,Titular único
11091908,1,185142,Titular único
11091924,1,945444,Titular único
11091932,2,,Múltiples titulares
11091944,1,243332,Titular único
11092440,1,285621,Titular único
11092901,1,150462,Titular único
11092932,1,930618,Titular único
11092933,1,419573,Titular único
11092951,1,529862,Titular único
11092989,2,,Múltiples titulares
11093806,1,10758725,Titular único
11093863,1,11093866,Titular único
11093865,1,931810,Titular único
11094117,1,381970,Titular único
11094126,1,940417,Titular único
11094190,1,11094183,Titular único
11094199,1,11094135,Titular único
11094207,1,11050589,Titular único
11094915,1,141388,Titular único
11094925,1,655874,Titular único
11094926,1,11094938,Titular único
11094934,1,11094935,Titular único
11094939,1,11094916,Titular único
11094940,1,11094935,Titular único
11094944,1,931551,Titular único
11095486,1,167041,Titular único
11095494,1,11306659,Titular único
11095516,1,386037,Titular único
11095523,1,750946,Titular único
11095526,1,387571,Titular único
11095540,1,945060,Titular único
11095542,1,11440349,Titular único
11095543,2,,Múltiples titulares
11095545,1,944006,Titular único
11095571,1,168419,Titular único
11095584,1,657606,Titular único
11096617,1,940744,Titular único
11096655,1,330849,Titular único
11096702,1,740820,Titular único
11096718,1,61077,Titular único
11096729,1,308972,Titular único
11096765,1,11128797,Titular único
11096786,1,317104,Titular único
11096800,1,112356,Titular único
11098405,1,934791,Titular único
11098407,1,934789,Titular único
11098413,1,100332,Titular único
11098423,3,,Múltiples titulares
11098429,1,11098426,Titular único
11098434,1,792092,Titular único
11098443,1,10057272,Titular único
11098445,1,10060685,Titular único
11098461,1,11098402,Titular único
11098474,2,,Múltiples titulares
11099200,1,385548,Titular único
11099211,1,146248,Titular único
11099217,1,11306767,Titular único
11099221,1,943869,Titular único
11099228,1,763159,Titular único
11099239,1,670405,Titular único
11099242,1,670304,Titular único
11099246,1,808134,Titular único
11099251,1,291211,Titular único
11099275,1,10617179,Titular único
11099276,1,520586,Titular único
11099281,1,10306305,Titular único
11099283,1,11440431,Titular único
11099295,1,11305865,Titular único
11099300,1,944831,Titular único
11099302,1,11148155,Titular único
11100440,1,296826,Titular único
11100442,1,10305790,Titular único
11100475,1,293467,Titular único
11100487,1,285569,Titular único
11100494,1,670329,Titular único
11100527,1,10057832,Titular único
11100532,1,107543,Titular único
11100538,1,160778,Titular único
11100554,1,386444,Titular único
11100620,1,11067123,Titular único
11100864,1,793051,Titular único
11100979,1,11070872,Titular único
11101727,1,10324025,Titular único
11101745,1,930222,Titular único
11101770,1,11101771,Titular único
11101779,1,802544,Titular único
11102881,1,520276,Titular único
11102902,1,317119,Titular único
11102904,1,397902,Titular único
11102919,1,100339,Titular único
11102941,1,10882412,Titular único
11102983,1,527761,Titular único
11102996,1,169358,Titular único
11103009,1,10882412,Titular único
11103623,1,264251,Titular único
11103632,1,669968,Titular único
11103635,1,404403,Titular único
11103639,1,354779,Titular único
11103640,1,520497,Titular único
11103645,1,802387,Titular único
11103651,1,167740,Titular único
11103663,1,224939,Titular único
11103678,1,102966,Titular único
11103683,1,100204,Titular único
11103685,1,68057,Titular único
11103693,1,944271,Titular único
11103701,1,670254,Titular único
11103727,1,183997,Titular único
11103747,1,712727,Titular único
11103748,1,11151848,Titular único
11104500,1,141354,Titular único
11104502,1,59384,Titular único
11104551,1,31436,Titular único
11104583,1,143267,Titular único
11104643,1,382886,Titular único
11104709,1,11104683,Titular único
11104738,1,11047032,Titular único
11104745,1,10061491,Titular único
11104757,1,933800,Titular único
11104781,1,466491,Titular único
11104951,1,285447,Titular único
11105020,1,10229338,Titular único
11105102,1,247158,Titular único
11105574,1,11105436,Titular único
11105603,1,11064822,Titular único
11105607,1,11368833,Titular único
11105612,1,11105190,Titular único
11105634,1,10223307,Titular único
11105740,1,11104891,Titular único
11105753,1,55701,Titular único
11105772,1,10305862,Titular único
11105814,1,11105644,Titular único
11106636,1,11105820,Titular único
11110424,1,798891,Titular único
11110434,2,,Múltiples titulares
11110441,1,11067726,Titular único
11110961,1,796945,Titular único
11111223,1,931341,Titular único
11111231,1,930892,Titular único
11111232,1,803554,Titular único
11111241,1,528679,Titular único
11111949,1,11111929,Titular único
11111957,1,11111950,Titular único
11111990,1,11111933,Titular único
11112011,1,11112014,Titular único
11112014,1,11111997,Titular único
11112621,1,930203,Titular único
11112622,1,59732,Titular único
11112627,1,803840,Titular único
11112628,1,288699,Titular único
11112630,1,11101738,Titular único
11112637,1,803840,Titular único
11112638,1,798206,Titular único
11112640,1,288682,Titular único
11112652,3,,Múltiples titulares
11112654,2,,Múltiples titulares
11112655,1,10160684,Titular único
11112659,1,799881,Titular único
11113343,1,934495,Titular único
11113365,1,142822,Titular único
11113374,1,142800,Titular único
11113375,1,10223338,Titular único
11113384,1,10553151,Titular único
11114823,1,10608689,Titular único
11114848,1,397630,Titular único
11114853,1,11439489,Titular único
11114951,1,801791,Titular único
11115408,1,386005,Titular único
11115430,1,669036,Titular único
11115446,1,314840,Titular único
11115522,1,531235,Titular único
11115547,1,11124762,Titular único
11116770,1,167789,Titular único
11116807,1,11306725,Titular único
11116863,1,11439427,Titular único
11117533,1,144759,Titular único
11117890,1,11117591,Titular único
11117891,1,107822,Titular único
11118078,1,11117591,Titular único
11120432,1,397842,Titular único
11120438,1,247146,Titular único
11120511,1,527264,Titular único
11120541,1,944918,Titular único
11120554,1,797449,Titular único
11120574,1,731693,Titular único
11120577,1,11182921,Titular único
11120592,1,944918,Titular único
11120990,1,943563,Titular único
11121061,1,112202,Titular único
11121498,1,944813,Titular único
11121551,1,944813,Titular único
11121565,1,800658,Titular único
11121585,1,11150811,Titular único
11123884,1,529095,Titular único
11123909,1,943953,Titular único
11124002,1,388778,Titular único
11124003,1,943953,Titular único
11124013,1,11150688,Titular único
11124067,1,148908,Titular único
11124070,1,10160533,Titular único
11124716,1,10358534,Titular único
11126248,1,798020,Titular único
11126258,1,10538106,Titular único
11126268,1,798163,Titular único
11128783,1,11162336,Titular único
11129681,1,11129581,Titular único
11133646,1,272714,Titular único
11133658,1,10750190,Titular único
11133705,1,10649922,Titular único
11134820,1,10973987,Titular único
11135926,1,798286,Titular único
11136186,1,669699,Titular único
11137789,1,522081,Titular único
11137794,1,942306,Titular único
11137865,1,291882,Titular único
11137867,1,10305623,Titular único
11138610,1,145654,Titular único
11138642,1,10932161,Titular único
11140049,1,146953,Titular único
11140055,1,162792,Titular único
11140084,1,162602,Titular único
11140604,1,11140581,Titular único
11140912,1,11140892,Titular único
11140913,1,551838,Titular único
11140941,1,10007758,Titular único
11141487,1,162345,Titular único
11141491,1,113229,Titular único
11141525,1,10223903,Titular único
11141545,1,717417,Titular único
11141549,1,10305258,Titular único
11141553,1,114333,Titular único
11141565,1,141363,Titular único
11141581,1,144657,Titular único
11142107,1,11142087,Titular único
11142112,1,11142103,Titular único
11142114,2,,Múltiples titulares
11142386,2,,Múltiples titulares
11142393,1,670450,Titular único
11142413,1,11135132,Titular único
11142414,1,943192,Titular único
11142419,2,,Múltiples titulares
11142445,1,720075,Titular único
11142457,1,10337720,Titular único
11142462,1,10469020,Titular único
11143121,1,63913,Titular único
11144554,1,528805,Titular único
11144579,1,11144575,Titular único
11144888,1,10262999,Titular único
11145430,1,296831,Titular único
11146202,1,64033,Titular único
11146253,1,527987,Titular único
11148827,1,147024,Titular único
11149521,1,10244833,Titular único
11149526,1,11124614,Titular único
11149554,1,10679318,Titular único
11149565,1,10679318,Titular único
11151879,1,669628,Titular único
11152422,1,110321,Titular único
11154184,1,164012,Titular único
11154222,1,11154216,Titular único
11154532,1,10384355,Titular único
11154543,1,384723,Titular único
11155768,1,11133074,Titular único
11155773,1,11133074,Titular único
11155778,1,10305452,Titular único
11156341,1,406121,Titular único
11157215,1,682525,Titular único
11157353,1,781154,Titular único
11157905,1,799515,Titular único
11157916,1,526954,Titular único
11158572,1,10065625,Titular único
11158618,1,10065581,Titular único
11159420,1,963603,Titular único
11159425,1,11169144,Titular único
11160712,1,373368,Titular único
11160713,1,942319,Titular único
11160715,1,943917,Titular único
11160728,1,11122983,Titular único
11161251,1,523013,Titular único
11161314,1,11126246,Titular único
11162042,1,11162037,Titular único
11162350,1,148009,Titular único
11162414,1,799944,Titular único
11162614,1,10874099,Titular único
11163768,1,10124237,Titular único
11163772,1,10238824,Titular único
11164351,1,168031,Titular único
11164436,1,10337669,Titular único
11164986,1,11167871,Titular único
11164987,1,317113,Titular único
11166640,1,11187744,Titular único
11167824,1,657905,Titular único
11167840,1,175964,Titular único
11168564,1,11168615,Titular único
11168881,1,11168630,Titular único
11169126,1,934529,Titular único
11169158,1,10698721,Titular único
11170139,1,525358,Titular único
11170179,1,137241,Titular único
11170193,1,147995,Titular único
11170208,1,63224,Titular único
11170217,1,667294,Titular único
11170266,1,114493,Titular único
11170295,1,741306,Titular único
11171333,1,10494128,Titular único
11172627,1,406121,Titular único
11173502,1,147964,Titular único
11173523,1,531238,Titular único
11173543,1,185041,Titular único
11173548,1,163673,Titular único
11173562,1,163673,Titular único
11173564,1,298758,Titular único
11173565,1,801783,Titular único
11174889,1,11174992,Titular único
11174893,1,176344,Titular único
11174936,1,305050,Titular único
11175030,1,176532,Titular único
11175040,1,407793,Titular único
11175076,2,,Múltiples titulares
11175257,1,11175042,Titular único
11177840,1,801884,Titular único
11177852,1,68044,Titular único
11178057,1,305197,Titular único
11178098,1,176747,Titular único
11178099,1,942870,Titular único
11178164,1,406930,Titular único
11178234,1,11159519,Titular único
11178561,1,406903,Titular único
11179307,1,176532,Titular único
11179313,1,527175,Titular único
11179319,1,76861,Titular único
11179336,1,11184698,Titular único
11179362,1,11175349,Titular único
11179372,1,11175042,Titular único
11179386,1,801691,Titular único
11179398,1,931386,Titular único
11179672,1,406268,Titular único
11179681,1,10065272,Titular único
11180276,1,10778515,Titular único
11180284,1,10778515,Titular único
11181671,1,399487,Titular único
11182000,1,10045039,Titular único
11182178,1,10306064,Titular único
11183637,1,176899,Titular único
11183655,1,11174939,Titular único
11183681,1,11175230,Titular único
11183692,1,525441,Titular único
11183698,1,524249,Titular único
11183763,1,11169155,Titular único
11183768,1,11175176,Titular único
11184685,1,527537,Titular único
11184708,1,11175004,Titular único
11184727,1,11184714,Titular único
11185301,1,797625,Titular único
11185635,1,10766550,Titular único
11188200,1,771588,Titular único
11188532,1,10690523,Titular único
11188536,1,11207440,Titular único
11188570,1,10523847,Titular único
11191859,1,11191853,Titular único
11195800,1,406121,Titular único
11197136,1,11188540,Titular único
11198366,1,841018,Titular único
11199480,2,,Múltiples titulares
11200687,1,77261,Titular único
11200978,1,398419,Titular único
11202165,1,10245533,Titular único
11203256,1,193418,Titular único
11203533,1,466473,Titular único
11203541,1,799661,Titular único
11203551,1,529846,Titular único
11203566,1,751084,Titular único
11203600,1,796639,Titular único
11203661,1,404490,Titular único
11203713,1,10262675,Titular único
11203732,1,10736957,Titular único
11203761,2,,Múltiples titulares
11205005,1,320028,Titular único
11205014,1,11205013,Titular único
11205023,1,10700106,Titular único
11205025,1,11205013,Titular único
11205058,1,10700106,Titular único
11206456,1,84968,Titular único
11208186,1,517613,Titular único
11208188,1,796420,Titular único
11208204,2,,Múltiples titulares
11208205,1,11221215,Titular único
11208405,1,11226462,Titular único
11208432,1,11203704,Titular único
11208440,1,351162,Titular único
11209570,1,11053343,Titular único
11211175,1,10142100,Titular único
11211995,1,527372,Titular único
11212004,1,158784,Titular único
11212026,1,11212007,Titular único
11212061,1,11211978,Titular único
11214177,1,11214183,Titular único
11214181,1,10046399,Titular único
11214338,1,520993,Titular único
11214466,1,158768,Titular único
11214469,1,410585,Titular único
11214473,1,522496,Titular único
11214489,1,11211978,Titular único
11214491,1,11211996,Titular único
11215277,1,11239931,Titular único
11215331,1,521769,Titular único
11215406,1,11240060,Titular único
11215425,3,,Múltiples titulares
11215435,1,840764,Titular único
11215436,1,10190441,Titular único
11215453,1,11240204,Titular único
11215468,1,11245291,Titular único
11215469,1,11240301,Titular único
11215472,1,10265611,Titular único
11215473,1,11491844,Titular único
11215524,1,270283,Titular único
11217078,1,731645,Titular único
11218258,1,528576,Titular único
11218452,1,11226472,Titular único
11218591,1,11218538,Titular único
11218629,1,55701,Titular único
11218751,1,11221365,Titular único
11218998,2,,Múltiples titulares
11219043,1,11218472,Titular único
11219326,1,11219100,Titular único
11219359,1,10752228,Titular único
11219469,1,10023711,Titular único
11221246,1,174231,Titular único
11221318,1,531401,Titular único
11221342,2,,Múltiples titulares
11221347,1,174204,Titular único
11221351,2,,Múltiples titulares
11222881,1,799772,Titular único
11224019,1,51648,Titular único
11224070,1,11237304,Titular único
11225065,1,860744,Titular único
11225115,1,860554,Titular único
11225116,1,860554,Titular único
11225134,1,808594,Titular único
11225194,1,860610,Titular único
11225218,1,55701,Titular único
11225224,1,11218428,Titular único
11225232,1,528451,Titular único
11225240,1,11218431,Titular único
11225260,1,525358,Titular único
11225261,1,112051,Titular único
11225264,1,10027316,Titular único
11225268,1,11218217,Titular único
11225278,1,11218863,Titular único
11225279,1,11213963,Titular único
11225285,2,,Múltiples titulares
11225286,1,10575902,Titular único
11225292,1,11218229,Titular único
11225307,1,10142433,Titular único
11228105,1,11003921,Titular único
11229055,1,11219159,Titular único
11229181,1,401886,Titular único
11229194,1,523915,Titular único
11229196,1,113044,Titular único
11229205,1,174189,Titular único
11229214,2,,Múltiples titulares
11229223,1,403293,Titular único
11229224,1,402173,Titular único
11229234,1,529636,Titular único
11229252,1,809126,Titular único
11229265,1,395716,Titular único
11229288,1,860426,Titular único
11229289,1,807291,Titular único
11229291,1,10142063,Titular único
11229303,1,10067941,Titular único
11229312,1,10752225,Titular único
11229317,1,798993,Titular único
11229344,1,11219219,Titular único
11229350,1,11218903,Titular único
11229353,1,65382,Titular único
11229355,1,11218372,Titular único
11229806,1,107403,Titular único
11230331,1,520374,Titular único
11231159,1,10507230,Titular único
11231414,1,396798,Titular único
11231802,1,11212162,Titular único
11233009,1,876000,Titular único
11233821,1,525254,Titular único
11234014,1,11234013,Titular único
11234098,1,11234064,Titular único
11234146,1,11234106,Titular único
11234353,1,352601,Titular único
11234378,1,224689,Titular único
11234407,1,11218902,Titular único
11234408,1,823942,Titular único
11234423,1,11218705,Titular único
11234433,1,560762,Titular único
11234438,1,10184650,Titular único
11234440,1,10482702,Titular único
11235305,1,914567,Titular único
11236353,1,10473918,Titular único
11236900,1,11211984,Titular único
11236902,1,11211984,Titular único
11238028,1,944563,Titular único
11238050,1,404405,Titular único
11238069,1,10057030,Titular único
11238087,1,519431,Titular único
11238092,1,807982,Titular único
11238106,1,11218329,Titular único
11238107,1,10159960,Titular único
11238110,1,404449,Titular único
11238115,1,860824,Titular único
11238133,1,87971,Titular único
11238150,1,801671,Titular único
11238922,1,10207261,Titular único
11240461,1,11239980,Titular único
11240503,1,11310720,Titular único
11240505,1,841103,Titular único
11240705,1,179006,Titular único
11240773,1,270339,Titular único
11240889,1,11240280,Titular único
11242444,1,11242446,Titular único
11245044,1,11245053,Titular único
11245069,1,30854,Titular único
11250792,1,804257,Titular único
11250848,1,522745,Titular único
11251181,1,166562,Titular único
11251183,1,166562,Titular único
11252280,1,167397,Titular único
11252284,1,804206,Titular único
11252289,1,528000,Titular único
11252299,1,225635,Titular único
11252300,1,530018,Titular único
11252308,1,530076,Titular único
11252332,1,455092,Titular único
11252486,1,527872,Titular único
11252500,2,,Múltiples titulares
11252686,1,794847,Titular único
11252701,1,528202,Titular único
11252702,1,30814,Titular único
11252703,1,943731,Titular único
11252724,1,669023,Titular único
11252749,1,912982,Titular único
11252808,1,10324223,Titular único
11252892,1,185317,Titular único
11252913,1,521504,Titular único
11253482,1,520211,Titular único
11253685,1,522123,Titular único
11253687,1,944302,Titular único
11253880,1,522669,Titular único
11254686,1,11208663,Titular único
11255787,1,800861,Titular único
11255790,1,797789,Titular único
11255791,1,528184,Titular único
11255981,2,,Múltiples titulares
11255982,1,797800,Titular único
11255983,1,797789,Titular único
11255987,1,10136445,Titular único
11255989,1,173483,Titular único
11255990,1,552400,Titular único
11256188,1,101235,Titular único
11256235,1,799682,Titular único
11256386,1,912907,Titular único
11256398,1,794921,Titular único
11256401,1,522693,Titular único
11256598,1,523818,Titular único
11256787,1,519741,Titular único
11256788,1,805047,Titular único
11256792,2,,Múltiples titulares
11256805,1,670020,Titular único
11256809,1,799508,Titular único
11256838,1,522004,Titular único
11257190,1,743759,Titular único
11257794,1,526472,Titular único
11257803,1,795549,Titular único
11257821,1,519392,Titular único
11257852,1,944877,Titular único
11257853,1,521539,Titular único
11257866,1,11257865,Titular único
11257927,1,525136,Titular único
11257960,1,526904,Titular único
11257983,1,799675,Titular único
11258002,1,799039,Titular único
11258049,1,526914,Titular único
11258078,1,137444,Titular único
11259780,1,796245,Titular único
11259791,1,933716,Titular único
11260013,1,303051,Titular único
11260032,1,798642,Titular único
11260036,1,525150,Titular único
11260038,1,520879,Titular único
11260047,1,801139,Titular único
11260052,1,11306686,Titular único
11260187,1,474341,Titular único
11260994,1,914351,Titular único
11261204,1,771773,Titular único
11261237,1,11261181,Titular único
11263180,1,794208,Titular único
11263184,1,794208,Titular único
11263203,1,373324,Titular único
11263211,1,796520,Titular único
11263980,1,805047,Titular único
11264262,1,303886,Titular único
11265444,2,,Múltiples titulares
11265849,1,804186,Titular único
11265908,1,206790,Titular único
11265946,1,529645,Titular único
11265963,1,519777,Titular único
11266009,1,793713,Titular único
11266016,1,523316,Titular único
11266040,1,667602,Titular único
11266044,1,10207182,Titular único
11266251,1,522611,Titular único
11266256,1,10190702,Titular único
11266441,1,794923,Titular único
11266446,1,32466,Titular único
11266926,1,524221,Titular único
11267445,1,526470,Titular único
11267448,1,933948,Titular único
11267450,1,805128,Titular único
11267641,1,799479,Titular único
11267859,1,796016,Titular único
11267863,1,526226,Titular único
11268046,1,795411,Titular único
11268050,1,11268040,Titular único
11268051,1,804125,Titular único
11268058,1,912476,Titular único
11268064,1,113475,Titular único
11268092,1,528630,Titular único
11268093,1,531228,Titular único
11268094,1,529991,Titular único
11268241,2,,Múltiples titulares
11268242,2,,Múltiples titulares
11268245,1,792798,Titular único
11268251,1,799621,Titular único
11268255,1,984006,Titular único
11268263,1,984006,Titular único
11268442,1,466739,Titular único
11268443,1,183874,Titular único
11268458,1,11268448,Titular único
11268654,1,799152,Titular único
11269650,1,528977,Titular único
11269657,1,11269655,Titular único
11270245,1,524123,Titular único
11270258,1,100016,Titular único
11270521,1,882650,Titular único
11270526,1,135029,Titular único
11270572,1,796512,Titular único
11270758,1,11270764,Titular único
11272066,1,721616,Titular único
11272081,1,370146,Titular único
11272083,1,912816,Titular único
11272087,1,717459,Titular único
11272271,1,528622,Titular único
11272275,1,167491,Titular único
11272299,1,804105,Titular único
11272329,1,795393,Titular único
11272330,1,167491,Titular único
11272336,1,11272321,Titular único
11272350,1,793486,Titular único
11272361,1,278524,Titular único
11272365,2,,Múltiples titulares
11272367,1,421078,Titular único
11272409,1,153492,Titular único
11272415,1,523327,Titular único
11272428,1,438703,Titular único
11272439,2,,Múltiples titulares
11272445,1,985674,Titular único
11272485,1,379460,Titular único
11272499,1,799425,Titular único
11272763,1,526977,Titular único
11273890,1,403289,Titular único
11274321,1,10606472,Titular único
11275343,1,741857,Titular único
11275385,1,316568,Titular único
11275387,1,798496,Titular único
11275397,1,204561,Titular único
11275742,1,804171,Titular único
11275830,1,10851658,Titular único
11275866,1,524022,Titular único
11275900,1,796904,Titular único
11275919,1,852032,Titular único
11276076,1,11275921,Titular único
11276146,1,11275985,Titular único
11276151,1,11275728,Titular único
11276192,1,11276066,Titular único
11276198,1,11275875,Titular único
11276200,1,10208133,Titular único
11276204,1,11276157,Titular único
11276304,1,11275907,Titular único
11276645,2,,Múltiples titulares
11277922,1,805026,Titular único
11277924,1,10159937,Titular único
11277932,1,800254,Titular único
11277933,1,798865,Titular único
11278131,1,808171,Titular único
11279135,1,10660824,Titular único
11279444,1,945243,Titular único
11279477,1,520870,Titular único
11279480,1,793790,Titular único
11279640,1,804250,Titular único
11281898,1,852604,Titular único
11281973,1,10847269,Titular único
11281976,1,10847269,Titular único
11283285,1,11283289,Titular único
11284044,1,10366138,Titular único
11284840,1,804118,Titular único
11285442,1,10061568,Titular único
11286246,1,101878,Titular único
11286261,1,807567,Titular único
11287040,1,804106,Titular único
11289041,1,802083,Titular único
11289081,1,10880082,Titular único
11290062,2,,Múltiples titulares
11290064,1,11094123,Titular único
11291867,1,188590,Titular único
11292444,1,399509,Titular único
11294941,1,328457,Titular único
11295056,1,735583,Titular único
11295277,1,322714,Titular único
11297447,1,796915,Titular único
11298042,1,508861,Titular único
11298051,1,392789,Titular único
11298053,1,783008,Titular único
11298054,1,508861,Titular único
11298071,1,783231,Titular único
11298079,1,11298048,Titular único
11298091,1,10670949,Titular único
11298092,1,508861,Titular único
11298449,1,10769835,Titular único
11300242,2,,Múltiples titulares
11300440,1,376265,Titular único
11301458,1,10068509,Titular único
11301869,1,10142173,Titular único
11302048,1,797372,Titular único
11302669,1,11295741,Titular único
11302765,1,10462682,Titular único
11302951,1,10444277,Titular único
11303058,1,11276021,Titular único
11303841,1,806649,Titular único
11303842,2,,Múltiples titulares
11303843,2,,Múltiples titulares
11304841,2,,Múltiples titulares
11304842,1,209169,Titular único
11304843,3,,Múltiples titulares
11305042,1,539307,Titular único
11305043,1,10724937,Titular único
11305440,1,796950,Titular único
11306015,1,802114,Titular único
11307043,1,438776,Titular único
11309237,1,319839,Titular único
11310751,1,10904394,Titular único
11310763,1,11228116,Titular único
11311121,1,794416,Titular único
11312240,1,10354158,Titular único
11312245,1,119376,Titular único
11312261,1,146371,Titular único
11313440,1,92376,Titular único
11313599,1,457696,Titular único
11314942,1,38174,Titular único
11315044,1,231087,Titular único
11331126,1,77148,Titular único
11337902,1,439125,Titular único
11337948,2,,Múltiples titulares
11337978,1,10075945,Titular único
11339396,1,60985,Titular único
11346631,1,10101605,Titular único
11358340,1,10061297,Titular único
11359391,1,11094157,Titular único
11360590,1,53661,Titular único
11360767,1,10678837,Titular único
11370594,1,420147,Titular único
11370595,2,,Múltiples titulares
11370608,1,421550,Titular único
11370617,1,10882718,Titular único
11370619,1,421246,Titular único
11371894,1,732395,Titular único
11375261,1,733527,Titular único
11375318,1,10516576,Titular único
11375330,1,10474488,Titular único
11375340,1,10851712,Titular único
11375358,1,11372223,Titular único
11375368,1,10942717,Titular único
11375382,1,10022035,Titular único
11376242,1,303590,Titular único
11377250,1,11169131,Titular único
11377257,1,496095,Titular único
11379772,1,10141771,Titular único
11379787,1,109658,Titular único
11380240,2,,Múltiples titulares
11380254,1,10678560,Titular único
11380279,1,524535,Titular único
11380280,1,10678827,Titular único
11380292,1,258780,Titular único
11380299,1,111563,Titular único
11380304,1,71604,Titular único
11380307,1,11439788,Titular único
11380756,1,10649797,Titular único
11380765,1,10031253,Titular único
11380767,1,10678837,Titular único
11380770,1,107819,Titular único
11380771,1,260395,Titular único
11380799,1,10678504,Titular único
11380802,1,10678887,Titular único
11380813,1,109318,Titular único
11380818,1,10694776,Titular único
11380824,1,10678482,Titular único
11380840,1,10075945,Titular único
11380849,1,10679155,Titular único
11380868,1,10739986,Titular único
11380875,1,10017475,Titular único
11380891,1,10678933,Titular único
11382742,1,179580,Titular único
11385256,1,937318,Titular único
11386756,1,11018153,Titular único
11386766,1,11028225,Titular único
11386768,1,925499,Titular único
11386771,1,11028726,Titular único
11394253,1,226478,Titular único
11394268,1,526959,Titular único
11394272,1,553138,Titular único
11394273,1,11295826,Titular único
11394317,1,723332,Titular único
11398366,1,106343,Titular único
11398367,1,11135188,Titular único
11398743,2,,Múltiples titulares
11398746,1,10949269,Titular único
11398754,1,10949206,Titular único
11401167,1,10311249,Titular único
11403697,1,195926,Titular único
11405143,1,10499290,Titular único
11408189,2,,Múltiples titulares
11408401,1,723430,Titular único
11408809,1,11021215,Titular único
11409144,4,,Múltiples titulares
11409147,2,,Múltiples titulares
11409151,1,10229620,Titular único
11409152,1,400447,Titular único
11409153,1,10135780,Titular único
11409155,2,,Múltiples titulares
11409159,3,,Múltiples titulares
11409160,2,,Múltiples titulares
11409163,1,528894,Titular único
11409165,3,,Múltiples titulares
11409169,2,,Múltiples titulares
11409171,2,,Múltiples titulares
11409172,2,,Múltiples titulares
11409173,1,10207409,Titular único
11409175,1,807626,Titular único
11409177,1,798167,Titular único
11409179,1,10229444,Titular único
11409180,3,,Múltiples titulares
11409181,1,10229332,Titular único
11409185,4,,Múltiples titulares
11409186,2,,Múltiples titulares
11409188,4,,Múltiples titulares
11409190,2,,Múltiples titulares
11409191,1,10229708,Titular único
11409192,6,,Múltiples titulares
11409193,3,,Múltiples titulares
11409195,2,,Múltiples titulares
11409196,2,,Múltiples titulares
11409197,1,524621,Titular único
11409198,2,,Múltiples titulares
11409200,1,10229728,Titular único
11409201,1,10229406,Titular único
11409202,1,10229472,Titular único
11409203,1,10736718,Titular único
11409204,2,,Múltiples titulares
11409205,2,,Múltiples titulares
11409206,1,10229264,Titular único
11409207,2,,Múltiples titulares
11409208,3,,Múltiples titulares
11409209,2,,Múltiples titulares
11409210,7,,Múltiples titulares
11409211,3,,Múltiples titulares
11409212,1,804906,Titular único
11409213,2,,Múltiples titulares
11409217,2,,Múltiples titulares
11409220,1,808600,Titular único
11409222,1,10239080,Titular único
11409224,1,10229698,Titular único
11409228,1,10337578,Titular único
11409229,1,27680,Titular único
11409231,1,10229682,Titular único
11409232,3,,Múltiples titulares
11409234,3,,Múltiples titulares
11409235,1,521626,Titular único
11409239,1,529566,Titular único
11409240,3,,Múltiples titulares
11409241,1,10229416,Titular único
11409242,4,,Múltiples titulares
11409243,5,,Múltiples titulares
11409244,2,,Múltiples titulares
11409245,1,797362,Titular único
11409246,2,,Múltiples titulares
11409249,2,,Múltiples titulares
11409250,2,,Múltiples titulares
11409252,3,,Múltiples titulares
11409253,1,10230016,Titular único
11409254,2,,Múltiples titulares
11409256,2,,Múltiples titulares
11409257,1,10229348,Titular único
11409258,4,,Múltiples titulares
11409259,4,,Múltiples titulares
11409260,1,10336799,Titular único
11409261,3,,Múltiples titulares
11409262,1,10102109,Titular único
11409264,1,10024029,Titular único
11409265,1,808796,Titular único
11409266,1,10311415,Titular único
11409267,2,,Múltiples titulares
11409269,1,10229434,Titular único
11409272,1,10229822,Titular único
11409273,1,10123952,Titular único
11409274,1,10337412,Titular único
11409275,3,,Múltiples titulares
11409276,2,,Múltiples titulares
11409277,1,10230048,Titular único
11409278,2,,Múltiples titulares
11409279,3,,Múltiples titulares
11409280,1,797014,Titular único
11409281,4,,Múltiples titulares
11409283,4,,Múltiples titulares
11409284,2,,Múltiples titulares
11409285,2,,Múltiples titulares
11409286,2,,Múltiples titulares
11409290,2,,Múltiples titulares
11409291,2,,Múltiples titulares
11409293,1,10337076,Titular único
11409294,2,,Múltiples titulares
11409296,1,10229607,Titular único
11409298,2,,Múltiples titulares
11409299,1,10207951,Titular único
11409300,2,,Múltiples titulares
11409303,2,,Múltiples titulares
11409335,1,524370,Titular único
11410840,1,10726461,Titular único
11411140,2,,Múltiples titulares
11411141,5,,Múltiples titulares
11411142,1,10324010,Titular único
11411143,1,522897,Titular único
11411145,3,,Múltiples titulares
11411146,1,797999,Titular único
11411147,2,,Múltiples titulares
11411148,2,,Múltiples titulares
11411149,1,522351,Titular único
11411151,5,,Múltiples titulares
11411152,1,798583,Titular único
11411153,1,530983,Titular único
11411154,1,524217,Titular único
11411155,1,10154093,Titular único
11411156,3,,Múltiples titulares
11411157,2,,Múltiples titulares
11411158,1,10323932,Titular único
11411159,2,,Múltiples titulares
11411160,4,,Múltiples titulares
11411161,2,,Múltiples titulares
11411162,1,10190344,Titular único
11411163,2,,Múltiples titulares
11411164,2,,Múltiples titulares
11411165,2,,Múltiples titulares
11411166,2,,Múltiples titulares
11411167,1,10153996,Titular único
11411168,2,,Múltiples titulares
11411169,2,,Múltiples titulares
11411170,2,,Múltiples titulares
11411171,3,,Múltiples titulares
11411172,5,,Múltiples titulares
11411173,2,,Múltiples titulares
11411174,2,,Múltiples titulares
11411175,5,,Múltiples titulares
11411176,2,,Múltiples titulares
11411177,1,289199,Titular único
11411178,5,,Múltiples titulares
11411179,1,111871,Titular único
11411181,4,,Múltiples titulares
11411182,3,,Múltiples titulares
11411183,2,,Múltiples titulares
11411184,3,,Múltiples titulares
11411185,3,,Múltiples titulares
11411186,3,,Múltiples titulares
11411187,3,,Múltiples titulares
11411189,1,798491,Titular único
11411191,2,,Múltiples titulares
11411192,3,,Múltiples titulares
11411193,1,801720,Titular único
11411194,2,,Múltiples titulares
11411195,1,395496,Titular único
11411196,3,,Múltiples titulares
11411197,1,801860,Titular único
11411198,2,,Múltiples titulares
11411199,6,,Múltiples titulares
11411200,4,,Múltiples titulares
11411201,2,,Múltiples titulares
11411202,2,,Múltiples titulares
11411203,5,,Múltiples titulares
11411204,3,,Múltiples titulares
11411205,1,529176,Titular único
11411206,4,,Múltiples titulares
11411207,4,,Múltiples titulares
11411208,1,527926,Titular único
11411209,2,,Múltiples titulares
11411211,4,,Múltiples titulares
11411212,3,,Múltiples titulares
11411213,3,,Múltiples titulares
11411214,2,,Múltiples titulares
11411215,3,,Múltiples titulares
11411216,3,,Múltiples titulares
11411217,1,794516,Titular único
11411218,1,807315,Titular único
11411219,3,,Múltiples titulares
11411220,5,,Múltiples titulares
11411221,1,395837,Titular único
11411223,3,,Múltiples titulares
11411224,7,,Múltiples titulares
11411225,1,10135987,Titular único
11411226,3,,Múltiples titulares
11411227,2,,Múltiples titulares
11411228,1,10245577,Titular único
11411229,4,,Múltiples titulares
11411230,1,10729609,Titular único
11411231,1,10323764,Titular único
11411232,5,,Múltiples titulares
11411233,2,,Múltiples titulares
11411234,2,,Múltiples titulares
11411235,1,209588,Titular único
11411236,1,10141846,Titular único
11411237,2,,Múltiples titulares
11411238,4,,Múltiples titulares
11411239,2,,Múltiples titulares
11411241,2,,Múltiples titulares
11411243,3,,Múltiples titulares
11411244,1,10305246,Titular único
11411245,5,,Múltiples titulares
11411246,5,,Múltiples titulares
11411247,1,10025656,Titular único
11411248,6,,Múltiples titulares
11411250,3,,Múltiples titulares
11411251,5,,Múltiples titulares
11411252,1,523371,Titular único
11411253,1,527934,Titular único
11411254,3,,Múltiples titulares
11411255,1,10323877,Titular único
11411256,2,,Múltiples titulares
11411257,1,10142036,Titular único
11411258,1,10141818,Titular único
11411261,1,10142327,Titular único
11411262,3,,Múltiples titulares
11411263,2,,Múltiples titulares
11411264,6,,Múltiples titulares
11411265,1,58338,Titular único
11411266,3,,Múltiples titulares
11411267,1,743021,Titular único
11411268,2,,Múltiples titulares
11411269,3,,Múltiples titulares
11411270,5,,Múltiples titulares
11411271,2,,Múltiples titulares
11411272,2,,Múltiples titulares
11411273,5,,Múltiples titulares
11411274,2,,Múltiples titulares
11411275,2,,Múltiples titulares
11411276,3,,Múltiples titulares
11411277,1,91619,Titular único
11411278,2,,Múltiples titulares
11411279,3,,Múltiples titulares
11411280,4,,Múltiples titulares
11411281,1,10142714,Titular único
11411282,5,,Múltiples titulares
11411283,3,,Múltiples titulares
11411284,4,,Múltiples titulares
11411285,4,,Múltiples titulares
11411286,2,,Múltiples titulares
11411287,2,,Múltiples titulares
11411288,3,,Múltiples titulares
11411289,6,,Múltiples titulares
11411290,1,800560,Titular único
11411291,6,,Múltiples titulares
11411292,4,,Múltiples titulares
11411294,2,,Múltiples titulares
11411295,4,,Múltiples titulares
11411296,4,,Múltiples titulares
11411297,1,194422,Titular único
11411298,1,10238612,Titular único
11411299,3,,Múltiples titulares
11411301,5,,Múltiples titulares
11411302,4,,Múltiples titulares
11411303,7,,Múltiples titulares
11411304,4,,Múltiples titulares
11411305,4,,Múltiples titulares
11411306,2,,Múltiples titulares
11411307,3,,Múltiples titulares
11411308,4,,Múltiples titulares
11411309,5,,Múltiples titulares
11411310,1,10154511,Titular único
11411311,4,,Múltiples titulares
11411312,2,,Múltiples titulares
11411313,1,529160,Titular único
11411314,5,,Múltiples titulares
11411315,3,,Múltiples titulares
11411316,3,,Múltiples titulares
11411317,1,10142144,Titular único
11411318,2,,Múltiples titulares
11411319,2,,Múltiples titulares
11411320,6,,Múltiples titulares
11411321,3,,Múltiples titulares
11411322,2,,Múltiples titulares
11411323,3,,Múltiples titulares
11411324,2,,Múltiples titulares
11411325,1,10142212,Titular único
11411327,1,531250,Titular único
11411329,2,,Múltiples titulares
11411330,2,,Múltiples titulares
11411331,1,10719409,Titular único
11411332,2,,Múltiples titulares
11411334,1,525229,Titular único
11411336,1,799504,Titular único
11411337,2,,Múltiples titulares
11411338,3,,Múltiples titulares
11411343,1,10102406,Titular único
11411368,1,10142046,Titular único
11412211,1,527793,Titular único
11412257,1,526563,Titular único
11413140,1,796115,Titular único
11413141,2,,Múltiples titulares
11413144,5,,Múltiples titulares
11413145,2,,Múltiples titulares
11413146,1,528425,Titular único
11413148,1,801003,Titular único
11413149,1,10159987,Titular único
11413150,3,,Múltiples titulares
11413152,1,530888,Titular único
11413153,2,,Múltiples titulares
11413154,3,,Múltiples titulares
11413156,3,,Múltiples titulares
11413157,4,,Múltiples titulares
11413158,1,528869,Titular único
11413159,1,10160091,Titular único
11413160,1,466675,Titular único
11413161,1,531037,Titular único
11413162,1,823911,Titular único
11413163,1,527739,Titular único
11413166,1,11306325,Titular único
11413167,1,379492,Titular único
11413168,2,,Múltiples titulares
11413169,2,,Múltiples titulares
11413170,1,798123,Titular único
11413171,1,338754,Titular único
11413172,2,,Múltiples titulares
11413173,1,10305459,Titular único
11413175,2,,Múltiples titulares
11413176,1,525022,Titular único
11413178,1,797492,Titular único
11413179,3,,Múltiples titulares
11413180,2,,Múltiples titulares
11413181,1,530979,Titular único
11413182,1,797155,Titular único
11413184,2,,Múltiples titulares
11413185,2,,Múltiples titulares
11413186,2,,Múltiples titulares
11413187,3,,Múltiples titulares
11413188,2,,Múltiples titulares
11413190,2,,Múltiples titulares
11413191,2,,Múltiples titulares
11413192,1,243442,Titular único
11413194,1,522525,Titular único
11413196,4,,Múltiples titulares
11413197,3,,Múltiples titulares
11413198,2,,Múltiples titulares
11413199,1,10223370,Titular único
11413200,1,10305490,Titular único
11413203,2,,Múltiples titulares
11413204,1,796128,Titular único
11413205,1,801219,Titular único
11413207,2,,Múltiples titulares
11413211,2,,Múltiples titulares
11413212,2,,Múltiples titulares
11413213,4,,Múltiples titulares
11413214,1,10135854,Titular único
11413215,1,527746,Titular único
11413216,2,,Múltiples titulares
11413218,4,,Múltiples titulares
11413219,4,,Múltiples titulares
11413220,3,,Múltiples titulares
11413222,3,,Múltiples titulares
11413223,3,,Múltiples titulares
11413225,1,59967,Titular único
11413226,1,10323739,Titular único
11413227,3,,Múltiples titulares
11413228,2,,Múltiples titulares
11413229,1,805130,Titular único
11413230,1,10305723,Titular único
11413231,2,,Múltiples titulares
11413232,1,808805,Titular único
11413233,1,807670,Titular único
11413234,1,523800,Titular único
11413236,1,808574,Titular único
11413238,2,,Múltiples titulares
11413239,1,797893,Titular único
11413241,1,529790,Titular único
11413243,2,,Múltiples titulares
11413244,3,,Múltiples titulares
11413245,1,10012159,Titular único
11413246,4,,Múltiples titulares
11413247,3,,Múltiples titulares
11413249,1,10305672,Titular único
11413250,4,,Múltiples titulares
11413251,3,,Múltiples titulares
11413252,3,,Múltiples titulares
11413253,2,,Múltiples titulares
11413254,2,,Múltiples titulares
11413255,1,802356,Titular único
11413256,1,10323715,Titular único
11413258,3,,Múltiples titulares
11413259,3,,Múltiples titulares
11413260,2,,Múltiples titulares
11413262,1,10305726,Titular único
11413263,4,,Múltiples titulares
11413264,2,,Múltiples titulares
11413265,4,,Múltiples titulares
11413266,1,397080,Titular único
11413267,2,,Múltiples titulares
11413269,2,,Múltiples titulares
11413270,3,,Múltiples titulares
11413271,3,,Múltiples titulares
11413272,3,,Múltiples titulares
11413275,1,10305789,Titular único
11413277,3,,Múltiples titulares
11413278,1,529745,Titular único
11413279,1,10207213,Titular único
11413280,1,797276,Titular único
11413281,2,,Múltiples titulares
11413282,2,,Múltiples titulares
11413283,1,750036,Titular único
11413286,1,801553,Titular único
11413288,1,529588,Titular único
11413289,4,,Múltiples titulares
11413290,2,,Múltiples titulares
11413291,4,,Múltiples titulares
11413292,3,,Múltiples titulares
11413293,2,,Múltiples titulares
11413294,2,,Múltiples titulares
11413296,2,,Múltiples titulares
11413297,2,,Múltiples titulares
11413298,2,,Múltiples titulares
11413299,1,10123486,Titular único
11413300,1,10136202,Titular único
11413301,5,,Múltiples titulares
11413305,2,,Múltiples titulares
11413306,2,,Múltiples titulares
11413308,4,,Múltiples titulares
11413309,5,,Múltiples titulares
11413310,2,,Múltiples titulares
11413312,4,,Múltiples titulares
11413313,1,10154161,Titular único
11413314,1,10762202,Titular único
11413315,4,,Múltiples titulares
11413316,3,,Múltiples titulares
11413318,1,529767,Titular único
11413319,3,,Múltiples titulares
11413320,4,,Múltiples titulares
11413321,3,,Múltiples titulares
11413322,2,,Múltiples titulares
11413323,2,,Múltiples titulares
11413324,3,,Múltiples titulares
11413326,3,,Múltiples titulares
11413327,5,,Múltiples titulares
11413328,2,,Múltiples titulares
11413329,4,,Múltiples titulares
11413330,1,528580,Titular único
11413331,2,,Múltiples titulares
11413332,3,,Múltiples titulares
11413333,2,,Múltiples titulares
11413335,3,,Múltiples titulares
11413336,1,530487,Titular único
11413337,2,,Múltiples titulares
11413338,1,808278,Titular único
11413339,1,796133,Titular único
11413340,3,,Múltiples titulares
11413341,3,,Múltiples titulares
11413343,1,10305977,Titular único
11413344,2,,Múltiples titulares
11413345,1,531191,Titular único
11413348,3,,Múltiples titulares
11413350,1,528700,Titular único
11413351,2,,Múltiples titulares
11413353,1,10323723,Titular único
11413354,2,,Múltiples titulares
11413355,5,,Múltiples titulares
11413356,8,,Múltiples titulares
11413357,5,,Múltiples titulares
11413358,1,10306296,Titular único
11413360,3,,Múltiples titulares
11413361,2,,Múltiples titulares
11413362,3,,Múltiples titulares
11413363,3,,Múltiples titulares
11413364,1,798073,Titular único
11413365,2,,Múltiples titulares
11413367,1,797167,Titular único
11413368,1,10306508,Titular único
11413369,1,10305801,Titular único
11413370,3,,Múltiples titulares
11413371,2,,Múltiples titulares
11413372,2,,Múltiples titulares
11413373,3,,Múltiples titulares
11413374,1,10190307,Titular único
11413375,5,,Múltiples titulares
11413376,1,800541,Titular único
11413377,1,796698,Titular único
11413378,1,118088,Titular único
11413379,3,,Múltiples titulares
11413380,5,,Múltiples titulares
11413381,2,,Múltiples titulares
11413383,2,,Múltiples titulares
11413385,1,10694759,Titular único
11413386,1,10160004,Titular único
11413387,1,658246,Titular único
11413388,4,,Múltiples titulares
11413389,3,,Múltiples titulares
11413390,8,,Múltiples titulares
11413391,2,,Múltiples titulares
11413392,4,,Múltiples titulares
11413393,3,,Múltiples titulares
11413394,4,,Múltiples titulares
11413395,1,527719,Titular único
11413396,6,,Múltiples titulares
11413397,2,,Múltiples titulares
11413398,2,,Múltiples titulares
11413399,5,,Múltiples titulares
11413400,1,527590,Titular único
11413401,1,809195,Titular único
11413402,1,801491,Titular único
11413403,4,,Múltiples titulares
11413404,1,11070499,Titular único
11413405,1,10828028,Titular único
11413406,4,,Múltiples titulares
11413407,1,10306588,Titular único
11413408,3,,Múltiples titulares
11413410,1,10123479,Titular único
11413411,1,10720264,Titular único
11413413,1,10306495,Titular único
11413414,2,,Múltiples titulares
11413415,3,,Múltiples titulares
11413416,2,,Múltiples titulares
11413417,1,10306684,Titular único
11413418,2,,Múltiples titulares
11413419,2,,Múltiples titulares
11413420,2,,Múltiples titulares
11413421,2,,Múltiples titulares
11413422,2,,Múltiples titulares
11413423,3,,Múltiples titulares
11413424,1,10306176,Titular único
11413425,3,,Múltiples titulares
11413426,3,,Múltiples titulares
11413427,1,798101,Titular único
11413428,3,,Múltiples titulares
11413429,1,10160164,Titular único
11413430,2,,Múltiples titulares
11413431,3,,Múltiples titulares
11413432,1,11218244,Titular único
11413433,3,,Múltiples titulares
11413434,1,798404,Titular único
11413435,1,113112,Titular único
11413436,2,,Múltiples titulares
11413438,3,,Múltiples titulares
11413439,2,,Múltiples titulares
11413440,1,800006,Titular único
11413441,6,,Múltiples titulares
11413442,3,,Múltiples titulares
11413443,4,,Múltiples titulares
11413445,3,,Múltiples titulares
11413446,1,10306240,Titular único
11413447,1,10305688,Titular único
11413448,1,160712,Titular único
11413450,1,10223316,Titular único
11413451,4,,Múltiples titulares
11413452,1,10306735,Titular único
11413454,1,10223966,Titular único
11413455,1,528431,Titular único
11413456,2,,Múltiples titulares
11413457,4,,Múltiples titulares
11413458,1,808440,Titular único
11413459,2,,Múltiples titulares
11413462,3,,Múltiples titulares
11413464,1,10305650,Titular único
11413465,1,10223332,Titular único
11413466,2,,Múltiples titulares
11413467,2,,Múltiples titulares
11413469,3,,Múltiples titulares
11413470,2,,Múltiples titulares
11413472,2,,Múltiples titulares
11413474,2,,Múltiples titulares
11413475,2,,Múltiples titulares
11413476,1,10337150,Titular único
11413477,1,10142150,Titular único
11413478,2,,Múltiples titulares
11413479,1,792187,Titular único
11413480,4,,Múltiples titulares
11413481,2,,Múltiples titulares
11413482,2,,Múltiples titulares
11413483,2,,Múltiples titulares
11413484,4,,Múltiples titulares
11413486,3,,Múltiples titulares
11413487,1,207679,Titular único
11413489,4,,Múltiples titulares
11413490,2,,Múltiples titulares
11413491,1,419640,Titular único
11413495,2,,Múltiples titulares
11413496,3,,Múltiples titulares
11413498,1,10306330,Titular único
11413500,1,10305483,Titular único
11413502,2,,Múltiples titulares
11413503,2,,Múltiples titulares
11413504,3,,Múltiples titulares
11413507,3,,Múltiples titulares
11413508,2,,Múltiples titulares
11413509,1,10306820,Titular único
11413510,1,10306512,Titular único
11413511,1,798369,Titular único
11413512,1,10238855,Titular único
11413517,1,796629,Titular único
11413518,1,11306325,Titular único
11413519,1,10306393,Titular único
11413520,2,,Múltiples titulares
11413522,2,,Múltiples titulares
11413525,2,,Múltiples titulares
11413526,1,10224254,Titular único
11413532,1,12334973,Titular único
11413538,1,731941,Titular único
11413551,1,10306587,Titular único
11413651,1,801618,Titular único
11413749,1,791831,Titular único
11413779,1,11104921,Titular único
11415140,1,525357,Titular único
11415141,2,,Múltiples titulares
11415142,4,,Múltiples titulares
11415143,2,,Múltiples titulares
11415144,4,,Múltiples titulares
11415145,5,,Múltiples titulares
11415146,5,,Múltiples titulares
11415147,3,,Múltiples titulares
11415148,4,,Múltiples titulares
11415149,5,,Múltiples titulares
11415150,2,,Múltiples titulares
11415151,3,,Múltiples titulares
11415152,1,797805,Titular único
11415153,3,,Múltiples titulares
11415154,6,,Múltiples titulares
11415155,3,,Múltiples titulares
11415156,3,,Múltiples titulares
11415158,3,,Múltiples titulares
11415159,8,,Múltiples titulares
11415160,3,,Múltiples titulares
11415161,3,,Múltiples titulares
11415162,3,,Múltiples titulares
11415163,4,,Múltiples titulares
11415164,4,,Múltiples titulares
11415165,2,,Múltiples titulares
11415166,5,,Múltiples titulares
11415167,3,,Múltiples titulares
11415168,2,,Múltiples titulares
11415169,4,,Múltiples titulares
11415170,4,,Múltiples titulares
11415171,2,,Múltiples titulares
11415172,5,,Múltiples titulares
11415173,3,,Múltiples titulares
11415174,3,,Múltiples titulares
11415175,2,,Múltiples titulares
11415176,3,,Múltiples titulares
11415177,1,796500,Titular único
11415178,1,525320,Titular único
11415179,9,,Múltiples titulares
11415180,5,,Múltiples titulares
11415181,3,,Múltiples titulares
11415182,4,,Múltiples titulares
11415183,6,,Múltiples titulares
11415184,1,796243,Titular único
11415185,3,,Múltiples titulares
11415186,6,,Múltiples titulares
11415188,2,,Múltiples titulares
11415189,7,,Múltiples titulares
11415190,3,,Múltiples titulares
11415191,4,,Múltiples titulares
11415192,3,,Múltiples titulares
11415193,3,,Múltiples titulares
11415194,4,,Múltiples titulares
11415195,2,,Múltiples titulares
11415196,3,,Múltiples titulares
11415197,4,,Múltiples titulares
11415198,2,,Múltiples titulares
11415199,2,,Múltiples titulares
11415200,1,795637,Titular único
11415201,8,,Múltiples titulares
11415202,7,,Múltiples titulares
11415203,5,,Múltiples titulares
11415204,7,,Múltiples titulares
11415205,2,,Múltiples titulares
11415206,2,,Múltiples titulares
11415207,5,,Múltiples titulares
11415208,2,,Múltiples titulares
11415209,3,,Múltiples titulares
11415211,4,,Múltiples titulares
11415212,9,,Múltiples titulares
11415213,3,,Múltiples titulares
11415214,2,,Múltiples titulares
11415215,3,,Múltiples titulares
11415216,3,,Múltiples titulares
11415217,4,,Múltiples titulares
11415218,1,792192,Titular único
11415219,3,,Múltiples titulares
11415220,2,,Múltiples titulares
11415221,4,,Múltiples titulares
11415222,1,802437,Titular único
11415223,3,,Múltiples titulares
11415224,3,,Múltiples titulares
11415225,6,,Múltiples titulares
11415226,7,,Múltiples titulares
11415227,3,,Múltiples titulares
11415228,5,,Múltiples titulares
11415229,8,,Múltiples titulares
11415230,7,,Múltiples titulares
11415231,7,,Múltiples titulares
11415232,5,,Múltiples titulares
11415233,1,523967,Titular único
11415234,4,,Múltiples titulares
11415235,3,,Múltiples titulares
11415236,6,,Múltiples titulares
11415237,5,,Múltiples titulares
11415238,3,,Múltiples titulares
11415239,4,,Múltiples titulares
11415240,3,,Múltiples titulares
11415241,4,,Múltiples titulares
11415242,3,,Múltiples titulares
11415243,3,,Múltiples titulares
11415244,1,10207920,Titular único
11415245,4,,Múltiples titulares
11415246,3,,Múltiples titulares
11415247,4,,Múltiples titulares
11415248,1,797901,Titular único
11415249,4,,Múltiples titulares
11415250,3,,Múltiples titulares
11415251,3,,Múltiples titulares
11415252,1,10184345,Titular único
11415253,2,,Múltiples titulares
11415254,6,,Múltiples titulares
11415255,2,,Múltiples titulares
11415256,2,,Múltiples titulares
11415257,3,,Múltiples titulares
11415258,2,,Múltiples titulares
11415259,4,,Múltiples titulares
11415268,1,528962,Titular único
11415275,1,529648,Titular único
11415326,1,10306167,Titular único
11415807,1,712184,Titular único
11416249,1,520849,Titular único
11417140,1,809275,Titular único
11417141,1,10141914,Titular único
11417142,2,,Múltiples titulares
11417143,2,,Múltiples titulares
11417145,1,527712,Titular único
11417146,1,518123,Titular único
11417148,2,,Múltiples titulares
11417149,1,792161,Titular único
11417151,1,523936,Titular único
11417152,1,525382,Titular único
11417153,2,,Múltiples titulares
11417154,1,10265593,Titular único
11417156,3,,Múltiples titulares
11417157,2,,Múltiples titulares
11417158,4,,Múltiples titulares
11417159,2,,Múltiples titulares
11417161,1,508857,Titular único
11417162,1,10141849,Titular único
11417163,2,,Múltiples titulares
11417164,1,353779,Titular único
11417165,2,,Múltiples titulares
11417166,1,800303,Titular único
11417169,1,10154136,Titular único
11417171,2,,Múltiples titulares
11417172,2,,Múltiples titulares
11417173,3,,Múltiples titulares
11417174,3,,Múltiples titulares
11417175,3,,Múltiples titulares
11417176,1,799505,Titular único
11417177,2,,Múltiples titulares
11417178,1,521878,Titular único
11417179,1,523536,Titular único
11417180,2,,Múltiples titulares
11417182,2,,Múltiples titulares
11417183,3,,Múltiples titulares
11417184,2,,Múltiples titulares
11417185,2,,Múltiples titulares
11417186,1,798865,Titular único
11417187,3,,Múltiples titulares
11417188,2,,Múltiples titulares
11417189,4,,Múltiples titulares
11417190,3,,Múltiples titulares
11417191,1,796878,Titular único
11417192,3,,Múltiples titulares
11417193,3,,Múltiples titulares
11417194,3,,Múltiples titulares
11417195,1,527812,Titular único
11417196,2,,Múltiples titulares
11417197,3,,Múltiples titulares
11417198,3,,Múltiples titulares
11417199,1,328436,Titular único
11417200,3,,Múltiples titulares
11417201,1,10154132,Titular único
11417202,2,,Múltiples titulares
11417203,6,,Múltiples titulares
11417204,1,808952,Titular único
11417205,2,,Múltiples titulares
11417207,3,,Múltiples titulares
11417208,3,,Múltiples titulares
11417209,1,801336,Titular único
11417210,4,,Múltiples titulares
11417211,3,,Múltiples titulares
11417212,1,10142460,Titular único
11417213,4,,Múltiples titulares
11417214,8,,Múltiples titulares
11417215,1,10160141,Titular único
11417216,2,,Múltiples titulares
11417218,3,,Múltiples titulares
11417220,1,522434,Titular único
11417221,1,11235638,Titular único
11417222,3,,Múltiples titulares
11417223,2,,Múltiples titulares
11417224,1,10142396,Titular único
11417225,4,,Múltiples titulares
11417226,6,,Múltiples titulares
11417227,5,,Múltiples titulares
11417228,3,,Múltiples titulares
11417229,4,,Múltiples titulares
11417230,2,,Múltiples titulares
11417231,3,,Múltiples titulares
11417233,3,,Múltiples titulares
11418894,1,10306396,Titular único
11419141,2,,Múltiples titulares
11419143,1,10324293,Titular único
11419144,5,,Múltiples titulares
11419145,3,,Múltiples titulares
11419146,1,792177,Titular único
11419147,1,800766,Titular único
11419148,3,,Múltiples titulares
11419149,3,,Múltiples titulares
11421140,3,,Múltiples titulares
11421141,3,,Múltiples titulares
11421142,3,,Múltiples titulares
11421143,3,,Múltiples titulares
11421146,5,,Múltiples titulares
11421147,1,10323659,Titular único
11421148,3,,Múltiples titulares
11421149,2,,Múltiples titulares
11423229,1,860092,Titular único
11424257,1,88533,Titular único
11424421,1,10142432,Titular único
11425158,1,10882897,Titular único
11425186,2,,Múltiples titulares
11425191,1,10047764,Titular único
11425192,1,10882371,Titular único
11425194,1,11003069,Titular único
11425208,1,10265636,Titular único
11425219,1,85267,Titular único
11427143,1,795913,Titular único
11427144,1,915126,Titular único
11427159,1,377463,Titular único
11427170,1,914927,Titular único
11427187,1,11023546,Titular único
11427197,1,11275731,Titular único
11427201,1,137244,Titular único
11427203,1,243709,Titular único
11427216,1,910743,Titular único
11427217,1,10229805,Titular único
11429157,1,455426,Titular único
11429173,1,329370,Titular único
11429174,1,91856,Titular único
11429175,1,10473999,Titular único
11429197,1,92950,Titular único
11429203,1,230760,Titular único
11429208,1,457585,Titular único
11429211,1,88606,Titular único
11429249,1,91582,Titular único
11429250,1,10473828,Titular único
11429253,1,10473851,Titular único
11429256,1,455651,Titular único
11429264,1,10366037,Titular único
11429267,1,11014529,Titular único
11429268,1,731802,Titular único
11429270,1,455575,Titular único
11429276,1,333324,Titular único
11429310,1,11105007,Titular único
11429311,1,10473997,Titular único
11429342,1,180105,Titular único
11429360,1,10630808,Titular único
11429368,1,332731,Titular único
11429411,1,10708098,Titular único
11429437,1,10474612,Titular único
11429446,1,10708164,Titular único
11431324,1,531537,Titular único
11431326,1,11408276,Titular único
11431389,1,11431319,Titular único
11431576,1,10656351,Titular único
11432339,1,11294991,Titular único
11432343,1,11408275,Titular único
11432412,1,11432270,Titular único
11433376,1,10473804,Titular único
11433456,1,735817,Titular único
11433492,1,10473881,Titular único
11433544,1,735750,Titular único
11433608,1,109972,Titular único
11433790,1,11433594,Titular único
11433814,1,11433459,Titular único
11434387,1,723383,Titular único
11434438,1,226499,Titular único
11434448,1,225208,Titular único
11434566,1,10470375,Titular único
11439562,1,722280,Titular único
11439832,1,10160364,Titular único
11446245,1,808216,Titular único
11446258,1,10838649,Titular único
11446268,1,10827742,Titular único
11446279,1,551487,Titular único
11446317,2,,Múltiples titulares
11447242,1,11203552,Titular único
11451346,1,10123372,Titular único
11452237,1,808634,Titular único
11452240,1,10141776,Titular único
11452248,1,397555,Titular único
11452250,2,,Múltiples titulares
11452251,1,10323910,Titular único
11452252,3,,Múltiples titulares
11452253,1,10229488,Titular único
11452254,2,,Múltiples titulares
11452255,3,,Múltiples titulares
11452256,2,,Múltiples titulares
11452257,1,10142537,Titular único
11452258,2,,Múltiples titulares
11452259,3,,Múltiples titulares
11452260,3,,Múltiples titulares
11452261,2,,Múltiples titulares
11452264,2,,Múltiples titulares
11452266,2,,Múltiples titulares
11452267,2,,Múltiples titulares
11453253,2,,Múltiples titulares
11453265,1,10306448,Titular único
11453266,1,464504,Titular único
11457273,1,10801847,Titular único
11457301,1,10778497,Titular único
11457304,1,10778699,Titular único
11457310,1,10778749,Titular único
11457316,1,10184434,Titular único
11457317,2,,Múltiples titulares
11458257,1,10752332,Titular único
11458281,1,363848,Titular único
11458287,1,10044731,Titular único
11458297,1,10814067,Titular único
11459241,2,,Múltiples titulares
11459242,2,,Múltiples titulares
11459243,1,792977,Titular único
11459244,2,,Múltiples titulares
11459245,4,,Múltiples titulares
11459246,4,,Múltiples titulares
11459247,4,,Múltiples titulares
11459249,3,,Múltiples titulares
11459250,2,,Múltiples titulares
11459251,1,102929,Titular único
11459252,1,527150,Titular único
11459253,3,,Múltiples titulares
11459255,2,,Múltiples titulares
11459256,2,,Múltiples titulares
11459257,4,,Múltiples titulares
11459258,2,,Múltiples titulares
11459259,1,524822,Titular único
11459260,2,,Múltiples titulares
11459261,2,,Múltiples titulares
11459262,4,,Múltiples titulares
11459263,4,,Múltiples titulares
11459266,3,,Múltiples titulares
11459267,1,10136267,Titular único
11459268,4,,Múltiples titulares
11459269,4,,Múltiples titulares
11459270,3,,Múltiples titulares
11459271,1,797344,Titular único
11459272,2,,Múltiples titulares
11459274,3,,Múltiples titulares
11459275,3,,Múltiples titulares
11459276,2,,Múltiples titulares
11459277,3,,Múltiples titulares
11459278,3,,Múltiples titulares
11459279,1,523127,Titular único
11459281,2,,Múltiples titulares
11459282,5,,Múltiples titulares
11459283,6,,Múltiples titulares
11459284,5,,Múltiples titulares
11459285,2,,Múltiples titulares
11459286,3,,Múltiples titulares
11459287,2,,Múltiples titulares
11459288,5,,Múltiples titulares
11459289,4,,Múltiples titulares
11459290,1,10154217,Titular único
11459291,5,,Múltiples titulares
11459292,2,,Múltiples titulares
11459293,5,,Múltiples titulares
11459294,2,,Múltiples titulares
11459295,1,802299,Titular único
11459296,1,530500,Titular único
11459297,3,,Múltiples titulares
11459298,1,11306702,Titular único
11459299,3,,Múltiples titulares
11459300,5,,Múltiples titulares
11459301,2,,Múltiples titulares
11459302,4,,Múltiples titulares
11459303,2,,Múltiples titulares
11459304,1,801992,Titular único
11459305,2,,Múltiples titulares
11459306,1,276038,Titular único
11459307,4,,Múltiples titulares
11461240,1,809014,Titular único
11461241,2,,Múltiples titulares
11461242,1,139586,Titular único
11461243,1,396525,Titular único
11461244,1,396508,Titular único
11461245,1,798280,Titular único
11461246,1,804420,Titular único
11461247,1,801755,Titular único
11461249,2,,Múltiples titulares
11461251,3,,Múltiples titulares
11461253,2,,Múltiples titulares
11461254,1,800685,Titular único
11461256,4,,Múltiples titulares
11461257,1,802328,Titular único
11461258,3,,Múltiples titulares
11461259,1,797392,Titular único
11461262,1,285485,Titular único
11461263,2,,Múltiples titulares
11461264,1,41663,Titular único
11461265,1,934453,Titular único
11461266,1,10123349,Titular único
11461267,2,,Múltiples titulares
11461270,3,,Múltiples titulares
11461272,5,,Múltiples titulares
11461273,2,,Múltiples titulares
11461274,1,730218,Titular único
11461276,2,,Múltiples titulares
11461279,1,10306343,Titular único
11461280,3,,Múltiples titulares
11461281,3,,Múltiples titulares
11461282,2,,Múltiples titulares
11461283,2,,Múltiples titulares
11461284,2,,Múltiples titulares
11461285,1,10124112,Titular único
11461287,3,,Múltiples titulares
11461288,4,,Múltiples titulares
11461289,1,10124271,Titular único
11461291,1,10123994,Titular único
11461292,1,10123681,Titular único
11461293,2,,Múltiples titulares
11461294,3,,Múltiples titulares
11461296,4,,Múltiples titulares
11461297,1,10136037,Titular único
11461298,2,,Múltiples titulares
11461299,4,,Múltiples titulares
11461301,1,805471,Titular único
11461302,2,,Múltiples titulares
11461303,3,,Múltiples titulares
11461305,2,,Múltiples titulares
11461306,2,,Múltiples titulares
11461307,5,,Múltiples titulares
11461308,2,,Múltiples titulares
11461309,1,528478,Titular único
11461311,2,,Múltiples titulares
11461314,4,,Múltiples titulares
11461315,3,,Múltiples titulares
11461316,3,,Múltiples titulares
11461318,4,,Múltiples titulares
11461319,5,,Múltiples titulares
11461320,2,,Múltiples titulares
11461321,1,10123813,Titular único
11461322,1,10123771,Titular único
11461323,2,,Múltiples titulares
11461324,4,,Múltiples titulares
11461326,4,,Múltiples titulares
11461327,7,,Múltiples titulares
11461328,2,,Múltiples titulares
11461331,3,,Múltiples titulares
11461332,1,10724938,Titular único
11461334,1,83736,Titular único
11461335,1,10305544,Titular único
11461336,3,,Múltiples titulares
11461337,3,,Múltiples titulares
11461339,2,,Múltiples titulares
11461340,1,10306275,Titular único
11461341,2,,Múltiples titulares
11461343,2,,Múltiples titulares
11461344,2,,Múltiples titulares
11461345,4,,Múltiples titulares
11461347,3,,Múltiples titulares
11461348,2,,Múltiples titulares
11461349,2,,Múltiples titulares
11461351,2,,Múltiples titulares
11461352,3,,Múltiples titulares
11461353,1,802574,Titular único
11461354,1,528452,Titular único
11461355,1,10305936,Titular único
11461357,1,808205,Titular único
11461358,2,,Múltiples titulares
11461359,3,,Múltiples titulares
11461360,2,,Múltiples titulares
11461361,1,10617179,Titular único
11461363,1,10711650,Titular único
11461364,1,10123213,Titular único
11461365,2,,Múltiples titulares
11461366,1,110517,Titular único
11461367,1,531353,Titular único
11461372,2,,Múltiples titulares
11461395,1,10678414,Titular único
11463355,1,137464,Titular único
11463357,1,12343383,Titular único
11464251,1,10337477,Titular único
11465359,1,763099,Titular único
11465376,1,107813,Titular único
11465395,1,10153951,Titular único
11465396,1,11408329,Titular único
11465402,1,552386,Titular único
11465405,1,11408772,Titular único
11465409,1,135405,Titular único
11465413,1,800863,Titular único
11466840,1,10207181,Titular único
11466841,5,,Múltiples titulares
11466842,2,,Múltiples titulares
11466843,2,,Múltiples titulares
11466844,2,,Múltiples titulares
11466845,2,,Múltiples titulares
11466846,1,531611,Titular único
11466847,1,799459,Titular único
11466848,2,,Múltiples titulares
11466849,3,,Múltiples titulares
11466850,3,,Múltiples titulares
11466851,6,,Múltiples titulares
11466853,5,,Múltiples titulares
11466854,3,,Múltiples titulares
11466855,6,,Múltiples titulares
11466856,2,,Múltiples titulares
11466857,1,528963,Titular único
11466858,1,527071,Titular único
11468287,1,10802637,Titular único
11468842,1,530826,Titular único
11468844,1,10160139,Titular único
11470840,3,,Múltiples titulares
11474840,2,,Múltiples titulares
11474841,4,,Múltiples titulares
11474842,2,,Múltiples titulares
11474843,3,,Múltiples titulares
11474844,3,,Múltiples titulares
11474845,1,10184065,Titular único
11474846,2,,Múltiples titulares
11474847,5,,Múltiples titulares
11474848,3,,Múltiples titulares
11474849,3,,Múltiples titulares
11474850,2,,Múltiples titulares
11474851,3,,Múltiples titulares
11474852,5,,Múltiples titulares
11474853,5,,Múltiples titulares
11474854,1,794561,Titular único
11474855,3,,Múltiples titulares
11474857,3,,Múltiples titulares
11474858,2,,Múltiples titulares
11474859,1,527015,Titular único
11474860,5,,Múltiples titulares
11474862,2,,Múltiples titulares
11474863,5,,Múltiples titulares
11474865,4,,Múltiples titulares
11474866,4,,Múltiples titulares
11474868,4,,Múltiples titulares
11474869,3,,Múltiples titulares
11474870,3,,Múltiples titulares
11474871,2,,Múltiples titulares
11474872,3,,Múltiples titulares
11474873,3,,Múltiples titulares
11474874,5,,Múltiples titulares
11474875,4,,Múltiples titulares
11474878,5,,Múltiples titulares
11474879,4,,Múltiples titulares
11474880,4,,Múltiples titulares
11474881,1,799591,Titular único
11474882,11,,Múltiples titulares
11474883,3,,Múltiples titulares
11474884,4,,Múltiples titulares
11474885,5,,Múltiples titulares
11474886,2,,Múltiples titulares
11474887,3,,Múltiples titulares
11474888,3,,Múltiples titulares
11474889,3,,Múltiples titulares
11474890,5,,Múltiples titulares
11474891,2,,Múltiples titulares
11474892,5,,Múltiples titulares
11477874,1,807584,Titular único
11479514,1,358996,Titular único
11479543,1,807222,Titular único
11479584,1,10404948,Titular único
11481359,1,10124119,Titular único
11481414,1,10679353,Titular único
11482040,1,11482040,Titular único
11484390,1,349500,Titular único
11484500,1,10024999,Titular único
11484519,1,10781767,Titular único
11487037,1,11276156,Titular único
11492021,1,11245034,Titular único
11494444,1,10239656,Titular único
11499343,2,,Múltiples titulares
11499344,1,802138,Titular único
11499347,1,11438243,Titular único
11499372,1,388881,Titular único
11499375,1,10697243,Titular único
11501840,2,,Múltiples titulares
11501841,3,,Múltiples titulares
11501842,3,,Múltiples titulares
11501843,1,796101,Titular único
11501844,3,,Múltiples titulares
11501845,1,421061,Titular único
11501848,1,524620,Titular único
11501849,4,,Múltiples titulares
11501851,4,,Múltiples titulares
11501852,1,795598,Titular único
11501853,3,,Múltiples titulares
11501854,1,798107,Titular único
11501855,3,,Múltiples titulares
11501856,1,524239,Titular único
11501857,2,,Múltiples titulares
11501858,4,,Múltiples titulares
11501859,4,,Múltiples titulares
11501860,3,,Múltiples titulares
11501861,1,10223460,Titular único
11501862,2,,Múltiples titulares
11501863,2,,Múltiples titulares
11501864,2,,Múltiples titulares
11501865,4,,Múltiples titulares
11501866,4,,Múltiples titulares
11501868,4,,Múltiples titulares
11501869,1,10142173,Titular único
11501870,1,373973,Titular único
11501871,3,,Múltiples titulares
11501872,2,,Múltiples titulares
11501873,3,,Múltiples titulares
11501875,2,,Múltiples titulares
11501876,2,,Múltiples titulares
11501877,2,,Múltiples titulares
11501878,1,10323589,Titular único
11501879,1,802183,Titular único
11501880,1,807934,Titular único
11501881,2,,Múltiples titulares
11501882,1,801724,Titular único
11503616,1,397607,Titular único
11504343,1,10496122,Titular único
11504351,1,333656,Titular único
11504352,1,400465,Titular único
11504354,1,333798,Titular único
11504375,1,10496301,Titular único
11504376,1,10519544,Titular único
11504382,1,529028,Titular único
11505867,1,529558,Titular único
11506846,1,100030,Titular único
11506870,1,77010,Titular único
11506888,1,11306119,Titular único
11506905,1,11306792,Titular único
11506922,1,10305636,Titular único
11509373,1,984297,Titular único
11509389,1,11929082,Titular único
11509394,1,10590462,Titular único
11511869,1,530552,Titular único
11511968,1,10281849,Titular único
11514455,1,10636478,Titular único
11514666,1,11188128,Titular único
11529355,1,11282006,Titular único
11534630,3,,Múltiples titulares
11534637,3,,Múltiples titulares
11534653,1,723026,Titular único
11534656,2,,Múltiples titulares
11552132,1,11514374,Titular único
11552159,1,10403685,Titular único
11559630,1,117076,Titular único
11574652,1,11022296,Titular único
11581865,1,10154357,Titular único
11584630,1,722251,Titular único
11591864,1,525253,Titular único
11597131,1,45202,Titular único
11600093,1,793907,Titular único
11602130,1,11934560,Titular único
11612144,1,94980,Titular único
11612154,1,73163,Titular único
11612163,1,10027003,Titular único
11612164,1,10190618,Titular único
11612165,1,10533380,Titular único
11617130,1,336764,Titular único
11624634,1,137491,Titular único
11664661,1,10323648,Titular único
11682132,1,807459,Titular único
11694633,1,10678837,Titular único
11699630,2,,Múltiples titulares
11709530,1,140133,Titular único
11709632,1,10160319,Titular único
11709633,1,10244763,Titular único
11709634,2,,Múltiples titulares
11709636,2,,Múltiples titulares
11709639,1,800717,Titular único
11709640,1,10735075,Titular único
11709642,1,355334,Titular único
11709643,1,10709548,Titular único
11709644,4,,Múltiples titulares
11709645,6,,Múltiples titulares
11709647,1,799662,Titular único
11709648,2,,Múltiples titulares
11709649,1,10779691,Titular único
11709650,1,10101639,Titular único
11709675,1,10731563,Titular único
11712130,1,352512,Titular único
11712133,1,10184416,Titular único
11712140,1,10706053,Titular único
11712144,1,933904,Titular único
11712145,1,10697438,Titular único
11712147,1,10184583,Titular único
11719637,1,10766521,Titular único
11719642,1,10723646,Titular único
11719643,1,11124749,Titular único
11719644,2,,Múltiples titulares
11719645,1,10766642,Titular único
11719646,1,10766506,Titular único
11719647,1,10229369,Titular único
11719648,1,791688,Titular único
11734631,1,552168,Titular único
11734632,1,122471,Titular único
11757130,1,10722551,Titular único
11757139,1,11310685,Titular único
11762162,1,11188100,Titular único
11764630,1,179546,Titular único
11772131,1,10464288,Titular único
11802176,1,792948,Titular único
11822131,1,794525,Titular único
11857153,1,10311577,Titular único
11859634,1,10959319,Titular único
11859660,1,10123289,Titular único
11862148,1,531232,Titular único
11862184,1,798963,Titular único
11869636,1,11009500,Titular único
11869639,1,10987103,Titular único
11872134,1,10244993,Titular único
11872136,1,10979943,Titular único
11874630,1,11032171,Titular único
11874641,1,38387,Titular único
11874642,1,920992,Titular único
11874645,1,329460,Titular único
11874646,1,11018167,Titular único
11874650,1,11030980,Titular único
11874651,1,156476,Titular único
11874652,1,11022296,Titular único
11874658,1,722265,Titular único
11882130,1,524109,Titular único
11882131,1,800978,Titular único
11882132,4,,Múltiples titulares
11882133,5,,Múltiples titulares
11882134,3,,Múltiples titulares
11882135,6,,Múltiples titulares
11882136,4,,Múltiples titulares
11882137,3,,Múltiples titulares
11882138,2,,Múltiples titulares
11882139,4,,Múltiples titulares
11882140,3,,Múltiples titulares
11882141,5,,Múltiples titulares
11882142,2,,Múltiples titulares
11882143,3,,Múltiples titulares
11882144,5,,Múltiples titulares
11882145,3,,Múltiples titulares
11882146,2,,Múltiples titulares
11882147,2,,Múltiples titulares
11882148,1,531232,Titular único
11882149,3,,Múltiples titulares
11882150,6,,Múltiples titulares
11882151,1,796003,Titular único
11882152,4,,Múltiples titulares
11882153,4,,Múltiples titulares
11882154,4,,Múltiples titulares
11882155,5,,Múltiples titulares
11882157,3,,Múltiples titulares
11882158,5,,Múltiples titulares
11882159,7,,Múltiples titulares
11882160,3,,Múltiples titulares
11882161,4,,Múltiples titulares
11882162,3,,Múltiples titulares
11882163,7,,Múltiples titulares
11882164,2,,Múltiples titulares
11882165,2,,Múltiples titulares
11882166,2,,Múltiples titulares
11882167,3,,Múltiples titulares
11882168,3,,Múltiples titulares
11882169,5,,Múltiples titulares
11882170,1,10306018,Titular único
11882171,4,,Múltiples titulares
11882172,2,,Múltiples titulares
11882174,8,,Múltiples titulares
11882175,4,,Múltiples titulares
11882176,9,,Múltiples titulares
11882177,3,,Múltiples titulares
11882178,3,,Múltiples titulares
11882179,6,,Múltiples titulares
11882180,7,,Múltiples titulares
11882181,1,10184122,Titular único
11882182,3,,Múltiples titulares
11882183,3,,Múltiples titulares
11882184,5,,Múltiples titulares
11882185,4,,Múltiples titulares
11882186,1,524880,Titular único
11882187,2,,Múltiples titulares
11882188,5,,Múltiples titulares
11882189,4,,Múltiples titulares
11882190,2,,Múltiples titulares
11882191,7,,Múltiples titulares
11882193,6,,Múltiples titulares
11882194,5,,Múltiples titulares
11882195,5,,Múltiples titulares
11882196,5,,Múltiples titulares
11882197,5,,Múltiples titulares
11882198,8,,Múltiples titulares
11882199,1,808002,Titular único
11882200,1,126020,Titular único
11882201,4,,Múltiples titulares
11882202,5,,Múltiples titulares
11882203,5,,Múltiples titulares
11882204,2,,Múltiples titulares
11882205,2,,Múltiples titulares
11882206,3,,Múltiples titulares
11882207,4,,Múltiples titulares
11882208,4,,Múltiples titulares
11882210,3,,Múltiples titulares
11882211,2,,Múltiples titulares
11882212,6,,Múltiples titulares
11882213,2,,Múltiples titulares
11882214,1,10159937,Titular único
11882215,2,,Múltiples titulares
11882216,4,,Múltiples titulares
11882217,4,,Múltiples titulares
11882218,1,10736898,Titular único
11882219,3,,Múltiples titulares
11882220,2,,Múltiples titulares
11882221,1,10101723,Titular único
11882222,3,,Múltiples titulares
11882223,5,,Múltiples titulares
11882224,3,,Múltiples titulares
11882226,1,523840,Titular único
11882227,4,,Múltiples titulares
11882228,1,10123937,Titular único
11882229,1,808251,Titular único
11882232,1,792179,Titular único
11882233,1,10324258,Titular único
11882238,1,10306478,Titular único
11882416,1,525236,Titular único
11887135,1,11101740,Titular único
11887139,1,380159,Titular único
11887140,2,,Múltiples titulares
11889657,1,11064534,Titular único
11889660,1,10123580,Titular único
11889664,1,530138,Titular único
11889668,1,58226,Titular único
11889682,2,,Múltiples titulares
11889687,1,11105430,Titular único
11889689,2,,Múltiples titulares
11889702,1,11056791,Titular único
11889707,1,10100397,Titular único
11892134,1,11092976,Titular único
11892135,1,10363938,Titular único
11892140,1,802313,Titular único
11892144,1,10124334,Titular único
11897134,1,10035298,Titular único
11897136,1,11046996,Titular único
11897146,1,934568,Titular único
11897167,1,10006465,Titular único
11901255,1,193739,Titular único
11902134,1,525297,Titular único
11902142,1,932059,Titular único
11902145,1,657987,Titular único
11902839,1,793872,Titular único
11904646,1,10594469,Titular único
11911175,1,523537,Titular único
11911247,1,10323722,Titular único
11912154,1,293526,Titular único
11912190,1,10590635,Titular único
11913267,1,802022,Titular único
11915213,1,530011,Titular único
11922270,1,10590635,Titular único
11924683,1,165495,Titular único
11927130,2,,Múltiples titulares
11927131,1,121691,Titular único
11927258,1,528462,Titular único
11927289,1,800161,Titular único
11927302,1,945372,Titular único
11927314,2,,Múltiples titulares
11927315,1,528552,Titular único
11927327,1,322034,Titular único
11927364,1,509705,Titular único
11927431,1,112226,Titular único
11927442,1,164874,Titular único
11927493,1,799661,Titular único
11927591,1,930824,Titular único
11927653,1,519119,Titular único
11927664,1,355246,Titular único
11927673,1,353786,Titular único
11927707,1,388783,Titular único
11927709,1,524171,Titular único
11927735,1,770313,Titular único
11927789,1,790460,Titular único
11927850,2,,Múltiples titulares
11927924,1,796436,Titular único
11927925,1,396476,Titular único
11927931,1,528825,Titular único
11927959,1,791593,Titular único
11927961,1,518903,Titular único
11927994,1,32347,Titular único
11928000,1,102844,Titular único
11928013,1,796351,Titular único
11928020,3,,Múltiples titulares
11928031,1,792875,Titular único
11928032,1,792677,Titular único
11928073,1,798243,Titular único
11928075,1,795458,Titular único
11928116,1,799538,Titular único
11928127,1,167272,Titular único
11928136,1,943090,Titular único
11928145,1,800152,Titular único
11928146,1,524311,Titular único
11928147,1,524974,Titular único
11928174,1,133899,Titular único
11928184,1,306520,Titular único
11928190,1,526924,Titular único
11928967,1,395452,Titular único
11928969,1,985650,Titular único
11928984,1,794303,Titular único
11928992,1,521802,Titular único
11929077,1,527140,Titular único
11929099,1,527140,Titular único
11929122,1,793884,Titular único
11929141,1,176311,Titular único
11929164,1,797901,Titular único
11929196,1,523041,Titular único
11929216,1,529814,Titular único
11929237,3,,Múltiples titulares
11930321,1,373971,Titular único
11930329,1,129815,Titular único
11930394,1,205725,Titular único
11930396,1,800937,Titular único
11930407,1,530885,Titular único
11930463,2,,Múltiples titulares
11930629,1,194450,Titular único
11930650,1,933636,Titular único
11930658,1,526636,Titular único
11930669,1,792452,Titular único
11930675,1,264828,Titular único
11930682,1,523834,Titular único
11930690,1,796853,Titular único
11930702,2,,Múltiples titulares
11930753,1,523550,Titular único
11930756,2,,Múltiples titulares
11930772,1,646988,Titular único
11930794,1,794811,Titular único
11930884,1,657377,Titular único
11930886,1,799039,Titular único
11930901,2,,Múltiples titulares
11930916,1,801712,Titular único
11930970,1,792762,Titular único
11930977,1,797958,Titular único
11930985,2,,Múltiples titulares
11930986,1,397842,Titular único
11931019,1,523963,Titular único
11931023,1,522683,Titular único
11931083,1,801345,Titular único
11931084,1,432768,Titular único
11931093,1,519408,Titular único
11931102,1,159873,Titular único
11931126,1,528390,Titular único
11931146,1,520553,Titular único
11931167,1,804324,Titular único
11931168,1,522158,Titular único
11931197,1,233998,Titular único
11931204,2,,Múltiples titulares
11931209,2,,Múltiples titulares
11931215,1,646995,Titular único
11931246,1,29661,Titular único
11931250,1,122357,Titular único
11931267,1,419454,Titular único
11931271,2,,Múltiples titulares
11931314,1,793415,Titular único
11931365,1,391005,Titular único
11931376,1,796057,Titular único
11931389,1,519752,Titular único
11931400,1,520948,Titular único
11931458,1,800381,Titular único
11931562,1,521191,Titular único
11932064,1,804225,Titular único
11932087,1,395298,Titular único
11932143,1,520526,Titular único
11932167,1,522211,Titular único
11932169,1,771807,Titular único
11932223,2,,Múltiples titulares
11932224,1,521759,Titular único
11932227,1,794048,Titular único
11932307,1,722387,Titular único
11932308,2,,Múltiples titulares
11932310,1,193960,Titular único
11932341,1,397927,Titular único
11932342,2,,Múltiples titulares
11932360,1,523461,Titular único
11932377,2,,Múltiples titulares
11932395,1,521093,Titular único
11932419,1,518368,Titular único
11932452,2,,Múltiples titulares
11932537,1,795070,Titular único
11932654,1,194819,Titular único
11932750,1,175873,Titular único
11932815,1,786892,Titular único
11933452,1,942514,Titular único
11933667,1,808813,Titular único
11933713,1,521246,Titular único
11933746,1,793526,Titular único
11933793,1,519849,Titular único
11933797,2,,Múltiples titulares
11933848,1,520471,Titular único
11933874,1,303867,Titular único
11933884,1,793892,Titular único
11934069,1,100993,Titular único
11934092,1,795387,Titular único
11934196,1,67696,Titular único
11934223,1,519729,Titular único
11934235,1,354677,Titular único
11934357,2,,Múltiples titulares
11934419,1,354105,Titular único
11934499,1,168007,Titular único
11934751,1,127497,Titular único
11934828,1,521150,Titular único
11934924,1,528883,Titular único
11934931,1,520519,Titular único
11935101,1,800855,Titular único
11935142,1,801140,Titular único
11935204,1,530930,Titular único
11935211,1,523599,Titular único
11935219,1,523080,Titular único
11935232,1,431477,Titular único
11935244,1,455594,Titular único
11935255,1,797108,Titular único
11935256,1,528347,Titular único
11935340,1,31996,Titular único
11935404,1,518707,Titular único
11935415,1,455335,Titular único
11935441,1,10616540,Titular único
11935517,1,669493,Titular único
11935527,1,596881,Titular único
11935533,1,796447,Titular único
11935536,1,793425,Titular único
11935543,1,528317,Titular único
11935544,1,417831,Titular único
11935563,1,794126,Titular único
11935565,1,942272,Titular único
11935585,1,794098,Titular único
11935591,1,529851,Titular único
11935597,2,,Múltiples titulares
11935604,1,522850,Titular único
11935609,1,529033,Titular único
11935612,1,517830,Titular único
11935666,1,354103,Titular único
11935669,1,91446,Titular único
11935694,1,522706,Titular único
11935697,1,731832,Titular único
11935701,2,,Múltiples titulares
11935706,1,522020,Titular único
11935710,1,10495628,Titular único
11935716,1,71741,Titular único
11935755,1,808806,Titular único
11935770,1,524479,Titular único
11935781,1,667019,Titular único
11935782,1,801481,Titular único
11935792,1,520098,Titular único
11935804,1,794055,Titular único
11935807,1,524241,Titular único
11935825,1,137168,Titular único
11935838,1,112258,Titular único
11935842,1,792120,Titular único
11935857,1,925313,Titular único
11935869,1,193932,Titular único
11935871,1,522903,Titular único
11935921,1,800401,Titular único
11935926,2,,Múltiples titulares
11935929,1,793539,Titular único
11935962,1,456882,Titular único
11936012,1,519679,Titular único
11949644,1,10678095,Titular único
11949656,1,722855,Titular único
11949660,2,,Múltiples titulares
11949665,1,11431200,Titular único
11949667,1,11295717,Titular único
11949670,1,860782,Titular único
11949677,1,10457035,Titular único
11949690,1,11295290,Titular único
11949720,1,11431329,Titular único
11949739,1,10672884,Titular único
11954632,1,10262673,Titular único
11954639,1,147976,Titular único
11954644,1,10028581,Titular único
11954645,1,10729614,Titular único
11954646,2,,Múltiples titulares
11954651,1,112577,Titular único
11954653,2,,Múltiples titulares
11954655,1,10028574,Titular único
11967135,1,10776337,Titular único
11969677,2,,Múltiples titulares
11969683,1,10077923,Titular único
11972146,1,10075611,Titular único
11972151,1,10032923,Titular único
11974639,1,107686,Titular único
11974646,1,527118,Titular único
11974648,3,,Múltiples titulares
11974652,1,11022296,Titular único
11974654,1,934142,Titular único
11974659,1,11104553,Titular único
11974662,1,799637,Titular único
11974672,1,10811533,Titular único
11974675,1,394608,Titular único
11974677,1,285672,Titular único
11974678,1,934115,Titular único
11974697,1,11104488,Titular único
11974700,1,657782,Titular único
11974701,1,10737141,Titular único
11974849,1,282988,Titular único
11977131,2,,Múltiples titulares
11977132,1,112039,Titular único
11977133,1,10545448,Titular único
11977134,1,526611,Titular único
11977135,1,10731655,Titular único
11977137,1,10208055,Titular único
11984630,1,11040095,Titular único
11984648,1,10261527,Titular único
11987147,1,11067839,Titular único
12002270,1,790540,Titular único
12007147,1,10455218,Titular único
12012157,1,11433250,Titular único
12012179,1,10474428,Titular único
12012197,1,73855,Titular único
12012210,1,10474485,Titular único
12012216,1,10474660,Titular único
12012226,1,11003950,Titular único
12012228,1,333071,Titular único
12012256,1,10079778,Titular único
12012257,1,10474223,Titular único
12012264,1,10474391,Titular único
12012268,1,10819143,Titular único
12012295,4,,Múltiples titulares
12012316,3,,Múltiples titulares
12012320,1,10729618,Titular único
12012328,1,11372223,Titular único
12012330,1,914930,Titular único
12012385,2,,Múltiples titulares
12012390,1,10023240,Titular único
12012396,1,455651,Titular único
12012435,1,333578,Titular único
12012442,1,10474129,Titular único
12012443,1,11487065,Titular único
12012452,1,11433629,Titular único
12014630,1,803828,Titular único
12014631,1,524217,Titular único
12014636,1,657091,Titular único
12014638,1,792974,Titular único
12014647,1,657952,Titular único
12014648,1,11089981,Titular único
12014650,1,657076,Titular único
12014653,2,,Múltiples titulares
12014664,1,11104771,Titular único
12014670,1,11089315,Titular único
12014679,1,800570,Titular único
12014688,2,,Múltiples titulares
12014699,1,10456953,Titular único
12014700,1,72296,Titular único
12014701,1,808507,Titular único
12014704,1,141369,Titular único
12022133,1,11028095,Titular único
12022137,1,925368,Titular único
12027134,1,830583,Titular único
12039630,1,11089328,Titular único
12049632,1,11094202,Titular único
12059648,2,,Múltiples titulares
12059662,1,844519,Titular único
12062131,1,530484,Titular único
12062132,1,10136308,Titular único
12062133,1,528735,Titular único
12062135,1,10239323,Titular único
12062136,1,11014430,Titular único
12062137,1,10238817,Titular único
12062138,1,10101754,Titular único
12062141,1,10305818,Titular único
12062142,1,802533,Titular único
12062144,1,10101774,Titular único
12062145,1,10184252,Titular único
12062147,1,10736951,Titular único
12062148,2,,Múltiples titulares
12062150,2,,Múltiples titulares
12062151,2,,Múltiples titulares
12062152,2,,Múltiples titulares
12062153,2,,Múltiples titulares
12062154,1,10262867,Titular único
12062156,2,,Múltiples titulares
12062157,2,,Múltiples titulares
12062158,4,,Múltiples titulares
12062160,2,,Múltiples titulares
12062161,4,,Múltiples titulares
12062163,1,120223,Titular único
12062164,1,10324297,Titular único
12062165,2,,Múltiples titulares
12062166,3,,Múltiples titulares
12062167,1,10522171,Titular único
12062168,1,10262784,Titular único
12062170,1,10124323,Titular único
12062171,1,10337618,Titular único
12062172,1,10337431,Titular único
12062174,1,10265541,Titular único
12062176,2,,Múltiples titulares
12062177,2,,Múltiples titulares
12062178,4,,Múltiples titulares
12062180,1,10306194,Titular único
12062181,1,10306342,Titular único
12062182,2,,Múltiples titulares
12062183,2,,Múltiples titulares
12062184,3,,Múltiples titulares
12062185,1,807960,Titular único
12062186,1,10709217,Titular único
12062187,3,,Múltiples titulares
12062188,1,10102035,Titular único
12062189,3,,Múltiples titulares
12062190,1,10101780,Titular único
12062191,2,,Múltiples titulares
12062193,1,397847,Titular único
12062194,2,,Múltiples titulares
12062201,3,,Múltiples titulares
12082191,1,10136064,Titular único
12137130,1,10709601,Titular único
12137133,1,10708080,Titular único
12137135,1,10709631,Titular único
12137136,2,,Múltiples titulares
12137137,2,,Múltiples titulares
12157130,1,528797,Titular único
12157131,3,,Múltiples titulares
12157132,1,10337767,Titular único
12157134,1,926018,Titular único
12159658,1,10101888,Titular único
12169632,2,,Múltiples titulares
12169633,1,12169631,Titular único
12169640,1,12169635,Titular único
12169651,1,10078579,Titular único
12169655,1,124018,Titular único
12169662,1,10485556,Titular único
12169684,1,79205,Titular único
12169685,1,852731,Titular único
12169690,1,10904576,Titular único
12169695,1,10851002,Titular único
12169706,1,10850453,Titular único
12169708,1,12169689,Titular único
12169729,1,10191110,Titular único
12187134,2,,Múltiples titulares
12187136,1,521551,Titular único
12189630,1,800610,Titular único
12202115,1,10323981,Titular único
12202130,6,,Múltiples titulares
12202131,2,,Múltiples titulares
12202132,4,,Múltiples titulares
12202133,5,,Múltiples titulares
12202134,4,,Múltiples titulares
12202135,2,,Múltiples titulares
12202136,2,,Múltiples titulares
12202137,2,,Múltiples titulares
12202138,1,801624,Titular único
12202139,4,,Múltiples titulares
12202140,5,,Múltiples titulares
12202141,5,,Múltiples titulares
12202144,1,522434,Titular único
12202145,1,10191214,Titular único
12202146,3,,Múltiples titulares
12202147,3,,Múltiples titulares
12202148,2,,Múltiples titulares
12202150,2,,Múltiples titulares
12202151,1,791234,Titular único
12202152,5,,Múltiples titulares
12202153,1,10160511,Titular único
12202154,6,,Múltiples titulares
12202155,2,,Múltiples titulares
12202156,1,527888,Titular único
12202157,4,,Múltiples titulares
12202158,2,,Múltiples titulares
12202159,1,529998,Titular único
12202160,5,,Múltiples titulares
12202161,4,,Múltiples titulares
12202162,3,,Múltiples titulares
12202163,3,,Múltiples titulares
12202164,3,,Múltiples titulares
12202165,6,,Múltiples titulares
12202166,2,,Múltiples titulares
12202167,1,528115,Titular único
12202168,5,,Múltiples titulares
12202169,3,,Múltiples titulares
12202170,4,,Múltiples titulares
12202171,4,,Múltiples titulares
12202172,2,,Múltiples titulares
12202173,2,,Múltiples titulares
12202174,5,,Múltiples titulares
12202175,4,,Múltiples titulares
12202176,2,,Múltiples titulares
12202177,5,,Múltiples titulares
12202178,1,10190081,Titular único
12202179,3,,Múltiples titulares
12202180,3,,Múltiples titulares
12202183,2,,Múltiples titulares
12202184,1,531681,Titular único
12202185,1,802279,Titular único
12202186,1,524930,Titular único
12202187,4,,Múltiples titulares
12202189,1,10154308,Titular único
12202190,4,,Múltiples titulares
12202191,1,10262537,Titular único
12202192,7,,Múltiples titulares
12202193,1,10154477,Titular único
12202194,2,,Múltiples titulares
12202195,1,10265578,Titular único
12202198,1,10726439,Titular único
12202199,1,804914,Titular único
12202202,3,,Múltiples titulares
12202203,3,,Múltiples titulares
12202204,1,808519,Titular único
12202205,1,10697297,Titular único
12202206,1,10306038,Titular único
12202207,2,,Múltiples titulares
12202208,2,,Múltiples titulares
12202209,2,,Múltiples titulares
12204638,1,805032,Titular único
12204663,1,497943,Titular único
12204672,1,805030,Titular único
12214640,1,378433,Titular único
12214641,1,10305684,Titular único
12214642,1,10207951,Titular único
12214647,1,363116,Titular único
12217130,1,530282,Titular único
12217150,1,523717,Titular único
12217174,1,11270465,Titular único
12217188,1,527831,Titular único
12219711,1,10041634,Titular único
12219851,1,10804260,Titular único
12220916,1,10123389,Titular único
12221141,1,10141988,Titular único
12221147,1,11185375,Titular único
12221150,1,10828936,Titular único
12221203,1,11156909,Titular único
12221220,1,11185668,Titular único
12222030,5,,Múltiples titulares
12222031,1,793006,Titular único
12222032,4,,Múltiples titulares
12222033,8,,Múltiples titulares
12222034,4,,Múltiples titulares
12222035,3,,Múltiples titulares
12222036,2,,Múltiples titulares
12222037,2,,Múltiples titulares
12222038,3,,Múltiples titulares
12222039,2,,Múltiples titulares
12222040,3,,Múltiples titulares
12222041,2,,Múltiples titulares
12222042,2,,Múltiples titulares
12222043,2,,Múltiples titulares
12222044,7,,Múltiples titulares
12222045,8,,Múltiples titulares
12222046,3,,Múltiples titulares
12222047,5,,Múltiples titulares
12222049,2,,Múltiples titulares
12222050,3,,Múltiples titulares
12222051,3,,Múltiples titulares
12222052,7,,Múltiples titulares
12222053,3,,Múltiples titulares
12222054,4,,Múltiples titulares
12222055,4,,Múltiples titulares
12222056,1,11212020,Titular único
12222057,3,,Múltiples titulares
12222058,2,,Múltiples titulares
12222059,1,807267,Titular único
12222060,6,,Múltiples titulares
12222061,2,,Múltiples titulares
12222063,2,,Múltiples titulares
12222065,1,10154505,Titular único
12222066,7,,Múltiples titulares
12222067,3,,Múltiples titulares
12222068,1,807736,Titular único
12222069,4,,Múltiples titulares
12222070,1,112337,Titular único
12222071,1,10305495,Titular único
12222072,3,,Múltiples titulares
12222073,1,841044,Titular único
12222074,6,,Múltiples titulares
12222075,2,,Múltiples titulares
12222076,2,,Múltiples titulares
12222077,1,10758743,Titular único
12222078,3,,Múltiples titulares
12222079,2,,Múltiples titulares
12222080,3,,Múltiples titulares
12222081,4,,Múltiples titulares
12222082,1,10238920,Titular único
12222083,5,,Múltiples titulares
12222084,1,10324023,Titular único
12222085,3,,Múltiples titulares
12222086,3,,Múltiples titulares
12222087,2,,Múltiples titulares
12222089,2,,Múltiples titulares
12222090,1,808825,Titular único
12222091,2,,Múltiples titulares
12222092,1,384734,Titular único
12222093,2,,Múltiples titulares
12222094,3,,Múltiples titulares
12222095,1,10184589,Titular único
12222096,2,,Múltiples titulares
12222097,1,10223553,Titular único
12222098,1,10124578,Titular único
12222099,2,,Múltiples titulares
12222100,2,,Múltiples titulares
12222102,2,,Múltiples titulares
12222103,3,,Múltiples titulares
12222105,2,,Múltiples titulares
12222106,3,,Múltiples titulares
12222107,2,,Múltiples titulares
12222109,3,,Múltiples titulares
12222110,1,800088,Titular único
12222116,1,10571843,Titular único
12222117,2,,Múltiples titulares
12222118,2,,Múltiples titulares
12222119,1,398102,Titular único
12222120,1,851638,Titular único
12222224,1,10711654,Titular único
12222532,1,882372,Titular único
12223033,1,282159,Titular único
12223036,1,10957945,Titular único
12225217,1,404453,Titular único
12303380,2,,Múltiples titulares
12303381,1,11218846,Titular único
12303387,1,11218279,Titular único
12318381,1,734345,Titular único
12318382,1,10077672,Titular único
12318384,1,10054573,Titular único
12327889,1,11129575,Titular único
12327895,1,11306203,Titular único
12327899,1,141394,Titular único
12327909,1,944881,Titular único
12327945,1,944322,Titular único
12327958,1,944101,Titular único
12330391,1,10142489,Titular único
12330392,1,10207697,Titular único
12330393,1,109657,Titular único
12334882,2,,Múltiples titulares
12334885,1,10306327,Titular único
12334886,1,12335104,Titular único
12334891,1,10184777,Titular único
12334898,1,527959,Titular único
12334901,1,10154092,Titular único
12334910,1,520706,Titular único
12334913,1,10239274,Titular único
12334927,1,10124242,Titular único
12334938,1,10160128,Titular único
12334945,1,10324362,Titular único
12335000,1,524495,Titular único
12335012,1,10697300,Titular único
12336880,1,207057,Titular único
12336893,1,10141933,Titular único
12336896,1,10141973,Titular único
12338880,1,10024924,Titular único
12338881,2,,Múltiples titulares
12338886,1,10012695,Titular único
12338889,1,10073032,Titular único
12338890,1,10190389,Titular único
12338894,1,10190342,Titular único
12338895,1,12339122,Titular único
12338896,1,10190195,Titular único
12338902,1,10153959,Titular único
12338903,1,10190675,Titular único
12338911,1,808203,Titular único
12338918,1,10517416,Titular único
12338926,1,655573,Titular único
12338937,2,,Múltiples titulares
12338947,2,,Múltiples titulares
12338950,1,10154122,Titular único
12338962,1,10223670,Titular único
12339098,1,10073139,Titular único
12339107,1,11262564,Titular único
12339136,2,,Múltiples titulares
12346397,1,10306648,Titular único
12383401,1,10531223,Titular único
12400977,1,527740,Titular único
12413289,1,10305534,Titular único
12426885,1,11261264,Titular único
12601131,1,134637,Titular único
14171611,1,508857,Titular único
14935715,1,248114,Titular único
18345703,1,194973,Titular único
19148823,1,720148,Titular único
19518929,1,10498294,Titular único
20010330,1,303138,Titular único
20031216,1,526461,Titular único
20152987,1,529877,Titular único
20199616,1,10337584,Titular único
20252751,1,528673,Titular único
20318342,1,521515,Titular único
23499993,1,167972,Titular único
25012013,1,85397,Titular único
26250781,1,796712,Titular único
27304255,1,794350,Titular único
37047285,1,787583,Titular único
40395138,1,403951,Titular único
41286168,1,797789,Titular único
45476430,1,523327,Titular único
52438280,1,524382,Titular único
56420960,1,56420,Titular único
60243054,1,10473760,Titular único
71533179,1,794562,Titular único
89902220,1,436271,Titular único
90043012,1,520352,Titular único
90120750,1,193315,Titular único
90121046,1,791462,Titular único
90121560,1,525617,Titular único
90121854,1,518893,Titular único
90121952,1,204716,Titular único
90121957,1,794948,Titular único
90122074,1,634679,Titular único
90122352,1,519772,Titular único
90122861,1,207049,Titular único
90122870,1,803721,Titular único
90123155,1,932886,Titular único
91010703,1,463554,Titular único
91010954,1,192781,Titular único
91011107,1,518999,Titular único
91011606,1,191828,Titular único
91012009,2,,Múltiples titulares
91012307,1,83157,Titular único
91012705,1,516715,Titular único
91020407,1,515665,Titular único
91020602,1,87142,Titular único
91020710,1,35855,Titular único
91020904,1,59649,Titular único
91022604,1,520484,Titular único
91022703,1,59630,Titular único
91022806,1,354629,Titular único
91030402,1,240596,Titular único
91030508,1,791183,Titular único
91030803,1,208971,Titular único
91031306,1,518766,Titular único
91031851,1,794845,Titular único
91032004,1,518571,Titular único
91032151,1,193966,Titular único
91032204,1,521150,Titular único
91032407,1,194125,Titular único
91040624,1,327036,Titular único
91041003,1,32547,Titular único
91041506,1,912164,Titular único
91041708,1,417204,Titular único
91042009,1,192752,Titular único
91042322,1,804107,Titular único
91042508,1,166975,Titular único
91042705,1,516343,Titular único
91042706,1,416510,Titular único
91050356,1,418961,Titular único
91050611,1,142234,Titular único
91051203,1,42768,Titular único
91051418,1,131722,Titular único
91051707,1,518177,Titular único
91051903,1,793965,Titular único
91052202,1,518346,Titular único
91052203,1,518232,Titular único
91052573,1,396146,Titular único
91052603,1,30565,Titular único
91053164,1,194138,Titular único
91060503,1,194705,Titular único
91060508,1,194485,Titular único
91060657,1,520235,Titular único
91061253,1,521142,Titular único
91061260,1,58304,Titular único
91061526,1,794247,Titular único
91062203,1,354617,Titular único
91062403,1,517809,Titular único
91062606,1,519696,Titular único
91070104,1,400166,Titular único
91070208,1,23577,Titular único
91070311,1,102399,Titular único
91070319,1,30243,Titular único
91070854,1,518714,Titular único
91071503,1,517753,Titular único
91071525,1,56076,Titular único
91071900,1,518316,Titular único
91072601,1,250805,Titular único
91072907,1,518284,Titular único
91080506,1,75473,Titular único
91080807,1,379189,Titular único
91081356,1,354670,Titular único
91081855,1,113133,Titular único
91081866,1,523280,Titular único
91082355,1,795797,Titular único
91082575,1,163558,Titular único
91082709,1,519843,Titular único
91083155,1,30165,Titular único
91090156,1,515978,Titular único
91090305,1,793579,Titular único
91090307,1,42110,Titular único
91090319,1,288648,Titular único
91090401,1,206323,Titular único
91090405,1,796086,Titular único
91090609,1,42381,Titular único
91090704,1,797851,Titular único
91090851,1,793852,Titular único
91090902,1,791482,Titular único
91090903,1,526940,Titular único
91091351,1,517986,Titular único
91091900,1,194911,Titular único
91092459,1,10093,Titular único
91092701,1,520723,Titular único
91092711,1,931252,Titular único
91092953,1,193815,Titular único
91100306,1,194098,Titular único
91100555,1,794090,Titular único
91101006,1,910689,Titular único
91101105,1,516979,Titular único
91101302,1,207432,Titular único
91101401,1,9448,Titular único
91101704,1,142390,Titular único
91101818,1,400322,Titular único
91101827,1,49200,Titular único
91102154,2,,Múltiples titulares
91102356,1,516641,Titular único
91102903,1,396136,Titular único
91110210,1,143192,Titular único
91110404,1,125595,Titular único
91110904,1,193828,Titular único
91111305,1,795155,Titular único
91111804,1,162169,Titular único
91112100,1,417341,Titular único
91112106,1,526175,Titular único
91112276,1,86973,Titular único
91112927,1,42551,Titular único
91113004,1,516599,Titular único
91120253,1,397565,Titular único
91120265,1,657888,Titular único
91120652,1,102359,Titular único
91122050,1,113429,Titular único
91122202,1,396938,Titular único
91122404,1,791451,Titular único
91260403,1,138385,Titular único
91435729,1,791438,Titular único
91710286,1,102867,Titular único
91800691,1,29639,Titular único
92010256,1,194306,Titular único
92010257,1,31621,Titular único
92010359,1,518893,Titular único
92010725,1,854366,Titular único
92010857,1,194358,Titular único
92011008,1,395368,Titular único
92011408,1,517952,Titular único
92011608,1,516679,Titular único
92011858,1,396824,Titular único
92012428,1,771527,Titular único
92012556,1,520707,Titular único
92012557,1,207930,Titular único
92012813,1,172920,Titular único
92013057,1,193834,Titular único
92020356,1,193749,Titular único
92020556,1,397874,Titular único
92020559,2,,Múltiples titulares
92020561,1,517198,Titular único
92020706,1,395471,Titular único
92020950,1,466639,Titular único
92020958,1,194193,Titular único
92021058,1,804376,Titular único
92021877,1,39469,Titular único
92022150,1,795361,Titular único
92022174,1,912320,Titular único
92022506,1,31828,Titular único
92022800,1,519031,Titular único
92022959,1,793044,Titular único
92030305,1,633142,Titular único
92030468,1,302903,Titular único
92030854,1,102626,Titular único
92031007,1,520644,Titular único
92031011,1,167026,Titular único
92031504,1,798579,Titular único
92031664,1,59910,Titular único
92031756,1,551508,Titular único
92031806,1,204436,Titular único
92032058,1,396973,Titular único
92032261,1,521923,Titular único
92032450,1,794810,Titular único
92040258,1,206770,Titular único
92040307,1,793298,Titular único
92040408,1,519438,Titular único
92040550,1,193952,Titular único
92040574,1,193476,Titular único
92040856,1,396852,Titular único
92041056,1,355072,Titular único
92041857,1,112528,Titular único
92042050,1,193962,Titular único
92042317,1,40908,Titular único
92042455,1,32259,Titular único
92042606,1,794825,Titular único
92042774,1,517084,Titular único
92042850,1,791008,Titular único
92042953,1,400266,Titular único
92050271,1,397529,Titular único
92050558,1,794802,Titular único
92051327,1,793597,Titular único
92051579,1,314714,Titular único
92052855,1,520148,Titular único
92053151,1,515565,Titular único
92060259,1,435527,Titular único
92060561,1,786978,Titular único
92060650,1,32510,Titular único
92060709,1,792775,Titular único
92060800,1,193587,Titular único
92061605,1,793716,Titular único
92061755,1,795208,Titular único
92061855,1,520885,Titular único
92061875,1,797156,Titular único
92062060,1,790481,Titular único
92062155,1,361596,Titular único
92062455,1,454502,Titular único
92062954,1,792016,Titular único
92062971,1,803614,Titular único
92070150,1,515878,Titular único
92071056,1,395672,Titular único
92071253,1,794614,Titular único
92071254,1,793507,Titular único
92071301,1,416918,Titular único
92071491,1,218966,Titular único
92071954,1,519176,Titular único
92071979,1,283874,Titular único
92072253,1,516047,Titular único
92072254,1,793875,Titular único
92072260,1,142437,Titular único
92072352,1,790476,Titular único
92072751,1,30779,Titular único
92080128,1,30631,Titular único
92080959,1,395634,Titular único
92081152,1,517890,Titular único
92081259,1,396196,Titular único
92081851,1,792945,Titular único
92082151,2,,Múltiples titulares
92082851,1,193826,Titular único
92090461,1,803525,Titular único
92091050,1,29905,Titular único
92091054,1,311513,Titular único
92091150,1,804078,Titular único
92091452,1,517770,Titular único
92091677,1,59679,Titular único
92091728,1,516259,Titular único
92092254,1,353346,Titular único
92092261,1,42374,Titular único
92092419,1,633368,Titular único
92092516,1,520483,Titular único
92092860,1,58631,Titular único
92092879,1,802791,Titular único
92093052,2,,Múltiples titulares
92100350,1,791499,Titular único
92100655,1,193591,Titular único
92101054,1,60338,Titular único
92101458,1,354678,Titular único
92101875,1,242122,Titular único
92101950,1,194107,Titular único
92101954,1,521779,Titular único
92102019,1,155063,Titular único
92102228,1,31315,Titular único
92102601,1,515927,Titular único
92102901,1,794303,Titular único
92103057,1,804131,Titular único
92103074,1,87270,Titular único
92110653,1,793091,Titular único
92110904,2,,Múltiples titulares
92111011,1,792067,Titular único
92111100,1,521640,Titular único
92111453,1,162798,Titular único
92111600,1,701213,Titular único
92111752,1,792566,Titular único
92111753,1,194436,Titular único
92111957,1,206717,Titular único
92112105,1,403944,Titular único
92120355,1,792485,Titular único
92120755,1,791045,Titular único
92120804,1,373157,Titular único
92120826,1,92831,Titular único
92121275,1,83961,Titular único
92121559,1,798566,Titular único
92121751,1,517875,Titular único
92121752,1,791085,Titular único
92121804,1,206861,Titular único
92121952,1,634588,Titular único
92122100,1,55631,Titular único
92122102,1,517251,Titular único
92122225,1,798727,Titular único
92122805,1,236076,Titular único
92170917,1,67167,Titular único
93010100,1,796677,Titular único
93010206,1,515945,Titular único
93010301,1,303163,Titular único
93010407,1,193975,Titular único
93010708,1,397162,Titular único
93010805,2,,Múltiples titulares
93011614,1,521246,Titular único
93011911,1,111887,Titular único
93011920,1,520468,Titular único
93012107,1,523572,Titular único
93012200,1,48329,Titular único
93012214,1,669029,Titular único
93012302,1,830902,Titular único
93012764,1,930839,Titular único
93012903,1,793677,Titular único
93013002,1,113148,Titular único
93020405,1,518952,Titular único
93020552,1,354738,Titular único
93020622,1,41969,Titular único
93021107,1,41649,Titular único
93021406,1,345425,Titular único
93021902,1,121936,Titular único
93022100,1,176504,Titular único
93022305,1,193019,Titular único
93022607,1,518163,Titular único
93022805,1,974704,Titular único
93030307,1,632902,Titular único
93030421,1,42286,Titular único
93030605,1,911037,Titular único
93031006,1,654984,Titular único
93031205,1,194030,Titular único
93031306,1,794983,Titular único
93031308,1,794216,Titular único
93031607,1,397782,Titular único
93031912,1,396908,Titular único
93032102,1,140953,Titular único
93032206,1,792899,Titular único
93032308,1,793019,Titular único
93032330,1,163680,Titular único
93032409,1,213986,Titular único
93032606,1,803683,Titular único
93033011,1,517997,Titular único
93033119,1,424034,Titular único
93040211,1,415782,Titular único
93040219,1,518775,Titular único
93040307,2,,Múltiples titulares
93040310,1,73128,Titular único
93040606,1,193597,Titular único
93040607,1,796497,Titular único
93040631,1,657892,Titular único
93040704,1,792623,Titular único
93040828,1,30697,Titular único
93040902,1,30056,Titular único
93040927,1,521977,Titular único
93041114,1,397950,Titular único
93041205,1,519310,Titular único
93041221,1,793644,Titular único
93041904,1,354986,Titular único
93042005,1,101641,Titular único
93042954,1,932888,Titular único
93050100,1,159063,Titular único
93050104,1,194596,Titular único
93050203,1,192857,Titular único
93050301,1,791640,Titular único
93050360,1,400402,Titular único
93050504,3,,Múltiples titulares
93051223,1,56681,Titular único
93051530,1,193207,Titular único
93051615,1,93505,Titular único
93051810,1,361817,Titular único
93051915,1,59708,Titular único
93052109,1,29538,Titular único
93052308,1,518736,Titular único
93052407,1,516719,Titular único
93052408,1,519789,Titular único
93052510,2,,Múltiples titulares
93052608,1,521546,Titular único
93052622,1,49005,Titular único
93052709,1,517284,Titular único
93053006,1,46617,Titular único
93060109,1,517373,Titular único
93060318,1,523124,Titular único
93060408,1,194043,Titular único
93060510,1,791463,Titular único
93060720,1,122734,Titular único
93060806,1,517998,Titular único
93060907,1,793024,Titular único
93060908,1,518119,Titular único
93061010,1,518281,Titular único
93061206,1,29762,Titular único
93061405,1,793084,Titular único
93061428,1,281156,Titular único
93061508,1,792865,Titular único
93061509,1,194686,Titular único
93061709,1,931168,Titular único
93061815,1,289469,Titular único
93062112,1,519651,Titular único
93062727,1,793305,Titular único
93070205,1,194375,Titular único
93070207,1,516595,Titular único
93070407,1,354634,Titular único
93070413,1,792496,Titular único
93070506,1,29937,Titular único
93070522,1,787169,Titular único
93070526,1,792727,Titular único
93070706,1,96543,Titular único
93070716,1,797668,Titular único
93070807,1,799225,Titular único
93071104,1,353765,Titular único
93071304,1,518387,Titular único
93071600,1,517042,Titular único
93072200,1,791227,Titular único
93072404,1,194964,Titular único
93072427,1,716144,Titular único
93072505,1,113019,Titular único
93072704,1,286869,Titular único
93072809,1,796771,Titular único
93073105,1,42933,Titular único
93080107,1,793045,Titular único
93080200,1,397190,Titular único
93080206,1,791522,Titular único
93080305,1,515540,Titular único
93080405,1,517736,Titular único
93080707,1,518271,Titular único
93080804,1,793579,Titular único
93081305,1,355136,Titular único
93081506,1,193463,Titular único
93081606,1,59354,Titular único
93082107,2,,Múltiples titulares
93082206,1,396709,Titular único
93082208,1,288389,Titular único
93082300,1,83157,Titular único
93082313,1,116850,Titular único
93082807,1,354096,Titular único
93083112,1,318930,Titular único
93083126,1,3624,Titular único
93090112,1,912320,Titular único
93090305,1,396854,Titular único
93090306,1,517727,Titular único
93090806,1,417556,Titular único
93091007,1,795822,Titular único
93091107,1,67680,Titular único
93091111,1,716525,Titular único
93091504,1,793812,Titular único
93091704,1,790491,Titular único
93091927,1,881740,Titular único
93092008,1,42552,Titular único
93092105,1,193586,Titular único
93092412,1,418935,Titular único
93092502,1,516687,Titular único
93092505,1,233504,Titular único
93092604,1,193738,Titular único
93092606,1,31950,Titular único
93092904,1,519488,Titular único
93100203,1,29911,Titular único
93100306,1,519571,Titular único
93100400,1,150464,Titular único
93100506,1,792342,Titular único
93100604,1,166551,Titular único
93100705,1,519026,Titular único
93100804,1,793088,Titular único
93101306,1,517900,Titular único
93101403,1,397873,Titular único
93101528,1,521600,Titular único
93101612,1,793650,Titular único
93101703,1,521845,Titular único
93101806,1,354900,Titular único
93101807,1,517389,Titular único
93102129,1,332209,Titular único
93102306,1,517863,Titular único
93102806,1,517480,Titular único
93102915,1,113414,Titular único
93103007,1,133640,Titular único
93110105,1,913613,Titular único
93111103,1,521088,Titular único
93111117,1,435527,Titular único
93111202,1,933448,Titular único
93111312,1,211025,Titular único
93111703,1,194489,Titular único
93111704,1,794088,Titular único
93111712,1,33478,Titular único
93111805,1,770274,Titular único
93111831,1,521884,Titular único
93112203,1,354992,Titular único
93112213,1,40834,Titular único
93112404,1,721620,Titular único
93112915,1,794132,Titular único
93113002,1,194339,Titular único
93113030,1,519914,Titular único
93120118,1,40653,Titular único
93120202,1,192965,Titular único
93120302,1,802600,Titular único
93120502,1,518496,Titular único
93120710,1,194720,Titular único
93121531,1,792341,Titular único
93121701,1,516741,Titular único
93121726,1,35855,Titular único
93122106,1,288671,Titular único
93122804,1,166975,Titular único
93123003,1,519241,Titular único
94010103,1,156074,Titular único
94010129,1,58371,Titular único
94010201,1,793721,Titular único
94010302,1,523280,Titular único
94010305,1,520183,Titular único
94010604,1,194318,Titular único
94010612,1,113889,Titular único
94010701,1,791644,Titular único
94010702,1,466639,Titular único
94010704,1,517479,Titular único
94010801,1,657869,Titular único
94011003,1,397913,Titular único
94011102,1,206873,Titular único
94011411,1,303221,Titular único
94012103,1,211336,Titular único
94012610,1,419354,Titular único
94012803,1,41395,Titular único
94012811,2,,Múltiples titulares
94012817,1,523417,Titular único
94013002,1,355007,Titular único
94013103,1,794164,Titular único
94013104,1,931315,Titular único
94020102,1,121149,Titular único
94020301,1,194137,Titular único
94020404,1,803111,Titular único
94020501,1,526459,Titular único
94020801,1,792101,Titular único
94021004,1,29560,Titular único
94021202,1,633328,Titular único
94021303,1,519134,Titular único
94021507,1,657602,Titular único
94021601,1,791546,Titular único
94021703,1,519163,Titular único
94022200,1,799234,Titular único
94022701,1,521897,Titular único
94022801,2,,Múltiples titulares
94030111,1,551698,Titular único
94030201,1,794210,Titular único
94030504,1,791351,Titular único
94030701,1,795153,Titular único
94030706,1,635458,Titular único
94030904,1,793067,Titular único
94031001,1,518039,Titular único
94031102,1,518328,Titular único
94031403,1,30046,Titular único
94031703,1,396946,Titular único
94031906,1,286482,Titular único
94032027,1,851621,Titular único
94032203,1,170834,Titular único
94032403,1,519949,Titular único
94032410,1,716978,Titular único
94032903,1,795065,Titular único
94032904,1,525351,Titular único
94032907,1,435614,Titular único
94033002,1,326623,Titular único
94033100,1,519900,Titular único
94033102,1,397913,Titular único
94040203,1,518964,Titular único
94040204,1,72494,Titular único
94040400,1,792569,Titular único
94040501,1,791093,Titular único
94040602,1,194826,Titular único
94040609,1,154330,Titular único
94040904,1,520145,Titular único
94041102,1,520948,Titular único
94041116,1,224575,Titular único
94041301,1,4564,Titular único
94041401,1,794733,Titular único
94041406,1,934707,Titular único
94041603,1,516702,Titular único
94041802,1,284288,Titular único
94041913,1,526355,Titular único
94042000,1,193196,Titular único
94042001,1,194700,Titular único
94042402,1,194887,Titular único
94042409,1,792810,Titular único
94050100,1,111874,Titular único
94050102,1,791363,Titular único
94050406,2,,Múltiples titulares
94050514,1,208285,Titular único
94050602,1,193364,Titular único
94050603,1,395252,Titular único
94050610,1,395698,Titular único
94050700,1,176438,Titular único
94050801,1,832207,Titular único
94051419,1,138315,Titular único
94051502,1,912320,Titular único
94051604,1,802628,Titular único
94051703,1,285617,Titular único
94051822,1,355301,Titular único
94052014,1,354757,Titular único
94052300,1,521562,Titular único
94052401,1,397030,Titular único
94052801,1,192322,Titular único
94052803,1,792761,Titular único
94052865,1,59708,Titular único
94060102,1,194351,Titular único
94060300,1,791470,Titular único
94060301,1,245770,Titular único
94060302,1,517349,Titular único
94060310,1,786920,Titular único
94060602,1,516083,Titular único
94060702,1,139563,Titular único
94060801,2,,Múltiples titulares
94060904,1,792921,Titular único
94061015,1,325269,Titular único
94061301,1,792678,Titular único
94061326,1,796062,Titular único
94061403,1,10305443,Titular único
94061617,1,203697,Titular único
94061701,2,,Múltiples titulares
94061904,1,319549,Titular único
94061905,1,59910,Titular único
94062012,1,397474,Titular único
94062201,1,192640,Titular único
94062301,1,192003,Titular único
94062429,1,235326,Titular único
94062502,1,701610,Titular único
94062702,1,194702,Titular único
94062826,1,396387,Titular único
94062903,1,305171,Titular único
94070304,1,58661,Titular único
94070501,2,,Múltiples titulares
94070702,1,517689,Titular único
94070802,1,194974,Titular único
94070909,1,519805,Titular único
94070913,1,303331,Titular único
94071102,1,395580,Titular único
94071108,1,716087,Titular único
94071202,1,790410,Titular único
94071203,1,208591,Titular único
94071604,1,518362,Titular único
94071803,1,518454,Titular único
94071806,1,139243,Titular único
94072003,1,518637,Titular único
94072101,2,,Múltiples titulares
94072102,1,397519,Titular único
94072201,2,,Múltiples titulares
94072202,1,791052,Titular único
94072314,1,35687,Titular único
94072326,1,804014,Titular único
94072403,1,395355,Titular único
94072416,1,522798,Titular único
94072503,1,126868,Titular único
94072702,1,193506,Titular único
94072902,1,518346,Titular único
94073103,1,138368,Titular único
94080215,1,58864,Titular único
94080302,1,790438,Titular único
94080712,1,31514,Titular único
94080902,1,59354,Titular único
94080928,1,792867,Titular único
94081004,1,519340,Titular único
94081106,2,,Múltiples titulares
94081128,1,517846,Titular único
94081300,1,518029,Titular único
94081316,1,830563,Titular único
94081600,1,194483,Titular único
94081602,1,797803,Titular único
94081804,1,793316,Titular único
94081901,1,400315,Titular único
94081912,1,524316,Titular único
94082001,1,794244,Titular único
94082303,1,519157,Titular único
94082501,1,793091,Titular único
94082701,1,793865,Titular único
94082702,1,397570,Titular único
94082703,1,517325,Titular único
94082805,1,166547,Titular único
94082900,1,516042,Titular único
94083011,1,797812,Titular único
94083110,1,551716,Titular único
94083114,1,804365,Titular único
94090527,1,157023,Titular único
94090602,1,417982,Titular único
94091000,1,193029,Titular único
94091003,1,520146,Titular único
94091303,1,795631,Titular único
94091402,1,206783,Titular único
94091504,1,245794,Titular único
94091602,1,349785,Titular único
94091903,1,30796,Titular único
94091909,1,397473,Titular único
94092001,2,,Múltiples titulares
94092502,1,794703,Titular único
94092628,1,130571,Titular único
94092707,1,701197,Titular único
94092802,1,791553,Titular único
94093003,1,203699,Titular único
94100104,1,794213,Titular único
94100203,1,794093,Titular único
94100417,1,241568,Titular único
94100418,1,42517,Titular único
94100501,2,,Múltiples titulares
94100706,1,143205,Titular único
94100802,1,804070,Titular único
94100902,1,194962,Titular único
94100912,1,522034,Titular único
94101000,1,194603,Titular único
94101113,1,409766,Titular único
94101201,1,520997,Titular único
94101303,1,517498,Titular único
94101401,2,,Múltiples titulares
94101603,1,212409,Titular único
94101800,1,523110,Titular único
94101802,2,,Múltiples titulares
94101803,1,794437,Titular único
94101829,1,289469,Titular único
94101902,1,194522,Titular único
94101903,1,314207,Titular único
94101911,1,87009,Titular único
94102101,1,519599,Titular único
94102110,1,302903,Titular único
94102400,1,518788,Titular único
94102616,1,516803,Titular único
94102803,2,,Múltiples titulares
94103102,1,517038,Titular único
94110315,1,524521,Titular único
94110600,1,517484,Titular único
94110601,1,193920,Titular único
94110707,1,1795,Titular único
94111015,1,796376,Titular único
94111104,1,750014,Titular único
94111404,1,62181,Titular único
94111603,1,523368,Titular único
94111610,1,379171,Titular único
94111619,1,523238,Titular único
94111702,2,,Múltiples titulares
94112001,1,796218,Titular único
94112314,1,794528,Titular único
94112402,1,794825,Titular único
94112609,1,396957,Titular único
94112701,1,517680,Titular único
94112717,1,804722,Titular único
94112801,1,516385,Titular único
94112802,1,519348,Titular único
94112807,1,211135,Titular único
94112901,1,95282,Titular único
94120102,2,,Múltiples titulares
94120408,1,516534,Titular único
94120502,1,396893,Titular único
94120509,1,792628,Titular único
94120608,1,792637,Titular único
94120700,1,64698,Titular único
94120709,1,794544,Titular único
94120908,1,29636,Titular único
94120917,1,797656,Titular único
94120929,1,395433,Titular único
94121322,1,635169,Titular único
94121506,1,793794,Titular único
94121619,1,98909,Titular único
94121701,1,792309,Titular único
94121807,1,140953,Titular único
94121826,1,795155,Titular único
94122009,1,77930,Titular único
94122205,1,113432,Titular único
94122218,1,750361,Titular único
94122306,1,193462,Titular único
94122405,1,518473,Titular único
94122505,1,794288,Titular único
94122506,1,517079,Titular único
94122806,1,791523,Titular único
95010303,1,355270,Titular único
95010504,1,421186,Titular único
95010605,2,,Múltiples titulares
95011005,1,520402,Titular único
95011105,1,193468,Titular único
95011301,1,396848,Titular único
95011503,1,519371,Titular único
95011605,1,793122,Titular único
95011905,1,517801,Titular único
95012105,2,,Múltiples titulares
95012305,1,519647,Titular único
95012404,1,31871,Titular único
95012604,1,520234,Titular único
95012705,1,518304,Titular único
95012804,1,194820,Titular único
95012805,1,42378,Titular único
95012903,1,396542,Titular único
95012907,1,668227,Titular único
95013003,2,,Múltiples titulares
95013103,1,519792,Titular único
95020304,1,522031,Titular único
95020605,1,194686,Titular único
95020904,1,516799,Titular único
95021006,1,792850,Titular único
95021103,1,518983,Titular único
95021203,1,796506,Titular único
95021404,1,194746,Titular único
95021604,1,525582,Titular único
95021605,1,525625,Titular único
95021903,1,932923,Titular único
95021923,1,932923,Titular único
95022003,1,323216,Titular único
95022005,1,397398,Titular único
95022104,1,143177,Titular único
95022203,1,793861,Titular único
95022526,1,793467,Titular único
95030104,1,793775,Titular único
95030303,1,396901,Titular único
95030405,1,194929,Titular único
95030600,1,803664,Titular único
95030703,1,517630,Titular único
95030806,1,793535,Titular único
95030903,1,403772,Titular único
95031300,1,515810,Titular único
95031604,1,331564,Titular único
95031705,1,518111,Titular único
95031707,2,,Múltiples titulares
95031803,1,933679,Titular único
95032206,2,,Múltiples titulares
95032207,1,355262,Titular único
95032404,1,517474,Titular único
95032516,1,750648,Titular único
95032526,1,795954,Titular único
95032604,1,518988,Titular único
95032816,1,791582,Titular único
95032911,1,210249,Titular único
95033005,2,,Múltiples titulares
95033105,1,206992,Titular único
95033117,1,264509,Titular único
95040106,2,,Múltiples titulares
95040306,1,519367,Titular único
95040308,1,803931,Titular único
95040504,1,516702,Titular único
95040604,1,396619,Titular único
95040627,1,633350,Titular único
95041005,2,,Múltiples titulares
95041106,1,519728,Titular único
95041504,1,792410,Titular único
95041516,1,796575,Titular único
95041606,1,207742,Titular único
95041912,1,551525,Titular único
95042005,1,632902,Titular único
95042104,1,792698,Titular único
95042304,1,792334,Titular único
95042407,1,790546,Titular único
95042506,1,193201,Titular único
95042600,1,210617,Titular único
95042905,1,192004,Titular único
95050106,1,803547,Titular único
95050124,1,194133,Titular único
95050127,1,96547,Titular único
95050307,1,209950,Titular único
95050412,1,59914,Titular único
95050703,1,396919,Titular único
95050704,1,518724,Titular único
95050705,1,520710,Titular único
95050816,1,657025,Titular único
95050900,1,520710,Titular único
95050905,2,,Múltiples titulares
95051003,2,,Múltiples titulares
95051106,1,174145,Titular único
95051204,1,194590,Titular único
95051206,1,519464,Titular único
95051406,1,519441,Titular único
95051605,2,,Múltiples titulares
95051606,1,194928,Titular único
95051607,1,796405,Titular único
95051709,1,162224,Titular único
95051905,1,59639,Titular único
95051906,1,521961,Titular único
95052006,1,30934,Titular único
95052105,1,183916,Titular único
95052205,1,327364,Titular único
95052405,1,804190,Titular único
95052504,2,,Múltiples titulares
95052904,1,795184,Titular único
95053005,1,193841,Titular único
95053006,1,793410,Titular único
95053007,1,791578,Titular único
95053027,1,191842,Titular único
95053028,1,790553,Titular único
95053125,1,93060,Titular único
95060205,1,910689,Titular único
95060304,1,395467,Titular único
95060404,1,517306,Titular único
95060606,1,139522,Titular único
95060905,1,515890,Titular único
95061006,1,48995,Titular único
95061055,1,795648,Titular único
95061304,1,793028,Titular único
95061506,2,,Múltiples titulares
95061514,1,59701,Titular único
95061627,1,102822,Titular único
95061721,1,796397,Titular único
95062004,1,793032,Titular único
95062006,1,793085,Titular único
95062105,1,520349,Titular único
95062106,2,,Múltiples titulares
95062305,1,517117,Titular único
95062405,1,361841,Titular único
95062504,1,416990,Titular único
95062524,1,519636,Titular único
95062727,1,396839,Titular único
95062827,1,259906,Titular único
95063026,1,803681,Titular único
95070206,1,113487,Titular único
95070305,1,396521,Titular único
95070406,2,,Múltiples titulares
95070418,1,633334,Titular único
95070507,2,,Múltiples titulares
95070818,1,248511,Titular único
95070905,1,519879,Titular único
95071003,2,,Múltiples titulares
95071100,2,,Múltiples titulares
95071304,1,193848,Titular único
95071404,2,,Múltiples titulares
95071506,1,519829,Titular único
95071512,1,403888,Titular único
95071606,1,1772,Titular único
95071705,1,435614,Titular único
95071707,1,355301,Titular único
95071708,1,731139,Titular único
95071800,1,518048,Titular único
95071805,1,925048,Titular único
95071905,1,523322,Titular único
95072004,1,792335,Titular único
95072201,1,396888,Titular único
95072204,1,518648,Titular único
95072205,1,796150,Titular único
95072305,1,416597,Titular único
95072405,2,,Múltiples titulares
95072504,1,797189,Titular único
95072506,1,194524,Titular único
95072611,2,,Múltiples titulares
95072707,1,166573,Titular único
95072727,1,166573,Titular único
95073004,1,142432,Titular único
95073124,1,524818,Titular único
95080219,1,912211,Titular único
95080305,1,793070,Titular único
95080405,1,795627,Titular único
95080504,1,400315,Titular único
95080505,1,191650,Titular único
95080805,1,519554,Titular único
95081309,1,67696,Titular único
95081405,1,793091,Titular único
95081505,1,396957,Titular único
95081506,1,523752,Titular único
95081712,1,113201,Titular único
95082005,1,792648,Titular único
95082305,1,793312,Titular único
95082511,1,805640,Titular único
95082604,1,430398,Titular único
95082804,1,102399,Titular único
95082824,1,315263,Titular único
95082905,1,72494,Titular único
95083103,1,516979,Titular único
95083108,1,86357,Titular único
95090204,1,516190,Titular único
95090205,1,657287,Titular único
95090403,1,521051,Titular único
95090410,1,802774,Titular único
95090501,1,354925,Titular único
95090609,1,139565,Titular único
95090705,2,,Múltiples titulares
95090807,2,,Múltiples titulares
95090821,1,421300,Titular único
95090873,1,794833,Titular único
95090904,1,795816,Titular único
95091004,1,528707,Titular único
95091404,1,522662,Titular único
95091406,1,791528,Titular único
95091605,1,59357,Titular único
95091606,1,397862,Titular único
95091620,1,913234,Titular único
95091705,1,518570,Titular único
95091706,1,802766,Titular único
95091906,1,804403,Titular único
95092005,1,517263,Titular único
95092105,1,522735,Titular único
95092205,1,793478,Titular único
95092306,1,517668,Titular único
95092509,1,166316,Titular único
95092533,2,,Múltiples titulares
95092600,1,58309,Titular único
95092705,1,100827,Titular único
95092808,1,397923,Titular único
95093005,1,791219,Titular único
95093006,1,792864,Titular único
95093007,1,400413,Titular único
95100105,1,397009,Titular único
95100206,1,210608,Titular único
95100405,1,395491,Titular único
95100429,1,520073,Titular único
95100510,1,397168,Titular único
95100528,1,799848,Titular único
95100606,1,793626,Titular único
95100609,1,73043,Titular único
95100704,1,241978,Titular único
95100905,1,792009,Titular único
95101031,1,86930,Titular único
95101105,2,,Múltiples titulares
95101108,1,85321,Titular único
95101205,2,,Múltiples titulares
95101209,1,519581,Titular único
95101304,1,191849,Titular único
95101507,1,522237,Titular único
95101508,1,525811,Titular único
95101704,1,519558,Titular único
95101727,1,519558,Titular único
95101909,1,522693,Titular único
95102009,1,417251,Titular único
95102010,1,793447,Titular único
95102106,1,192941,Titular único
95102205,1,792425,Titular único
95102606,1,175471,Titular único
95102608,1,129121,Titular único
95102809,1,516883,Titular único
95102907,1,793339,Titular único
95103107,2,,Múltiples titulares
95110108,2,,Múltiples titulares
95110109,1,517251,Titular único
95110207,1,519746,Titular único
95110208,2,,Múltiples titulares
95110419,1,914421,Titular único
95110502,1,797115,Titular único
95110627,1,221040,Titular único
95110701,1,516861,Titular único
95110807,1,517900,Titular único
95110820,1,516971,Titular único
95111207,1,522122,Titular único
95111510,1,792028,Titular único
95111706,1,194679,Titular único
95111707,1,75295,Titular único
95111805,1,517114,Titular único
95111807,1,632857,Titular único
95111906,1,793581,Titular único
95112001,1,794690,Titular único
95112008,1,519587,Titular único
95112207,1,795649,Titular único
95112208,1,791395,Titular único
95112213,1,429722,Titular único
95112307,1,194512,Titular único
95112406,2,,Múltiples titulares
95112423,1,526360,Titular único
95112502,1,395552,Titular único
95112503,1,161915,Titular único
95112606,3,,Múltiples titulares
95112705,1,102747,Titular único
95112708,1,397742,Titular único
95112806,1,521669,Titular único
95112807,1,525279,Titular único
95120408,1,518314,Titular único
95120503,1,791505,Titular único
95120809,1,793198,Titular único
95121020,1,101348,Titular único
95121200,1,520298,Titular único
95121306,1,657664,Titular único
95121309,1,519062,Titular único
95121328,1,525352,Titular único
95121509,1,203693,Titular único
95121511,1,319162,Titular único
95121600,1,793726,Titular único
95121613,1,352201,Titular único
95121801,1,517101,Titular único
95121915,1,830889,Titular único
95122002,1,795013,Titular único
95122003,1,40637,Titular único
95122006,1,93505,Titular único
95122010,1,792978,Titular único
95122113,1,803747,Titular único
95122200,1,355101,Titular único
95122303,1,430575,Titular único
95122405,1,397602,Titular único
95122410,1,85301,Titular único
95122413,1,209051,Titular único
95122512,1,31425,Titular único
95122523,1,516558,Titular único
95122602,1,794033,Titular único
95122605,1,519005,Titular único
95122702,1,398012,Titular único
95122711,1,225799,Titular único
95122729,1,10265652,Titular único
95123001,1,194650,Titular único
95123002,1,519155,Titular único
95123004,1,796234,Titular único
95123024,1,142716,Titular único
95474032,1,30697,Titular único
96010100,1,520613,Titular único
96010205,2,,Múltiples titulares
96010300,1,518209,Titular único
96010319,1,804135,Titular único
96010400,1,518725,Titular único
96010600,1,122302,Titular único
96010605,1,521578,Titular único
96010625,1,286979,Titular único
96010701,2,,Múltiples titulares
96010803,1,802691,Titular único
96010804,1,519846,Titular único
96011304,1,194436,Titular único
96011502,1,287316,Titular único
96011620,1,390558,Titular único
96011700,1,113051,Titular único
96011800,1,793104,Titular único
96011816,1,298116,Titular único
96011901,1,524752,Titular único
96011909,1,95282,Titular único
96011915,1,162792,Titular único
96012001,1,56684,Titular único
96012101,1,657480,Titular único
96012201,1,354687,Titular único
96012305,1,72183,Titular único
96012401,1,792543,Titular único
96012402,1,240788,Titular único
96012601,1,30959,Titular único
96012703,1,802603,Titular único
96012802,1,881361,Titular único
96012807,1,518399,Titular único
96012901,1,517223,Titular único
96013090,1,803686,Titular único
96020103,1,791889,Titular único
96020201,1,516206,Titular único
96020301,1,42454,Titular único
96020310,1,798027,Titular único
96020401,1,42514,Titular único
96020403,1,717388,Titular único
96020627,1,113806,Titular único
96020804,1,796012,Titular único
96020821,1,932033,Titular único
96021000,1,57116,Titular único
96021403,1,657661,Titular único
96021414,1,93852,Titular único
96021501,1,716949,Titular único
96021502,1,657362,Titular único
96021702,1,515907,Titular único
96021708,1,526244,Titular único
96021801,1,798073,Titular único
96021925,1,121918,Titular único
96022000,1,519531,Titular único
96022011,1,194288,Titular único
96022025,1,731214,Titular único
96022101,1,355103,Titular único
96022103,1,524413,Titular único
96022201,1,3824,Titular único
96022402,1,791125,Titular único
96022700,1,635014,Titular único
96022707,1,523608,Titular único
96022902,1,523545,Titular único
96030100,1,793862,Titular único
96030102,1,454685,Titular único
96030400,1,193367,Titular único
96030502,1,521938,Titular único
96030506,1,794998,Titular único
96030601,1,517069,Titular único
96030800,1,354634,Titular único
96030825,1,184686,Titular único
96030900,1,525810,Titular único
96031409,1,522497,Titular único
96031500,2,,Múltiples titulares
96031601,1,795822,Titular único
96031602,1,798596,Titular único
96031807,1,10229387,Titular único
96032005,1,798375,Titular único
96032020,1,285767,Titular único
96032103,1,521235,Titular único
96032120,1,519787,Titular único
96032200,1,524760,Titular único
96032206,1,526983,Titular único
96032301,2,,Múltiples titulares
96032400,1,523444,Titular único
96032707,1,799413,Titular único
96032710,1,114378,Titular único
96032800,1,60025,Titular único
96032901,1,518448,Titular único
96032906,1,521087,Titular único
96040104,1,159586,Titular único
96040106,1,731244,Titular único
96040120,1,210584,Titular único
96040183,1,354643,Titular único
96040400,2,,Múltiples titulares
96040501,1,58893,Titular único
96040505,1,791235,Titular único
96040611,1,794217,Titular único
96040700,1,524734,Titular único
96040704,1,797950,Titular único
96040705,1,53061,Titular único
96040906,1,797334,Titular único
96040914,1,795600,Titular único
96041016,1,730781,Titular único
96041214,1,397822,Titular único
96041405,1,355121,Titular único
96041415,1,792852,Titular único
96041705,1,519859,Titular único
96041804,1,797346,Titular único
96041814,1,137907,Titular único
96042025,1,802651,Titular único
96042200,1,932890,Titular único
96042204,1,42886,Titular único
96042215,1,466454,Titular único
96042303,1,193969,Titular único
96042501,1,518358,Titular único
96042505,1,787124,Titular único
96042525,1,808966,Titular único
96042600,2,,Múltiples titulares
96042616,1,721366,Titular único
96042705,1,522712,Titular único
96042717,1,912201,Titular único
96042803,1,791475,Titular único
96050121,1,528010,Titular único
96050303,1,792000,Titular único
96050304,1,913603,Titular único
96050603,1,515850,Titular único
96050705,1,795539,Titular único
96050902,1,397659,Titular único
96051005,1,105489,Titular único
96051203,1,133506,Titular único
96051316,1,791244,Titular único
96051405,1,355073,Titular único
96051409,1,211530,Titular único
96051505,1,121149,Titular único
96051506,1,854551,Titular único
96051521,1,516746,Titular único
96051604,1,397617,Titular único
96051605,1,396519,Titular único
96051609,1,55701,Titular único
96051703,1,522250,Titular único
96051709,1,65309,Titular único
96051717,1,194135,Titular único
96051719,1,203699,Titular único
96051804,2,,Múltiples titulares
96051904,1,520265,Titular único
96052001,1,934346,Titular único
96052204,1,793161,Titular único
96052205,2,,Múltiples titulares
96052207,1,798860,Titular único
96052303,1,930826,Titular único
96052325,1,516907,Titular único
96052500,1,519369,Titular único
96052603,1,111872,Titular único
96052612,1,798134,Titular único
96052805,3,,Múltiples titulares
96053003,1,194194,Titular único
96053008,1,30911,Titular único
96053104,2,,Múltiples titulares
96060105,1,519148,Titular único
96060204,2,,Múltiples titulares
96060205,1,521173,Titular único
96060206,1,796621,Titular único
96060300,1,193657,Titular único
96060304,2,,Múltiples titulares
96060404,2,,Múltiples titulares
96060405,1,802672,Titular único
96060604,1,793506,Titular único
96060608,1,794094,Titular único
96060705,1,515922,Titular único
96060803,1,519478,Titular único
96061005,1,798941,Titular único
96061021,1,114510,Titular único
96061105,1,382512,Titular único
96061187,1,163648,Titular único
96061201,1,122544,Titular único
96061204,1,519625,Titular único
96061205,1,791368,Titular único
96061206,1,804282,Titular único
96061404,2,,Múltiples titulares
96061424,1,798847,Titular único
96061504,1,519770,Titular único
96061605,1,42395,Titular único
96061609,2,,Múltiples titulares
96061619,1,209420,Titular único
96061804,1,525439,Titular único
96061817,1,421387,Titular único
96061903,1,794566,Titular único
96061905,2,,Múltiples titulares
96062003,1,792999,Titular único
96062004,1,526916,Titular único
96062005,1,113084,Titular único
96062102,1,792794,Titular único
96062103,3,,Múltiples titulares
96062202,1,93505,Titular único
96062203,1,793547,Titular único
96062205,1,521531,Titular único
96062304,1,194600,Titular único
96062400,1,794584,Titular único
96062402,1,520152,Titular único
96062705,1,793304,Titular único
96062804,1,355045,Titular único
96062822,1,527040,Titular único
96062905,2,,Múltiples titulares
96070104,1,517315,Titular único
96070212,1,792534,Titular único
96070405,2,,Múltiples titulares
96070803,1,798674,Titular único
96070804,2,,Múltiples titulares
96070805,1,396810,Titular único
96070819,1,799709,Titular único
96071006,2,,Múltiples titulares
96071105,1,206783,Titular único
96071204,1,516585,Titular único
96071300,1,41670,Titular único
96071421,1,93972,Titular único
96071513,1,799668,Titular único
96071704,1,519539,Titular único
96071705,1,516770,Titular único
96071802,1,523124,Titular único
96071803,2,,Múltiples titulares
96071804,1,92824,Titular único
96072000,1,194974,Titular único
96072012,1,42366,Titular único
96072103,1,46617,Titular único
96072104,1,72161,Titular único
96072111,1,203823,Titular único
96072205,2,,Múltiples titulares
96072405,1,519302,Titular único
96072715,1,82008,Titular único
96072811,1,176532,Titular único
96073100,1,521295,Titular único
96073112,1,246461,Titular único
96080110,1,319656,Titular único
96080204,1,522596,Titular único
96080205,1,912331,Titular único
96080211,2,,Múltiples titulares
96080407,1,354761,Titular único
96080410,2,,Múltiples titulares
96080504,1,795215,Titular único
96080614,1,303172,Titular único
96080626,1,750017,Titular único
96080720,1,523736,Titular único
96080804,1,517046,Titular único
96080916,1,707247,Titular único
96081109,1,524915,Titular único
96081203,1,193977,Titular único
96081204,1,791493,Titular único
96081304,1,241979,Titular único
96081310,1,798012,Titular único
96081404,2,,Múltiples titulares
96081410,1,793584,Titular único
96081706,1,49200,Titular único
96081708,1,299516,Titular único
96081710,1,518158,Titular único
96081803,1,521729,Titular único
96081904,1,519150,Titular único
96081910,1,794680,Titular único
96082004,1,523760,Titular único
96082010,1,523677,Titular único
96082011,2,,Múltiples titulares
96082024,1,519380,Titular único
96082109,1,524154,Titular único
96082216,1,56974,Titular único
96082221,1,395464,Titular único
96082222,1,771655,Titular único
96082310,1,194602,Titular único
96082408,1,517427,Titular único
96082710,1,194245,Titular único
96082711,1,795755,Titular único
96083014,1,420942,Titular único
96083103,1,933571,Titular único
96090103,1,794819,Titular único
96090320,1,56534,Titular único
96090406,1,134583,Titular único
96090509,1,525543,Titular único
96090610,1,655887,Titular único
96090708,1,519348,Titular único
96090711,1,400312,Titular único
96090909,1,524456,Titular único
96090911,1,524632,Titular único
96091008,1,193310,Titular único
96091304,1,731069,Titular único
96091404,1,524525,Titular único
96091507,1,644786,Titular único
96091803,1,633427,Titular único
96091809,1,211345,Titular único
96092004,1,32148,Titular único
96092103,1,42523,Titular único
96092110,1,518710,Titular único
96092210,1,526197,Titular único
96092309,1,523497,Titular único
96092404,1,520866,Titular único
96092408,1,522256,Titular único
96092410,1,523328,Titular único
96092510,1,142775,Titular único
96092610,1,516252,Titular único
96092711,1,798757,Titular único
96092908,2,,Múltiples titulares
96093008,1,793785,Titular único
96093016,1,912451,Titular único
96100109,1,29651,Titular único
96100210,1,397744,Titular único
96100404,1,634940,Titular único
96100409,1,114282,Titular único
96100706,1,721307,Titular único
96101020,1,39132,Titular único
96101109,1,307236,Titular único
96101208,1,794210,Titular único
96101306,1,209647,Titular único
96101308,1,517649,Titular único
96101321,1,71624,Titular único
96101510,1,793224,Titular único
96101608,2,,Múltiples titulares
96101609,1,397948,Titular único
96101707,1,521072,Titular único
96101808,2,,Múltiples titulares
96101809,2,,Múltiples titulares
96101901,1,520219,Titular único
96101908,1,794649,Titular único
96102108,1,519645,Titular único
96102109,1,397749,Titular único
96102117,1,527527,Titular único
96102204,1,830876,Titular único
96102209,1,515590,Titular único
96102210,1,194005,Titular único
96102304,1,795096,Titular único
96102308,1,397844,Titular único
96102316,1,87649,Titular único
96102407,1,67652,Titular único
96102408,1,520526,Titular único
96102410,1,517241,Titular único
96102508,1,122304,Titular único
96102522,1,303331,Titular único
96102608,1,911056,Titular único
96102609,1,793014,Titular único
96102907,2,,Múltiples titulares
96110209,1,29957,Titular único
96110307,1,22648,Titular único
96110507,1,794209,Titular único
96110508,1,797663,Titular único
96110509,1,58733,Titular único
96110510,1,743464,Titular único
96110607,1,355186,Titular único
96110608,2,,Múltiples titulares
96110624,1,524966,Titular único
96110809,1,522139,Titular único
96110819,1,58683,Titular único
96110907,1,797639,Titular único
96111201,1,397547,Titular único
96111403,1,250805,Titular único
96111614,1,795907,Titular único
96111709,1,194489,Titular único
96111805,1,518784,Titular único
96111809,1,794192,Titular único
96111909,1,796151,Titular único
96112008,1,430897,Titular único
96112207,1,931254,Titular único
96112208,1,528077,Titular único
96112209,1,523291,Titular único
96112324,1,794277,Titular único
96112609,1,415062,Titular único
96112710,1,798288,Titular único
96112905,1,193920,Titular único
96112909,2,,Múltiples titulares
96113009,1,288389,Titular único
96113019,1,792492,Titular único
96120100,1,56580,Titular único
96120106,1,193565,Titular único
96120107,1,798042,Titular único
96120112,1,32568,Titular único
96120122,1,86404,Titular único
96120307,1,31971,Titular único
96120403,1,931286,Titular único
96120504,1,42765,Titular único
96120808,1,194617,Titular único
96120906,2,,Múltiples titulares
96120919,1,115170,Titular único
96121002,1,373157,Titular único
96121107,1,519142,Titular único
96121112,1,802552,Titular único
96121210,1,210695,Titular único
96121308,1,794194,Titular único
96121405,1,396919,Titular único
96121804,1,522156,Titular único
96121806,1,194351,Titular único
96121905,1,791318,Titular único
96121911,1,31900,Titular único
96122007,1,516478,Titular único
96122013,1,397549,Titular único
96122106,1,518387,Titular único
96122107,1,31570,Titular único
96122110,1,41338,Titular único
96122111,1,517975,Titular único
96122306,1,205723,Titular único
96122605,1,517642,Titular único
96122619,1,795392,Titular único
96122706,1,95288,Titular único
96122707,1,401793,Titular único
96122710,1,113464,Titular único
96122806,1,113113,Titular único
96122822,1,881597,Titular único
96123005,1,792024,Titular único
96123108,1,932025,Titular único
97010208,1,657393,Titular único
97010314,1,731367,Titular único
97010408,1,113415,Titular único
97010505,1,516971,Titular único
97010604,1,396900,Titular único
97010607,1,137025,Titular único
97010618,1,252342,Titular único
97010708,1,796335,Titular único
97010908,1,523117,Titular único
97011005,1,792740,Titular único
97011022,1,796684,Titular único
97011206,1,113174,Titular único
97011509,1,509670,Titular único
97011515,1,56458,Titular único
97011608,1,516416,Titular único
97011614,1,517252,Titular único
97011703,1,520822,Titular único
97011704,1,520056,Titular único
97011705,1,732847,Titular único
97011709,2,,Múltiples titulares
97011804,2,,Múltiples titulares
97011907,1,517297,Titular único
97011912,1,193965,Titular único
97012007,1,354623,Titular único
97012306,1,794922,Titular único
97012308,1,931255,Titular único
97012324,1,524169,Titular único
97012417,1,390157,Titular único
97012604,1,793468,Titular único
97012703,1,396504,Titular único
97012706,1,454403,Titular único
97012806,1,794335,Titular único
97013007,1,800192,Titular único
97013022,1,508698,Titular único
97020105,1,519884,Titular único
97020307,1,797899,Titular único
97020413,1,193019,Titular único
97020519,1,396493,Titular único
97020607,1,194887,Titular único
97020623,1,194839,Titular único
97020720,1,397241,Titular único
97020811,1,519515,Titular único
97020900,2,,Múltiples titulares
97020912,1,790501,Titular único
97021322,1,791889,Titular único
97021505,1,792551,Titular único
97021506,1,792459,Titular único
97021609,2,,Múltiples titulares
97021713,1,31655,Titular único
97021906,1,793873,Titular único
97021917,1,353764,Titular único
97022008,1,603271,Titular único
97022010,1,30278,Titular único
97022100,1,930854,Titular único
97022107,2,,Múltiples titulares
97022116,1,799046,Titular único
97022209,1,743465,Titular único
97022210,1,517870,Titular único
97022305,2,,Múltiples titulares
97022422,1,31295,Titular único
97022509,1,192227,Titular único
97022511,1,114264,Titular único
97022602,2,,Múltiples titulares
97022609,1,518136,Titular único
97022709,1,268711,Titular único
97022711,2,,Múltiples titulares
97022723,1,388661,Titular único
97022801,1,32299,Titular único
97030207,1,792411,Titular único
97030615,1,790487,Titular único
97030712,1,527913,Titular único
97030804,2,,Múltiples titulares
97031010,1,521754,Titular único
97031012,1,793317,Titular único
97031111,1,519734,Titular único
97031115,1,522752,Titular único
97031118,1,166254,Titular único
97031204,1,798974,Titular único
97031205,1,56632,Titular único
97031304,1,796365,Titular único
97031305,1,518467,Titular único
97031311,1,185927,Titular único
97031404,1,32510,Titular único
97031406,1,516971,Titular único
97031411,1,794853,Titular único
97031704,1,516020,Titular único
97031712,2,,Múltiples titulares
97031714,1,522708,Titular único
97031717,1,122054,Titular único
97031804,1,792999,Titular único
97031921,1,240483,Titular único
97032005,1,355037,Titular único
97032103,1,192197,Titular único
97032107,1,519176,Titular único
97032206,1,823908,Titular único
97032210,1,524179,Titular único
97032304,1,46969,Titular único
97032406,1,181436,Titular único
97032505,1,791215,Titular único
97032704,2,,Múltiples titulares
97032706,2,,Múltiples titulares
97032707,1,520753,Titular único
97033004,1,354102,Titular único
97033103,1,804254,Titular único
97040101,1,176554,Titular único
97040203,1,113143,Titular único
97040405,1,795339,Titular único
97040621,1,241881,Titular único
97040703,1,516274,Titular único
97040705,1,114396,Titular único
97041102,1,194059,Titular único
97041103,2,,Múltiples titulares
97041107,1,797519,Titular único
97041121,1,85675,Titular único
97041204,1,523461,Titular único
97041306,1,194050,Titular único
97041307,1,398088,Titular único
97041310,1,716337,Titular único
97041710,1,193890,Titular único
97041711,1,126868,Titular único
97041803,1,522023,Titular único
97041804,1,286888,Titular único
97042012,1,798372,Titular único
97042014,1,790496,Titular único
97042205,1,396485,Titular único
97042703,2,,Múltiples titulares
97042711,1,795160,Titular único
97042801,1,58599,Titular único
97042818,1,211181,Titular único
97042819,1,159097,Titular único
97042922,1,30332,Titular único
97050306,1,327016,Titular único
97050513,1,794879,Titular único
97050603,1,519376,Titular único
97050605,1,526166,Titular único
97050606,1,521006,Titular único
97050704,1,194030,Titular único
97050708,1,520195,Titular único
97050804,2,,Múltiples titulares
97050807,1,29951,Titular único
97050907,1,395433,Titular único
97050909,1,156739,Titular único
97050911,1,515615,Titular único
97050914,1,797634,Titular único
97050918,1,517863,Titular único
97051104,1,793813,Titular único
97051105,1,794201,Titular único
97051106,1,519335,Titular único
97051108,1,519569,Titular único
97051307,1,521061,Titular único
97051310,1,796368,Titular único
97051313,1,655004,Titular único
97051324,1,379306,Titular único
97051403,1,791516,Titular único
97051509,1,519131,Titular único
97051511,1,521043,Titular único
97051608,1,517126,Titular único
97051618,1,280333,Titular único
97051708,1,522234,Titular único
97051717,1,114333,Titular único
97051805,1,520457,Titular único
97051908,1,804108,Titular único
97051911,1,45194,Titular único
97052004,1,519625,Titular único
97052104,1,101716,Titular único
97052206,1,522779,Titular único
97052209,1,525820,Titular único
97052308,1,805035,Titular único
97052410,1,194784,Titular único
97052605,1,795237,Titular único
97052707,1,793484,Titular único
97052708,1,523863,Titular único
97052718,1,527374,Titular único
97052804,1,194049,Titular único
97053100,1,397740,Titular único
97053108,1,520099,Titular único
97053109,1,792698,Titular único
97060619,1,211034,Titular único
97060805,1,523851,Titular único
97060806,1,193519,Titular único
97060809,1,32346,Titular único
97060810,1,397861,Titular único
97060815,1,790038,Titular único
97061017,2,,Múltiples titulares
97061104,1,516781,Titular único
97061105,1,518588,Titular único
97061221,1,791408,Titular único
97061415,1,525552,Titular único
97061605,1,397765,Titular único
97061610,1,519305,Titular único
97061705,1,522577,Titular único
97061710,1,518793,Titular único
97061904,1,519182,Titular único
97062003,1,519369,Titular único
97062114,1,72779,Titular único
97062216,1,204230,Titular único
97062316,1,804385,Titular único
97062317,1,716198,Titular único
97062405,1,354093,Titular único
97062510,1,400299,Titular único
97062511,1,881361,Titular único
97062610,1,397104,Titular único
97062616,1,32367,Titular único
97062708,1,463541,Titular único
97062914,1,42847,Titular único
97070203,1,355129,Titular único
97070217,1,243935,Titular único
97070303,1,791377,Titular único
97070320,1,528478,Titular único
97070606,1,795040,Titular único
97070607,2,,Múltiples titulares
97070815,1,522680,Titular único
97070908,1,194326,Titular único
97070909,1,525278,Titular único
97071006,1,184627,Titular único
97071008,1,801474,Titular único
97071012,1,933810,Titular único
97071109,2,,Múltiples titulares
97071112,1,921899,Titular único
97071201,1,525321,Titular único
97071207,1,58860,Titular único
97071302,1,355057,Titular único
97071307,1,519647,Titular único
97071603,1,518787,Titular único
97071606,1,193456,Titular único
97071616,1,517171,Titular único
97071702,1,801914,Titular único
97071706,1,517342,Titular único
97071716,1,136858,Titular único
97071807,1,162132,Titular único
97071814,1,355210,Titular único
97071915,1,517148,Titular único
97072107,1,192308,Titular único
97072210,1,284786,Titular único
97072307,1,58732,Titular único
97072507,1,794884,Titular único
97072614,1,782982,Titular único
97072806,1,793117,Titular único
97072825,1,142734,Titular único
97072905,1,167126,Titular único
97072907,2,,Múltiples titulares
97073005,1,516381,Titular único
97073104,1,799941,Titular único
97073106,1,354699,Titular único
97080105,2,,Múltiples titulares
97080107,2,,Múltiples titulares
97080112,1,634729,Titular único
97080151,1,194668,Titular único
97080306,1,793673,Titular único
97080407,1,520371,Titular único
97080423,1,87111,Titular único
97080506,2,,Múltiples titulares
97080605,1,523635,Titular único
97080606,1,396836,Titular único
97080709,1,743586,Titular único
97080802,1,72469,Titular único
97080804,1,517957,Titular único
97080805,1,799405,Titular único
97080819,1,515824,Titular único
97080906,1,518931,Titular único
97080916,1,521698,Titular único
97080918,1,517654,Titular único
97081016,1,522891,Titular único
97081107,1,518256,Titular único
97081119,1,519904,Titular único
97081217,1,520496,Titular único
97081414,1,934431,Titular único
97081506,1,466729,Titular único
97081520,1,516273,Titular único
97081604,1,931207,Titular único
97081616,1,113174,Titular único
97081705,1,113027,Titular único
97081715,1,804403,Titular único
97081810,1,97315,Titular único
97081818,1,378893,Titular único
97082024,1,527140,Titular único
97082117,1,517660,Titular único
97082119,1,519908,Titular único
97082215,1,521308,Titular único
97082411,1,518583,Titular único
97082614,2,,Múltiples titulares
97082618,1,526163,Titular único
97082718,1,192297,Titular único
97082802,1,525830,Titular único
97082814,1,792541,Titular único
97082915,1,521908,Titular único
97082920,1,551621,Titular único
97083010,1,30959,Titular único
97083015,1,797126,Titular único
97083118,1,194381,Titular único
97090100,1,437248,Titular único
97090203,1,396902,Titular único
97090206,1,100173,Titular único
97090208,1,516782,Titular único
97090222,2,,Múltiples titulares
97090320,1,516719,Titular único
97090403,1,796842,Titular único
97090501,1,931325,Titular único
97090616,1,523301,Titular único
97090706,1,795661,Titular único
97090818,2,,Múltiples titulares
97090824,1,395343,Titular único
97090918,1,395373,Titular único
97091105,1,520969,Titular único
97091118,1,792471,Titular único
97091400,1,522549,Titular único
97091507,2,,Múltiples titulares
97091623,1,792864,Titular único
97091626,1,31576,Titular único
97091812,1,58200,Titular único
97091909,1,911075,Titular único
97091923,1,517641,Titular único
97091924,1,517932,Titular único
97092007,2,,Múltiples titulares
97092021,1,657933,Titular único
97092116,1,303215,Titular único
97092203,1,466617,Titular único
97092314,1,32147,Titular único
97092510,1,396527,Titular único
97092514,1,517916,Titular único
97092612,1,798727,Titular único
97092701,1,521859,Titular único
97092805,1,521897,Titular único
97092806,2,,Múltiples titulares
97092906,1,30231,Titular único
97092908,1,518188,Titular único
97092909,1,354167,Titular único
97092920,1,551776,Titular único
97093004,2,,Múltiples titulares
97093009,1,404408,Titular único
97093012,1,527111,Titular único
97100106,1,800647,Titular único
97100107,1,285617,Titular único
97100117,1,31508,Titular único
97100128,1,457560,Titular único
97100207,1,29544,Titular único
97100212,1,521961,Titular único
97100215,1,517519,Titular único
97100307,2,,Múltiples titulares
97100311,1,920289,Titular único
97100407,1,794312,Titular único
97100715,1,795803,Titular único
97100814,1,633092,Titular único
97100816,1,522107,Titular único
97100817,1,365014,Titular único
97100907,1,176806,Titular único
97100941,1,521482,Titular único
97101100,1,520403,Titular único
97101104,1,984606,Titular único
97101106,1,522713,Titular único
97101201,1,519594,Titular único
97101207,1,521792,Titular único
97101414,1,790478,Titular único
97101510,1,798560,Titular único
97101612,1,519837,Titular único
97101613,1,194061,Titular único
97101710,1,327531,Titular único
97101808,1,798239,Titular único
97101904,1,524966,Titular único
97102109,1,397593,Titular único
97102111,1,793470,Titular único
97102206,1,396211,Titular único
97102213,1,795365,Titular único
97102302,1,794977,Titular único
97102307,1,137013,Titular único
97102314,1,716570,Titular único
97102323,1,45767,Titular único
97102413,1,792476,Titular único
97102500,1,795155,Titular único
97102506,1,39470,Titular único
97102510,1,194970,Titular único
97102812,1,519613,Titular único
97102901,1,93505,Titular único
97102927,1,517657,Titular único
97103004,1,785898,Titular único
97103008,1,798037,Titular único
97103104,1,795052,Titular único
97110101,1,525345,Titular único
97110106,1,522502,Titular único
97110114,1,522846,Titular único
97110203,1,113803,Titular único
97110207,1,403773,Titular único
97110306,1,792902,Titular único
97110322,1,390181,Titular único
97110407,1,523968,Titular único
97110410,3,,Múltiples titulares
97110412,1,793486,Titular único
97110606,1,518495,Titular único
97110608,1,396932,Titular único
97110609,1,396909,Titular único
97110711,1,791511,Titular único
97110806,1,794671,Titular único
97110908,2,,Múltiples titulares
97111005,1,798949,Titular único
97111021,1,841032,Titular único
97111207,1,793387,Titular único
97111216,1,31902,Titular único
97111305,1,799737,Titular único
97111306,1,397843,Titular único
97111307,1,521641,Titular único
97111503,1,194854,Titular único
97111808,1,300401,Titular único
97111906,1,798122,Titular único
97112006,1,395700,Titular único
97112108,1,193944,Titular único
97112202,1,802733,Titular único
97112207,1,793449,Titular único
97112208,1,136890,Titular único
97112212,1,396906,Titular único
97112424,1,787439,Titular único
97112506,1,417985,Titular único
97112610,1,397736,Titular único
97112616,1,54150,Titular único
97112709,1,795758,Titular único
97112911,1,143228,Titular único
97120102,1,793613,Titular único
97120116,1,193468,Titular único
97120204,1,129934,Titular único
97120212,1,417629,Titular único
97120417,1,518103,Titular único
97120701,1,42366,Titular único
97120808,1,932039,Titular único
97120809,1,795808,Titular único
97120904,1,647401,Titular único
97120911,1,791319,Titular único
97120915,1,792421,Titular único
97121006,1,799713,Titular único
97121010,1,804013,Titular único
97121104,2,,Múltiples titulares
97121117,1,118008,Titular único
97121123,1,943827,Titular único
97121211,1,516790,Titular único
97121214,1,87716,Titular único
97121218,1,523865,Titular único
97121410,1,517833,Titular único
97121416,1,933387,Titular único
97121505,1,793466,Titular único
97121507,1,791479,Titular único
97121604,1,101342,Titular único
97121605,1,519582,Titular único
97121611,1,933964,Titular único
97121700,1,795316,Titular único
97121710,1,525839,Titular único
97122001,1,804057,Titular único
97122004,1,791144,Titular único
97122006,1,795393,Titular único
97122100,1,790627,Titular único
97122105,1,519568,Titular único
97122111,1,796205,Titular único
97122115,1,798977,Titular único
97122302,1,804899,Titular único
97122505,1,523713,Titular único
97122602,1,363808,Titular único
97122606,1,795317,Titular único
97122607,1,790554,Titular único
97122706,2,,Múltiples titulares
97122808,1,800251,Titular único
97122901,1,518976,Titular único
97123103,2,,Múltiples titulares
97123114,1,248688,Titular único
98010161,1,436891,Titular único
98010250,1,797368,Titular único
98010255,1,327400,Titular único
98010260,1,770313,Titular único
98010265,1,793670,Titular único
98010269,1,524560,Titular único
98010351,1,705640,Titular único
98010558,1,802728,Titular único
98010653,1,516960,Titular único
98010753,1,122085,Titular único
98010758,1,516319,Titular único
98010759,1,72261,Titular único
98010963,1,798417,Titular único
98011052,1,524758,Titular único
98011358,1,318988,Titular único
98011452,1,430547,Titular único
98011556,1,922556,Titular único
98011557,1,113378,Titular único
98011579,1,793198,Titular único
98011651,1,113487,Titular único
98011655,1,518401,Titular único
98011663,1,875731,Titular único
98011672,1,528854,Titular único
98011701,1,3517,Titular único
98011704,1,111879,Titular único
98011808,1,194870,Titular único
98012061,1,800636,Titular único
98012154,1,355090,Titular único
98012155,1,516701,Titular único
98012159,1,59721,Titular único
98012258,1,117894,Titular único
98012262,1,396573,Titular único
98012350,1,194000,Titular único
98012353,1,59718,Titular único
98012356,1,114392,Titular único
98012454,1,58370,Titular único
98012551,1,355221,Titular único
98012553,2,,Múltiples titulares
98012554,1,207967,Titular único
98012753,2,,Múltiples titulares
98012852,1,793681,Titular único
98012855,1,523956,Titular único
98012953,1,792764,Titular único
98013051,1,194543,Titular único
98013057,1,803676,Titular único
98013063,1,799752,Titular único
98013103,1,795027,Titular único
98020152,1,523721,Titular único
98020162,1,32204,Titular único
98020353,1,397865,Titular único
98020451,1,78187,Titular único
98020552,2,,Múltiples titulares
98020555,1,792811,Titular único
98020652,1,435581,Titular único
98020656,1,520809,Titular único
98020861,1,793147,Titular único
98021052,1,794489,Titular único
98021152,1,794045,Titular único
98021254,1,791287,Titular único
98021260,1,523725,Titular único
98021352,1,518328,Titular único
98021452,1,791561,Titular único
98021455,1,793724,Titular único
98021458,1,353763,Titular único
98021556,1,792451,Titular único
98021651,1,205852,Titular único
98021661,1,802668,Titular único
98021751,2,,Múltiples titulares
98021764,1,798083,Titular único
98021854,1,793167,Titular único
98021858,1,517640,Titular único
98021953,1,210584,Titular único
98022101,1,792909,Titular único
98022103,1,206789,Titular único
98022105,1,931529,Titular único
98022256,1,59339,Titular único
98022354,2,,Múltiples titulares
98022357,1,851640,Titular único
98022359,1,525327,Titular único
98022414,1,518706,Titular único
98022554,1,795368,Titular único
98022556,1,519130,Titular único
98022654,1,520263,Titular único
98022702,1,519770,Titular único
98030162,1,193978,Titular único
98030258,1,882143,Titular único
98030357,1,799627,Titular único
98030452,1,791268,Titular único
98030455,1,516888,Titular único
98030552,1,516915,Titular único
98030553,1,194795,Titular único
98030554,1,194579,Titular único
98030656,1,794916,Titular único
98030657,1,793096,Titular único
98030663,1,318607,Titular único
98030755,1,832344,Titular único
98030759,1,913609,Titular único
98030954,1,797786,Titular único
98030957,1,793253,Titular único
98031052,1,526347,Titular único
98031056,1,803542,Titular único
98031160,1,105454,Titular único
98031252,1,68915,Titular único
98031256,1,517997,Titular único
98031315,1,41981,Titular único
98031463,1,519918,Titular único
98031551,1,794278,Titular único
98031705,1,519806,Titular único
98031751,1,800183,Titular único
98031852,1,790627,Titular único
98031859,1,701237,Titular único
98031869,1,516360,Titular único
98031870,1,516360,Titular único
98031965,1,792633,Titular único
98031968,1,634625,Titular único
98032063,1,428844,Titular único
98032151,1,803521,Titular único
98032152,1,792904,Titular único
98032163,1,793636,Titular único
98032252,1,795174,Titular único
98032258,1,795762,Titular único
98032362,1,519400,Titular único
98032458,1,795040,Titular único
98032559,1,793223,Titular único
98032562,1,793348,Titular único
98032567,1,890038,Titular único
98032665,1,798565,Titular único
98032753,1,397170,Titular único
98032758,1,794670,Titular único
98032957,1,30795,Titular único
98032960,1,243661,Titular único
98033163,1,289358,Titular único
98040152,1,42973,Titular único
98040351,1,517073,Titular único
98040369,1,241342,Titular único
98040454,1,933623,Titular único
98040661,1,521195,Titular único
98040668,1,281405,Titular único
98040851,1,10136,Titular único
98040862,1,194408,Titular único
98041053,1,791096,Titular único
98041058,1,355133,Titular único
98041156,1,793785,Titular único
98041160,1,524455,Titular único
98041255,1,523638,Titular único
98041353,1,353737,Titular único
98041355,1,58212,Titular único
98041458,1,518477,Titular único
98041460,1,527078,Titular único
98041552,1,30960,Titular único
98041561,1,519506,Titular único
98041567,1,396510,Titular único
98041651,1,517531,Titular único
98041653,1,790513,Titular único
98041658,1,791578,Titular único
98041668,1,805133,Titular único
98041760,1,798123,Titular único
98041761,1,519716,Titular único
98041854,2,,Múltiples titulares
98042055,2,,Múltiples titulares
98042157,1,790573,Titular único
98042163,1,794145,Titular único
98042167,1,333418,Titular único
98042254,1,397528,Titular único
98042267,1,933456,Titular único
98042350,1,668481,Titular único
98042353,1,525194,Titular único
98042557,1,792865,Titular único
98042756,1,251277,Titular único
98042768,1,523576,Titular único
98042856,1,791151,Titular único
98042863,1,355323,Titular único
98042953,1,933684,Titular único
98042956,1,31627,Titular único
98042966,1,791549,Titular único
98043052,1,519571,Titular único
98043058,1,796200,Titular único
98043065,1,797250,Titular único
98050152,1,236522,Titular único
98050154,1,519204,Titular único
98050156,1,397902,Titular único
98050158,1,716696,Titular único
98050255,1,42385,Titular único
98050353,2,,Múltiples titulares
98050565,1,522891,Titular único
98050609,1,800627,Titular único
98050759,1,525265,Titular único
98050856,1,333417,Titular único
98050858,1,985290,Titular único
98050914,2,,Múltiples titulares
98051055,1,163593,Titular único
98051158,1,517993,Titular único
98051159,1,435001,Titular único
98051160,1,913012,Titular único
98051164,1,516657,Titular único
98051255,1,134820,Titular único
98051256,1,520780,Titular único
98051551,1,521455,Titular único
98051652,1,95202,Titular único
98051663,1,799174,Titular único
98051759,1,521724,Titular único
98051810,1,794656,Titular único
98051955,1,931239,Titular único
98051962,1,796292,Titular único
98052011,1,797011,Titular único
98052014,1,796647,Titular único
98052153,1,32559,Titular único
98052159,1,193969,Titular único
98052255,2,,Múltiples titulares
98052257,1,521209,Titular único
98052259,2,,Múltiples titulares
98052265,1,914724,Titular único
98052358,1,523398,Titular único
98052451,1,517808,Titular único
98052653,1,520074,Titular único
98052955,2,,Múltiples titulares
98052960,2,,Múltiples titulares
98053059,1,795937,Titular único
98053061,1,529310,Titular único
98053065,1,303517,Titular único
98053156,1,75469,Titular único
98060152,1,794421,Titular único
98060161,1,792998,Titular único
98060253,1,523756,Titular único
98060258,2,,Múltiples titulares
98060309,1,194101,Titular único
98060454,1,942975,Titular único
98060459,1,58377,Titular único
98060507,1,794340,Titular único
98060650,2,,Múltiples titulares
98060654,1,208873,Titular único
98060756,1,932033,Titular único
98060767,1,912852,Titular único
98060853,1,396894,Titular único
98060858,1,71253,Titular único
98060860,2,,Múltiples titulares
98060958,1,194283,Titular único
98061058,1,354168,Titular único
98061153,1,802642,Titular único
98061158,1,721812,Titular único
98061162,1,801343,Titular único
98061305,1,193867,Titular único
98061314,1,798757,Titular único
98061401,1,59784,Titular único
98061409,1,525214,Titular único
98061656,1,517712,Titular único
98061852,1,796269,Titular único
98061858,1,860420,Titular único
98061869,1,522361,Titular único
98061955,2,,Múltiples titulares
98062051,1,791588,Titular único
98062055,1,355036,Titular único
98062057,1,76917,Titular único
98062251,1,793108,Titular único
98062353,1,526916,Titular único
98062357,2,,Múltiples titulares
98062361,1,524226,Titular único
98062366,1,518667,Titular único
98062457,1,524647,Titular único
98062462,1,523195,Titular único
98062469,1,241881,Titular único
98062551,2,,Múltiples titulares
98062553,1,521235,Titular único
98062560,1,194692,Titular único
98062670,1,194738,Titular único
98062759,1,797680,Titular único
98062851,1,795061,Titular único
98062859,1,397581,Titular único
98062963,1,164960,Titular único
98063050,1,517965,Titular único
98063054,1,30559,Titular único
98063055,1,184686,Titular único
98070157,1,792987,Titular único
98070165,1,794514,Titular único
98070352,1,113113,Titular único
98070357,1,521515,Titular único
98070452,1,522792,Titular único
98070459,1,102779,Titular único
98070557,1,523657,Titular único
98070559,1,798623,Titular único
98070564,1,519783,Titular único
98070753,1,31538,Titular único
98070851,1,520210,Titular único
98070860,2,,Múltiples titulares
98070953,1,107402,Titular único
98070960,2,,Múltiples titulares
98070966,1,398130,Titular único
98071060,1,790499,Titular único
98071153,1,796851,Titular único
98071159,1,206873,Titular único
98071250,2,,Múltiples titulares
98071260,1,233368,Titular único
98071357,1,397788,Titular único
98071552,1,193744,Titular único
98071557,1,796602,Titular único
98071750,1,225799,Titular único
98071856,1,793650,Titular único
98071859,1,519170,Titular único
98071953,1,795661,Titular único
98072051,1,208041,Titular único
98072056,1,798599,Titular único
98072251,1,793474,Titular único
98072259,2,,Múltiples titulares
98072353,1,933636,Titular único
98072354,1,521539,Titular único
98072361,1,797134,Titular único
98072460,1,795599,Titular único
98072551,1,395693,Titular único
98072553,1,194805,Titular único
98072558,1,523575,Titular único
98072656,1,122757,Titular único
98072751,1,520603,Titular único
98072758,1,796235,Titular único
98072767,1,192582,Titular único
98072857,1,270882,Titular único
98072860,1,793517,Titular único
98072952,1,791462,Titular único
98072956,1,792691,Titular único
98072957,1,793610,Titular único
98072962,1,332072,Titular único
98073056,1,804156,Titular único
98080151,1,795373,Titular único
98080153,2,,Múltiples titulares
98080215,1,58937,Titular único
98080302,1,792360,Titular único
98080351,1,793576,Titular único
98080354,2,,Múltiples titulares
98080453,1,795689,Titular único
98080551,1,791598,Titular único
98080553,1,113099,Titular único
98080556,1,523108,Titular único
98080557,2,,Múltiples titulares
98080651,1,101799,Titular único
98080652,1,795550,Titular único
98080789,1,794577,Titular único
98080851,1,194915,Titular único
98080955,1,800488,Titular único
98081002,1,795013,Titular único
98081152,1,804130,Titular único
98081154,2,,Múltiples titulares
98081156,1,56004,Titular único
98081251,1,795539,Titular único
98081256,1,41213,Titular único
98081351,1,794133,Titular único
98081353,1,528082,Titular único
98081354,1,931504,Titular único
98081355,1,397122,Titular único
98081551,1,524194,Titular único
98081557,2,,Múltiples titulares
98081659,1,32122,Titular único
98081850,1,518048,Titular único
98081859,1,799037,Titular único
98081911,1,530896,Titular único
98082051,1,742412,Titular único
98082052,1,794095,Titular único
98082167,1,73047,Titular único
98082259,1,51178,Titular único
98082269,1,795923,Titular único
98082351,1,796231,Titular único
98082356,1,721354,Titular único
98082357,2,,Múltiples titulares
98082359,1,194594,Titular único
98082453,1,798074,Titular único
98082501,2,,Múltiples titulares
98082502,1,113079,Titular único
98082657,1,830900,Titular único
98082754,1,521096,Titular único
98082760,1,192600,Titular único
98082761,1,59248,Titular único
98082854,1,40219,Titular único
98082857,1,523119,Titular único
98082951,1,524935,Titular único
98082957,1,431613,Titular único
98082958,3,,Múltiples titulares
98083062,1,397142,Titular único
98090161,2,,Múltiples titulares
98090170,2,,Múltiples titulares
98090171,1,98087,Titular único
98090201,1,528648,Titular único
98090216,1,522688,Titular único
98090218,1,796479,Titular único
98090351,2,,Múltiples titulares
98090359,1,804932,Titular único
98090368,1,794623,Titular único
98090551,1,705612,Titular único
98090556,1,551547,Titular único
98090650,1,59844,Titular único
98090951,1,791876,Titular único
98091003,1,32565,Titular único
98091004,1,527319,Titular único
98091021,1,30320,Titular único
98091350,1,518229,Titular único
98091352,1,189739,Titular único
98091359,1,523608,Titular único
98091362,1,332149,Titular único
98091453,1,419411,Titular único
98091455,1,791580,Titular único
98091457,1,192946,Titular único
98091551,1,396566,Titular único
98091657,1,526227,Titular único
98091753,2,,Múltiples titulares
98091758,1,23659,Titular único
98091850,1,795649,Titular único
98091853,1,113143,Titular único
98091860,1,802747,Titular único
98091956,1,521546,Titular único
98092167,1,193677,Titular único
98092222,2,,Múltiples titulares
98092223,1,762840,Titular único
98092351,1,215302,Titular único
98092354,1,792905,Titular único
98092460,1,796678,Titular único
98092498,1,794632,Titular único
98092571,1,518388,Titular único
98092651,1,362785,Titular único
98092657,1,522841,Titular único
98092660,1,113174,Titular único
98092671,1,802628,Titular único
98092760,1,523182,Titular único
98092764,1,645210,Titular único
98092765,1,793025,Titular único
98092851,1,518206,Titular único
98092857,1,264234,Titular único
98092902,1,518188,Titular único
98092903,2,,Múltiples titulares
98092913,1,518176,Titular único
98093050,1,716913,Titular único
98093059,1,800103,Titular único
98093066,1,791207,Titular único
98093070,1,527109,Titular único
98093072,1,78432,Titular único
98100152,1,522704,Titular único
98100156,1,3489,Titular único
98100170,1,516898,Titular único
98100251,1,524329,Titular único
98100258,1,75501,Titular único
98100260,1,142358,Titular único
98100263,1,522808,Titular único
98100362,2,,Múltiples titulares
98100450,1,522403,Titular único
98100455,1,32107,Titular único
98100551,1,288238,Titular único
98100574,1,397126,Titular único
98100654,1,517712,Titular único
98100655,1,657696,Titular único
98100656,2,,Múltiples titulares
98100750,1,522841,Titular único
98100754,1,912731,Titular único
98100851,1,355134,Titular único
98100864,1,522209,Titular único
98100958,2,,Múltiples titulares
98100961,1,519683,Titular único
98100962,1,795699,Titular único
98101108,1,523141,Titular único
98101352,1,655004,Titular único
98101354,1,396619,Titular único
98101461,1,203578,Titular único
98101550,1,791087,Titular único
98101651,1,524857,Titular único
98101654,1,245498,Titular único
98101657,1,527183,Titular único
98101762,1,795924,Titular único
98101853,1,525545,Titular único
98101856,1,796061,Titular único
98101954,1,319216,Titular único
98101955,1,355263,Titular único
98102014,1,634363,Titular único
98102150,1,395624,Titular único
98102151,1,517132,Titular único
98102164,1,523812,Titular único
98102168,1,281690,Titular único
98102260,1,101122,Titular único
98102351,1,791896,Titular único
98102359,1,634773,Titular único
98102361,1,354616,Titular único
98102460,1,519842,Titular único
98102461,1,519340,Titular único
98102466,1,798222,Titular único
98102560,1,795816,Titular único
98102561,1,523042,Titular único
98102662,1,522881,Titular único
98102667,1,670118,Titular único
98102716,1,307347,Titular único
98102800,1,795376,Titular único
98102812,1,400930,Titular único
98102813,2,,Múltiples titulares
98102913,1,797333,Titular único
98103004,1,303312,Titular único
98103007,1,527561,Titular único
98103155,1,795781,Titular único
98110101,2,,Múltiples titulares
98110201,1,95292,Titular único
98110214,1,143179,Titular único
98110216,2,,Múltiples titulares
98110308,3,,Múltiples titulares
98110317,1,790025,Titular único
98110401,1,792103,Titular único
98110407,1,793583,Titular único
98110412,1,792781,Titular único
98110551,1,236527,Titular único
98110556,1,657393,Titular único
98110611,1,793806,Titular único
98110751,1,632516,Titular único
98110755,1,523172,Titular único
98110757,1,194283,Titular único
98110850,1,790630,Titular único
98110904,2,,Múltiples titulares
98110907,2,,Múltiples titulares
98110913,1,930870,Titular único
98110916,1,173128,Titular único
98111258,2,,Múltiples titulares
98111360,1,31915,Titular único
98111452,1,522690,Titular único
98111465,1,207403,Titular único
98111550,1,194951,Titular único
98111553,1,931254,Titular único
98111566,1,657384,Titular único
98111601,1,166745,Titular único
98111608,1,795288,Titular único
98111612,1,31548,Titular único
98111615,1,519147,Titular único
98111711,1,527999,Titular único
98111712,2,,Múltiples titulares
98111717,1,743246,Titular único
98111810,1,527833,Titular único
98111927,1,3282,Titular único
98112059,1,113112,Titular único
98112060,1,32294,Titular único
98112064,1,246049,Titular único
98112068,1,167659,Titular único
98112152,1,517013,Titular único
98112258,1,48875,Titular único
98112402,1,59930,Titular único
98112501,1,804319,Titular único
98112507,1,520781,Titular único
98112510,1,921899,Titular único
98112627,1,795996,Titular único
98112650,2,,Múltiples titulares
98112708,1,417474,Titular único
98112713,1,239137,Titular único
98112803,1,522943,Titular único
98112808,1,800608,Titular único
98112900,2,,Múltiples titulares
98112901,1,521601,Titular único
98113002,1,355061,Titular único
98120104,1,520482,Titular único
98120107,1,798485,Titular único
98120111,1,526220,Titular único
98120260,1,517713,Titular único
98120403,1,804225,Titular único
98120405,1,113127,Titular único
98120407,1,792011,Titular único
98120417,1,194496,Titular único
98120608,1,302941,Titular único
98120615,1,102942,Titular único
98120805,1,798992,Titular único
98120908,1,58879,Titular único
98121013,1,931161,Titular único
98121100,3,,Múltiples titulares
98121104,1,748651,Titular único
98121106,1,528313,Titular único
98121216,1,523715,Titular único
98121304,2,,Múltiples titulares
98121308,2,,Múltiples titulares
98121315,1,102784,Titular único
98121401,1,741807,Titular único
98121502,1,603372,Titular único
98121505,2,,Múltiples titulares
98121509,1,520266,Titular único
98121606,1,58692,Titular único
98121608,1,395401,Titular único
98121612,1,518200,Titular único
98121703,2,,Múltiples titulares
98121802,1,795986,Titular único
98121805,2,,Múltiples titulares
98121807,1,417841,Titular único
98121890,1,790553,Titular único
98121903,1,521339,Titular único
98121908,1,56223,Titular único
98121911,1,525870,Titular único
98122000,1,519662,Titular único
98122007,1,523237,Titular único
98122102,1,522841,Titular único
98122200,2,,Múltiples titulares
98122204,1,795903,Titular único
98122309,1,520759,Titular único
98122402,3,,Múltiples titulares
98122403,1,800283,Titular único
98122506,1,518709,Titular único
98122602,1,523486,Titular único
98122603,1,525278,Titular único
98122702,2,,Múltiples titulares
98122706,1,808089,Titular único
98122709,1,799230,Titular único
98122807,1,527994,Titular único
98122951,1,355196,Titular único
98122952,1,193112,Titular único
98122953,1,795822,Titular único
98122964,1,519511,Titular único
98123011,1,793546,Titular único
98123016,1,528478,Titular único
98123113,1,11177846,Titular único
98401764,1,261479,Titular único
99010206,1,793049,Titular único
99010302,1,795264,Titular único
99010305,1,803740,Titular único
99010306,1,523380,Titular único
99010402,1,397098,Titular único
99010604,2,,Múltiples titulares
99010801,2,,Múltiples titulares
99010802,1,707278,Titular único
99010811,1,524152,Titular único
99011101,1,525367,Titular único
99011113,1,794192,Titular único
99011202,2,,Múltiples titulares
99011210,2,,Múltiples titulares
99011400,1,799874,Titular único
99011402,1,209958,Titular único
99011405,1,65609,Titular único
99011502,1,247267,Titular único
99011514,1,519589,Titular único
99011807,1,524931,Titular único
99011809,1,419384,Titular único
99011812,1,793994,Titular único
99011813,1,525588,Titular único
99011902,1,524966,Titular único
99011903,1,30336,Titular único
99011909,1,911528,Titular único
99011912,1,303221,Titular único
99012100,1,522096,Titular único
99012101,1,798588,Titular único
99012214,1,194300,Titular único
99012512,1,114428,Titular único
99012600,1,528816,Titular único
99012602,1,78429,Titular único
99012606,1,796055,Titular único
99012614,1,793028,Titular único
99012701,1,803702,Titular único
99012702,1,807696,Titular único
99012707,1,518579,Titular único
99012708,2,,Múltiples titulares
99013100,1,59689,Titular único
99013102,1,796988,Titular único
99013109,1,794687,Titular único
99020115,1,795278,Titular único
99020207,1,126238,Titular único
99020301,1,113025,Titular único
99020401,1,523175,Titular único
99020402,1,396357,Titular único
99020507,2,,Múltiples titulares
99020509,1,521559,Titular único
99020600,1,797226,Titular único
99020601,1,521489,Titular único
99020703,1,934432,Titular único
99020706,1,520296,Titular único
99020707,1,798477,Titular único
99020710,1,42418,Titular único
99020913,1,355312,Titular único
99021001,2,,Múltiples titulares
99021012,1,797600,Titular único
99021102,1,796410,Titular único
99021103,1,210163,Titular único
99021104,1,795668,Titular único
99021107,1,796071,Titular único
99021110,1,396682,Titular único
99021112,1,793182,Titular único
99021202,2,,Múltiples titulares
99021203,1,209584,Titular único
99021204,1,434580,Titular único
99021312,1,206996,Titular único
99021502,2,,Múltiples titulares
99021611,1,137014,Titular único
99021703,1,520547,Titular único
99021705,1,799769,Titular único
99021716,1,793880,Titular único
99021816,1,77104,Titular único
99021901,1,58429,Titular único
99022000,1,58738,Titular único
99022001,1,795580,Titular único
99022009,1,204842,Titular único
99022101,1,523853,Titular único
99022210,1,524555,Titular único
99022212,1,802782,Titular único
99022213,1,924489,Titular único
99022300,1,523974,Titular único
99022304,1,524881,Titular único
99022315,1,203695,Titular único
99022401,1,356013,Titular único
99022402,1,796435,Titular único
99022403,1,397660,Titular único
99022409,1,4133,Titular único
99022611,1,42280,Titular único
99022614,1,319162,Titular único
99022701,1,920311,Titular único
99022702,1,793847,Titular único
99022703,1,438219,Titular único
99022805,1,519129,Titular único
99022813,1,41915,Titular único
99030102,1,796603,Titular único
99030202,2,,Múltiples titulares
99030397,1,192322,Titular único
99030403,1,750645,Titular único
99030410,1,396500,Titular único
99030411,1,193831,Titular único
99030601,1,193625,Titular único
99030609,1,795947,Titular único
99030612,1,519614,Titular único
99030701,1,807409,Titular único
99030708,1,983873,Titular único
99030801,3,,Múltiples titulares
99030810,1,800035,Titular único
99030814,1,210183,Titular único
99030900,1,520661,Titular único
99031110,1,603617,Titular único
99031202,1,242128,Titular único
99031401,1,795673,Titular único
99031408,1,518000,Titular único
99031502,1,113775,Titular único
99031509,1,793134,Titular único
99031701,1,516492,Titular único
99031707,1,520558,Titular único
99031801,1,522876,Titular único
99031902,2,,Múltiples titulares
99032005,1,521209,Titular único
99032102,1,528738,Titular único
99032106,1,397551,Titular único
99032110,1,303106,Titular único
99032204,1,60245,Titular único
99032208,1,101056,Titular único
99032308,1,794981,Titular único
99032312,1,353151,Titular único
99032400,1,796665,Titular único
99032406,1,793565,Titular único
99032407,1,31829,Titular único
99032408,1,518338,Titular único
99032500,1,743265,Titular único
99032510,1,403870,Titular único
99032611,1,795918,Titular único
99032700,1,525273,Titular único
99032702,1,795849,Titular único
99032710,1,794714,Titular único
99032801,2,,Múltiples titulares
99032802,2,,Múltiples titulares
99032910,2,,Múltiples titulares
99033002,1,912587,Titular único
99033015,1,794486,Titular único
99033102,2,,Múltiples titulares
99033106,1,457535,Titular único
99033111,1,793074,Titular único
99033113,1,793775,Titular único
99040108,1,795412,Titular único
99040200,1,395216,Titular único
99040201,1,523783,Titular único
99040305,1,524837,Titular único
99040308,1,115204,Titular único
99040311,1,527259,Titular único
99040402,1,794859,Titular único
99040510,1,793838,Titular único
99040701,1,798278,Titular único
99040800,1,798571,Titular único
99040900,1,517830,Titular único
99040973,1,287327,Titular único
99041001,1,518172,Titular único
99041005,1,798009,Titular único
99041101,1,794950,Titular único
99041104,1,519551,Titular único
99041108,1,398004,Titular único
99041201,2,,Múltiples titulares
99041202,1,716679,Titular único
99041209,1,184164,Titular único
99041300,1,803202,Titular único
99041301,1,797357,Titular único
99041308,1,796614,Titular único
99041411,1,529526,Titular único
99041489,1,523442,Titular único
99041500,1,525257,Titular único
99041604,1,805377,Titular único
99041701,1,397765,Titular único
99041809,1,517842,Titular único
99041811,1,518162,Titular único
99041813,1,793458,Titular único
99041902,1,797513,Titular único
99042113,1,944139,Titular único
99042207,1,793845,Titular único
99042217,1,526656,Titular único
99042402,1,87314,Titular único
99042404,1,794224,Titular único
99042701,1,791356,Titular único
99042703,1,61998,Titular único
99042705,1,521709,Titular único
99042706,1,522295,Titular único
99042711,1,804953,Titular único
99042803,1,363827,Titular único
99042809,1,520519,Titular único
99042816,1,797557,Titular único
99042901,1,528300,Titular único
99042907,1,421275,Titular único
99042911,1,355240,Titular único
99043001,1,794926,Titular único
99043006,1,524934,Titular único
99043007,1,854670,Titular único
99043011,1,114265,Titular único
99050103,1,193658,Titular único
99050109,1,523924,Titular único
99050202,2,,Múltiples titulares
99050210,1,518652,Titular único
99050300,1,800139,Titular único
99050308,2,,Múltiples titulares
99050402,1,657168,Titular único
99050407,1,796543,Titular único
99050411,1,803802,Titular único
99050502,1,520460,Titular único
99050605,1,793555,Titular único
99050705,1,248526,Titular único
99050800,1,880004,Titular único
99050801,2,,Múltiples titulares
99050804,1,396947,Titular único
99051101,1,354654,Titular único
99051103,1,211818,Titular único
99051105,1,520450,Titular único
99051106,1,193565,Titular único
99051202,1,803109,Titular único
99051211,1,519242,Titular único
99051410,1,352512,Titular único
99051702,1,795131,Titular único
99051802,1,139062,Titular único
99051900,1,519632,Titular único
99051910,1,519617,Titular único
99052001,1,527979,Titular único
99052009,1,208760,Titular único
99052012,1,433221,Titular único
99052102,1,107403,Titular único
99052118,1,603495,Titular único
99052200,1,194923,Titular único
99052208,1,406101,Titular único
99052401,1,799462,Titular único
99052505,1,251958,Titular único
99052510,1,763322,Titular único
99052600,1,603271,Titular único
99052602,1,529282,Titular único
99052605,1,176398,Titular único
99052800,2,,Múltiples titulares
99052802,1,942874,Titular único
99052907,1,598141,Titular único
99053002,1,944289,Titular único
99053012,1,526013,Titular único
99053087,1,191637,Titular único
99053106,1,303345,Titular único
99053109,1,193005,Titular único
99060108,1,911078,Titular único
99060112,1,194401,Titular único
99060208,2,,Múltiples titulares
99060301,1,95218,Titular único
99060313,1,596770,Titular único
99060407,3,,Múltiples titulares
99060501,1,396585,Titular único
99060611,1,396570,Titular único
99060802,1,524390,Titular único
99060813,1,714801,Titular único
99060910,1,522839,Titular único
99061001,1,521615,Titular único
99061005,1,379381,Titular único
99061012,1,793294,Titular único
99061102,1,793902,Titular único
99061109,1,798350,Titular único
99061201,1,804023,Titular único
99061400,1,191313,Titular único
99061402,1,794005,Titular único
99061405,1,635169,Titular único
99061500,1,126867,Titular único
99061501,1,522248,Titular único
99061504,2,,Múltiples titulares
99061609,1,332087,Titular único
99061610,1,515795,Titular único
99061611,1,791250,Titular único
99061612,1,794092,Titular único
99061614,1,658309,Titular único
99061618,1,30171,Titular único
99061702,1,524980,Titular único
99061706,1,126867,Titular único
99061708,1,193470,Titular único
99061712,1,792713,Titular único
99061811,1,602564,Titular único
99061814,1,521999,Titular único
99061900,1,792440,Titular único
99061902,2,,Múltiples titulares
99062109,1,524877,Titular único
99062113,1,931805,Titular único
99062200,1,40604,Titular único
99062202,1,797340,Titular único
99062302,2,,Múltiples titulares
99062306,1,397732,Titular único
99062404,1,525297,Titular único
99062412,1,743586,Titular único
99062502,1,42924,Titular único
99062601,1,194587,Titular único
99062705,1,518573,Titular único
99062800,1,793225,Titular único
99062807,2,,Múltiples titulares
99062900,1,517604,Titular único
99062901,1,522960,Titular único
99062906,2,,Múltiples titulares
99062908,1,793289,Titular único
99062909,1,786995,Titular único
99062912,1,307326,Titular único
99070100,1,527070,Titular único
99070101,2,,Múltiples titulares
99070103,1,520229,Titular único
99070107,1,525603,Titular único
99070112,1,797099,Titular único
99070200,2,,Múltiples titulares
99070201,1,792818,Titular único
99070301,1,794802,Titular único
99070402,1,524568,Titular único
99070500,1,76931,Titular único
99070501,1,804215,Titular único
99070606,1,731108,Titular único
99070708,1,797009,Titular único
99070803,1,373304,Titular único
99070812,1,667268,Titular único
99070827,1,194665,Titular único
99070900,2,,Múltiples titulares
99070901,1,527556,Titular único
99070902,1,520519,Titular único
99070903,1,791196,Titular único
99070907,1,525520,Titular único
99071001,2,,Múltiples titulares
99071002,1,921900,Titular único
99071007,1,796329,Titular único
99071010,1,795759,Titular único
99071106,1,523160,Titular único
99071205,1,159097,Titular único
99071301,1,521271,Titular único
99071406,1,523327,Titular único
99071410,1,791449,Titular único
99071509,1,241667,Titular único
99071601,2,,Múltiples titulares
99071605,1,798912,Titular único
99071707,1,797898,Titular único
99071708,1,805018,Titular único
99071904,1,521828,Titular único
99072000,2,,Múltiples titulares
99072004,1,518727,Titular único
99072005,1,497710,Titular único
99072100,1,521875,Titular único
99072101,1,80485,Titular único
99072106,1,111853,Titular único
99072203,1,797213,Titular único
99072209,1,58336,Titular único
99072315,1,796584,Titular único
99072405,1,669761,Titular único
99072800,1,59788,Titular único
99072802,1,791286,Titular único
99072909,1,397451,Titular único
99072910,1,525511,Titular único
99072911,1,251012,Titular único
99073100,1,159891,Titular único
99073102,1,521120,Titular único
99080100,1,798642,Titular único
99080101,1,799091,Titular único
99080104,1,516605,Titular único
99080200,1,792136,Titular único
99080201,1,397749,Titular único
99080311,1,523572,Titular único
99080402,1,804332,Titular único
99080501,1,517493,Titular único
99080502,1,914811,Titular único
99080607,1,800221,Titular único
99080700,1,791528,Titular único
99080702,1,76911,Titular único
99080811,1,793890,Titular único
99080813,1,92682,Titular único
99080900,1,527987,Titular único
99080913,1,792149,Titular único
99080928,1,521546,Titular único
99081106,1,150518,Titular único
99081107,1,355129,Titular único
99081200,1,518572,Titular único
99081300,1,521300,Titular único
99081301,1,523382,Titular único
99081401,2,,Múltiples titulares
99081500,1,523081,Titular único
99081600,1,194766,Titular único
99081605,2,,Múltiples titulares
99081606,1,522762,Titular único
99081701,2,,Múltiples titulares
99081703,1,142390,Titular único
99081801,1,790541,Titular único
99081803,1,435684,Titular único
99081806,1,113134,Titular único
99081808,1,142597,Titular único
99081816,1,60179,Titular único
99081900,1,805282,Titular único
99081902,1,521906,Titular único
99081910,1,523280,Titular único
99082003,1,455097,Titular único
99082005,1,669197,Titular único
99082200,1,530443,Titular único
99082207,1,860085,Titular único
99082301,1,795612,Titular único
99082307,1,354179,Titular único
99082309,1,519598,Titular único
99082400,1,397735,Titular único
99082401,1,804117,Titular único
99082404,1,803101,Titular único
99082407,1,182232,Titular único
99082507,1,517523,Titular único
99082511,1,208435,Titular único
99082523,1,194085,Titular único
99082602,2,,Múltiples titulares
99082604,1,112308,Titular único
99082702,1,519353,Titular único
99082710,1,925309,Titular único
99082713,1,804194,Titular único
99082714,1,524295,Titular único
99083000,1,634838,Titular único
99083002,1,796898,Titular único
99083014,1,302916,Titular único
99083101,1,795969,Titular único
99090100,1,463662,Titular único
99090102,1,352202,Titular único
99090204,2,,Múltiples titulares
99090301,2,,Múltiples titulares
99090403,1,111885,Titular único
99090500,1,528299,Titular único
99090602,1,366406,Titular único
99090800,1,121904,Titular único
99090809,1,519406,Titular único
99090904,1,516253,Titular único
99090906,1,139913,Titular único
99090928,1,303316,Titular único
99091101,1,30864,Titular único
99091103,1,791897,Titular único
99091104,1,793138,Titular único
99091107,2,,Múltiples titulares
99091206,1,521656,Titular único
99091301,1,934054,Titular único
99091306,1,520866,Titular único
99091307,1,800118,Titular único
99091310,1,800118,Titular único
99091402,1,166975,Titular único
99091404,1,32316,Titular único
99091408,2,,Múltiples titulares
99091418,1,523275,Titular único
99091500,1,804271,Titular único
99091501,1,528962,Titular único
99091607,1,519092,Titular único
99091610,1,303255,Titular único
99091612,1,792625,Titular único
99091700,1,72510,Titular único
99091706,1,528511,Titular único
99091707,1,296671,Titular único
99091708,2,,Múltiples titulares
99091710,1,528511,Titular único
99091718,1,791529,Titular único
99091739,1,804281,Titular único
99091806,1,801660,Titular único
99091809,1,794817,Titular único
99091901,2,,Múltiples titulares
99091904,1,519647,Titular único
99092001,1,521554,Titular único
99092006,1,795918,Titular único
99092007,1,520183,Titular único
99092100,2,,Múltiples titulares
99092104,1,521731,Titular único
99092108,1,353780,Titular único
99092112,1,113445,Titular único
99092203,1,162236,Titular único
99092206,3,,Múltiples titulares
99092207,1,211025,Titular único
99092304,1,803683,Titular único
99092401,1,792732,Titular único
99092407,1,799213,Titular único
99092506,1,634625,Titular único
99092602,2,,Múltiples titulares
99092702,1,519234,Titular único
99092800,3,,Múltiples titulares
99092816,1,76414,Titular único
99092902,2,,Múltiples titulares
99092904,2,,Múltiples titulares
99093012,1,796502,Titular único
99100108,2,,Múltiples titulares
99100300,1,823834,Titular único
99100301,1,208043,Titular único
99100304,1,798481,Titular único
99100402,1,574507,Titular único
99100500,1,801805,Titular único
99100502,1,30613,Titular único
99100603,1,796864,Titular único
99100605,1,790417,Titular único
99100609,1,360675,Titular único
99100705,1,787137,Titular único
99100906,1,797330,Titular único
99101008,1,381447,Titular único
99101101,1,76970,Titular único
99101103,1,108834,Titular único
99101306,1,521267,Titular único
99101401,1,522538,Titular único
99101508,1,244336,Titular único
99101805,1,525843,Titular único
99101807,1,657953,Titular único
99102003,1,527860,Titular único
99102308,1,804113,Titular único
99102401,1,792918,Titular único
99102404,1,291194,Titular único
99102500,1,527265,Titular único
99102506,1,795278,Titular único
99102600,2,,Múltiples titulares
99102601,1,798611,Titular único
99102602,1,397811,Titular único
99102702,1,523192,Titular único
99102707,1,799095,Titular único
99102804,1,524743,Titular único
99102807,1,524390,Titular único
99102900,2,,Múltiples titulares
99102901,1,210178,Titular único
99102902,2,,Múltiples titulares
99102905,1,795812,Titular único
99102906,1,801568,Titular único
99103029,1,528412,Titular único
99103110,1,809043,Titular único
99110101,1,519571,Titular único
99110200,1,396315,Titular único
99110204,1,85333,Titular único
99110301,1,321418,Titular único
99110311,1,397389,Titular único
99110400,1,807340,Titular único
99110401,1,790579,Titular único
99110404,1,354678,Titular único
99110406,1,397800,Titular único
99110500,1,793051,Titular único
99110502,1,114471,Titular único
99110508,1,794668,Titular único
99110710,1,522570,Titular único
99110802,1,667239,Titular único
99110807,1,518572,Titular único
99111100,2,,Múltiples titulares
99111101,1,396503,Titular único
99111102,1,792999,Titular único
99111103,1,791481,Titular único
99111201,1,525584,Titular único
99111203,1,397723,Titular único
99111300,1,174461,Titular único
99111304,1,122564,Titular único
99111400,1,521536,Titular único
99111605,2,,Múltiples titulares
99111609,1,802729,Titular único
99111701,1,529363,Titular único
99111703,1,793218,Titular único
99111810,1,59131,Titular único
99111903,1,397880,Titular único
99112001,1,912406,Titular único
99112100,1,58864,Titular único
99112105,2,,Múltiples titulares
99112304,1,799553,Titular único
99112308,1,518645,Titular único
99112400,2,,Múltiples titulares
99112404,1,204043,Titular único
99112405,2,,Múltiples titulares
99112501,1,791275,Titular único
99112507,1,669083,Titular único
99112600,1,522218,Titular único
99112601,1,75505,Titular único
99112606,1,353557,Titular único
99112700,1,799673,Titular único
99112800,1,632516,Titular único
99112801,1,793316,Titular único
99112900,1,204552,Titular único
99112903,1,523364,Titular único
99112904,1,800700,Titular único
99112908,1,203637,Titular único
99113008,1,791822,Titular único
99113009,1,524905,Titular único
99120100,2,,Múltiples titulares
99120101,1,731432,Titular único
99120104,1,518741,Titular único
99120105,1,798511,Titular único
99120200,1,795813,Titular único
99120203,1,526184,Titular único
99120212,1,528545,Titular único
99120302,3,,Múltiples titulares
99120303,1,204998,Titular único
99120307,1,799669,Titular único
99120308,1,354268,Titular único
99120402,2,,Múltiples titulares
99120404,1,194767,Titular único
99120500,1,932901,Titular único
99120601,1,525142,Titular único
99120604,1,520715,Titular único
99120701,1,397829,Titular único
99120706,1,522354,Titular único
99120708,1,519759,Titular único
99120800,1,793793,Titular único
99120801,1,113862,Titular único
99120901,2,,Múltiples titulares
99120904,1,520997,Titular único
99120912,1,634811,Titular único
99121009,1,717694,Titular único
99121106,1,174177,Titular único
99121201,1,404132,Titular único
99121204,1,521463,Titular único
99121205,1,527813,Titular único
99121206,1,796437,Titular único
99121301,1,527931,Titular único
99121309,2,,Múltiples titulares
99121408,1,194932,Titular único
99121500,2,,Múltiples titulares
99121606,1,111874,Titular único
99121608,1,520456,Titular único
99121700,1,793264,Titular único
99121704,2,,Múltiples titulares
99121803,2,,Múltiples titulares
99121900,1,4396,Titular único
99121904,1,516048,Titular único
99121906,1,804969,Titular único
99122002,1,162146,Titular único
99122103,1,520537,Titular único
99122208,1,793977,Titular único
99122302,1,101724,Titular único
99122304,1,791214,Titular único
99122311,1,525000,Titular único
99122502,1,931257,Titular único
99122600,1,524998,Titular único
99122604,1,519658,Titular único
99122703,2,,Múltiples titulares
99122731,1,522517,Titular único
99122801,1,787100,Titular único
99122902,1,31815,Titular único
99123005,1,42386,Titular único
99123105,1,125395,Titular único
99190521,1,361786,Titular único
